municipio_origem,municipio_destino,destino_eh_batalhao_candidato,distance_km,duration_min
Acaraú,Acaraú,False,0.0,0.0
Acaraú,Acopiara,False,452.281,472.19
Acaraú,Amontada,False,75.6956,71.18
Acaraú,Aquiraz,False,255.4187,245.721667
Acaraú,Aracati,False,374.9033,354.506667
Acaraú,Aracoiaba,False,298.8005,275.626667
Acaraú,Aurora,False,687.8727,611.676667
Acaraú,Barbalha,False,667.0031,648.623333
Acaraú,Baturité,False,310.7296,288.276667
Acaraú,Beberibe,False,308.7124,297.24
Acaraú,Bela Cruz,False,26.8803,27.92
Acaraú,Boa Viagem,False,318.0213,326.456667
Acaraú,Brejo Santo,False,742.2051,644.278333
Acaraú,Camocim,False,119.5853,111.758333
Acaraú,Campos Sales,False,629.5368,580.481667
Acaraú,Canindé,False,255.2049,257.128333
Acaraú,Caririaçu,False,615.6536,617.226667
Acaraú,Cascavel,False,287.9748,277.643333
Acaraú,Caucaia,True,218.3694,207.711667
Acaraú,Cedro,False,544.1344,561.753333
Acaraú,Chorozinho,False,291.3784,280.256667
Acaraú,Crateús,True,322.6091,305.183333
Acaraú,Crato,False,646.9558,628.801667
Acaraú,Cruz,False,9.803,10.933333
Acaraú,Eusébio,True,248.0064,236.485
Acaraú,Forquilha,False,117.6791,110.578333
Acaraú,Fortaleza,False,234.3671,226.858333
Acaraú,Granja,False,93.0977,89.281667
Acaraú,Guaiúba,False,254.0933,237.681667
Acaraú,Guaraciaba do Norte,False,203.4542,200.043333
Acaraú,Horizonte,True,273.0608,271.741667
Acaraú,Ibiapina,False,183.0554,175.96
Acaraú,Icapuí,False,426.9723,399.311667
Acaraú,Icó,False,603.812,540.006667
Acaraú,Iguatu,False,489.3205,510.321667
Acaraú,Independência,False,367.5349,347.605
Acaraú,Ipu,False,210.7599,200.733333
Acaraú,Ipueiras,False,235.5647,223.408333
Acaraú,Itaitinga,False,253.6712,242.623333
Acaraú,Itapajé,False,144.7397,140.13
Acaraú,Itapipoca,True,107.1939,104.305
Acaraú,Itarema,False,24.2307,25.73
Acaraú,Jaguaribe,False,534.9128,487.516667
Acaraú,Jaguaruana,False,408.2323,389.113333
Acaraú,Jardim,False,704.1561,683.333333
Acaraú,Juazeiro do Norte,True,643.2488,637.68
Acaraú,Lavras da Mangabeira,False,661.836,582.94
Acaraú,Limoeiro do Norte,False,420.5324,403.953333
Acaraú,Maracanaú,False,232.493,222.641667
Acaraú,Maranguape,False,234.814,224.258333
Acaraú,Marco,False,35.4602,34.17
Acaraú,Massapê,False,94.1464,92.155
Acaraú,Mauriti,False,733.4344,640.676667
Acaraú,Milagres,False,720.8712,628.501667
Acaraú,Missão Velha,False,748.0411,650.918333
Acaraú,Mombaça,False,405.0873,423.256667
Acaraú,Morada Nova,False,387.9238,380.313333
Acaraú,Nova Russas,False,266.0624,252.095
Acaraú,Novo Oriente,False,363.5518,342.861667
Acaraú,Ocara,False,316.6664,293.343333
Acaraú,Pacajus,False,276.6042,265.493333
Acaraú,Pacatuba,False,246.2589,231.62
Acaraú,Paracuru,False,165.4528,162.695
Acaraú,Paraipaba,False,148.8309,142.305
Acaraú,Parambu,False,456.7174,429.293333
Acaraú,Pedra Branca,False,359.3427,371.77
Acaraú,Pentecoste,False,166.4235,169.685
Acaraú,Quixadá,True,380.3276,360.583333
Acaraú,Quixeramobim,False,385.8047,381.448333
Acaraú,Redenção,False,280.7798,259.615
Acaraú,Russas,True,389.5568,372.846667
Acaraú,Santa Quitéria,False,186.1741,183.208333
Acaraú,Santana do Acaraú,False,72.5077,68.781667
Acaraú,Senador Pompeu,False,410.4302,422.933333
Acaraú,Sobral,True,108.3581,103.913333
Acaraú,São Benedito,False,197.6928,191.54
Acaraú,São Gonçalo do Amarante,False,172.5317,164.535
Acaraú,Tabuleiro do Norte,False,431.9785,414.936667
Acaraú,Tamboril,False,251.6673,245.393333
Acaraú,Tauá,False,440.2574,415.573333
Acaraú,Tianguá,False,190.0567,178.778333
Acaraú,Trairi,False,133.0989,128.196667
Acaraú,Ubajara,False,190.4461,184.128333
Acaraú,Viçosa do Ceará,False,164.2935,160.926667
Acaraú,Várzea Alegre,False,549.2232,575.281667
Acopiara,Acaraú,False,451.6924,473.425
Acopiara,Acopiara,False,0.0,0.0
Acopiara,Amontada,False,426.2738,445.49
Acopiara,Aquiraz,False,338.4671,355.313333
Acopiara,Aracati,False,319.1531,312.721667
Acopiara,Aracoiaba,False,256.2168,278.505
Acopiara,Aurora,False,163.3416,153.105
Acopiara,Barbalha,False,203.3159,181.621667
Acopiara,Baturité,False,263.7093,285.446667
Acopiara,Beberibe,False,341.1749,340.521667
Acopiara,Bela Cruz,False,439.7255,463.458333
Acopiara,Boa Viagem,False,135.0321,148.938333
Acopiara,Brejo Santo,False,230.5882,196.02
Acopiara,Camocim,False,484.2202,500.438333
Acopiara,Campos Sales,False,195.3122,187.771667
Acopiara,Canindé,False,237.8406,247.381667
Acopiara,Caririaçu,False,164.7081,147.965
Acopiara,Cascavel,False,315.5378,331.903333
Acopiara,Caucaia,True,343.1816,348.176667
Acopiara,Cedro,False,93.1889,92.491667
Acopiara,Chorozinho,False,275.4761,291.856667
Acopiara,Crateús,True,214.7855,217.055
Acopiara,Crato,False,203.2766,176.836667
Acopiara,Cruz,False,456.8073,478.243333
Acopiara,Eusébio,True,331.0548,346.076667
Acopiara,Forquilha,False,335.3626,365.566667
Acopiara,Fortaleza,False,339.2892,356.95
Acopiara,Granja,False,458.8623,481.165
Acopiara,Guaiúba,False,301.6089,320.27
Acopiara,Guaraciaba do Norte,False,346.6566,339.986667
Acopiara,Horizonte,True,299.2925,325.933333
Acopiara,Ibiapina,False,383.3674,374.561667
Acopiara,Icapuí,False,370.1025,356.216667
Acopiara,Icó,False,91.3275,90.476667
Acopiara,Iguatu,False,38.375,41.06
Acopiara,Independência,False,165.0237,170.038333
Acopiara,Ipu,False,321.8951,316.991667
Acopiara,Ipueiras,False,296.5697,292.965
Acopiara,Itaitinga,False,315.1225,330.345
Acopiara,Itapajé,False,364.9229,382.281667
Acopiara,Itapipoca,True,395.5713,415.85
Acopiara,Itarema,False,467.512,493.348333
Acopiara,Jaguaribe,False,160.057,142.568333
Acopiara,Jaguaruana,False,297.0658,288.618333
Acopiara,Jardim,False,240.4689,216.331667
Acopiara,Juazeiro do Norte,True,192.3033,168.418333
Acopiara,Lavras da Mangabeira,False,130.5954,124.295
Acopiara,Limoeiro do Norte,False,238.4561,235.75
Acopiara,Maracanaú,False,323.4789,336.376667
Acopiara,Maranguape,False,325.6373,338.656667
Acopiara,Marco,False,430.7662,453.681667
Acopiara,Massapê,False,373.3677,402.426667
Acopiara,Mauriti,False,221.8175,192.418333
Acopiara,Milagres,False,209.2543,180.243333
Acopiara,Missão Velha,False,213.8264,188.808333
Acopiara,Mombaça,False,48.3555,53.578333
Acopiara,Morada Nova,False,202.3138,199.366667
Acopiara,Nova Russas,False,273.9069,271.481667
Acopiara,Novo Oriente,False,213.0003,218.151667
Acopiara,Ocara,False,249.184,266.513333
Acopiara,Pacajus,False,288.9768,303.425
Acopiara,Pacatuba,False,309.6856,324.961667
Acopiara,Paracuru,False,397.4543,406.82
Acopiara,Paraipaba,False,401.8628,411.77
Acopiara,Parambu,False,183.8222,181.505
Acopiara,Pedra Branca,False,92.6016,102.71
Acopiara,Pentecoste,False,346.7348,359.291667
Acopiara,Quixadá,True,174.6029,193.035
Acopiara,Quixeramobim,False,132.6602,150.38
Acopiara,Redenção,False,279.5541,306.546667
Acopiara,Russas,True,256.4653,251.901667
Acopiara,Santa Quitéria,False,265.7936,290.881667
Acopiara,Santana do Acaraú,False,379.963,407.126667
Acopiara,Senador Pompeu,False,78.2043,88.911667
Acopiara,Sobral,True,352.0231,382.175
Acopiara,São Benedito,False,369.0769,362.671667
Acopiara,São Gonçalo do Amarante,False,381.7096,384.74
Acopiara,Tabuleiro do Norte,False,229.7138,224.675
Acopiara,Tamboril,False,240.3173,263.455
Acopiara,Tauá,False,124.024,136.371667
Acopiara,Tianguá,False,409.2579,399.173333
Acopiara,Trairi,False,410.8603,443.571667
Acopiara,Ubajara,False,392.9527,384.343333
Acopiara,Viçosa do Ceará,False,440.2544,420.681667
Acopiara,Várzea Alegre,False,98.2777,106.02
Amontada,Acaraú,False,75.535,71.095
Amontada,Acopiara,False,426.5196,443.646667
Amontada,Amontada,False,0.0,0.0
Amontada,Aquiraz,False,187.6206,181.66
Amontada,Aracati,False,307.1052,290.445
Amontada,Aracoiaba,False,231.0024,211.565
Amontada,Aurora,False,620.0746,547.615
Amontada,Barbalha,False,694.6896,595.856667
Amontada,Baturité,False,242.9315,224.215
Amontada,Beberibe,False,240.9143,233.178333
Amontada,Bela Cruz,False,63.568,61.128333
Amontada,Boa Viagem,False,291.9209,296.605
Amontada,Brejo Santo,False,674.407,580.216667
Amontada,Camocim,False,190.4321,176.738333
Amontada,Campos Sales,False,602.4516,554.971667
Amontada,Canindé,False,190.206,200.241667
Amontada,Caririaçu,False,656.0818,562.2
Amontada,Cascavel,False,220.1767,213.581667
Amontada,Caucaia,True,151.6414,144.785
Amontada,Cedro,False,536.4188,507.601667
Amontada,Chorozinho,False,223.5803,216.195
Amontada,Crateús,True,295.5239,279.673333
Amontada,Crato,False,694.6503,591.071667
Amontada,Cruz,False,80.6498,75.913333
Amontada,Eusébio,True,180.2083,172.423333
Amontada,Forquilha,False,90.5939,85.068333
Amontada,Fortaleza,False,166.5689,162.796667
Amontada,Granja,False,163.9444,154.261667
Amontada,Guaiúba,False,186.2952,173.62
Amontada,Guaraciaba do Norte,False,176.369,174.533333
Amontada,Horizonte,True,205.2627,207.68
Amontada,Ibiapina,False,155.9702,150.45
Amontada,Icapuí,False,359.1742,335.25
Amontada,Icó,False,536.0139,475.945
Amontada,Iguatu,False,463.5591,481.778333
Amontada,Independência,False,340.4497,322.095
Amontada,Ipu,False,183.6747,175.223333
Amontada,Ipueiras,False,208.4795,197.898333
Amontada,Itaitinga,False,185.8731,178.561667
Amontada,Itapajé,False,70.1332,70.765
Amontada,Itapipoca,True,32.5873,34.94
Amontada,Itarema,False,55.9172,54.716667
Amontada,Jaguaribe,False,467.1147,423.455
Amontada,Jaguaruana,False,340.4342,325.051667
Amontada,Jardim,False,731.8426,630.566667
Amontada,Juazeiro do Norte,True,683.6769,582.653333
Amontada,Lavras da Mangabeira,False,594.0379,518.878333
Amontada,Limoeiro do Norte,False,352.7343,339.891667
Amontada,Maracanaú,False,164.6949,158.58
Amontada,Maranguape,False,167.0159,160.196667
Amontada,Marco,False,54.6087,51.351667
Amontada,Massapê,False,91.2908,88.951667
Amontada,Mauriti,False,665.6363,576.615
Amontada,Milagres,False,653.0731,564.44
Amontada,Missão Velha,False,680.243,586.856667
Amontada,Mombaça,False,379.3259,394.713333
Amontada,Morada Nova,False,320.1257,316.251667
Amontada,Nova Russas,False,238.9772,226.585
Amontada,Novo Oriente,False,336.4665,317.351667
Amontada,Ocara,False,248.8683,229.281667
Amontada,Pacajus,False,208.8061,201.431667
Amontada,Pacatuba,False,178.4608,167.558333
Amontada,Paracuru,False,106.0096,108.555
Amontada,Paraipaba,False,89.3878,88.165
Amontada,Parambu,False,429.6322,403.783333
Amontada,Pedra Branca,False,333.5813,343.226667
Amontada,Pentecoste,False,91.817,100.32
Amontada,Quixadá,True,312.5294,296.521667
Amontada,Quixeramobim,False,319.0659,323.065
Amontada,Redenção,False,212.9817,195.553333
Amontada,Russas,True,321.7587,308.785
Amontada,Santa Quitéria,False,159.0889,157.698333
Amontada,Santana do Acaraú,False,69.6521,65.578333
Amontada,Senador Pompeu,False,373.5843,382.43
Amontada,Sobral,True,81.6746,79.428333
Amontada,São Benedito,False,170.6076,166.03
Amontada,São Gonçalo do Amarante,False,113.0885,110.395
Amontada,Tabuleiro do Norte,False,364.1804,350.875
Amontada,Tamboril,False,224.5821,219.883333
Amontada,Tauá,False,415.6856,387.5
Amontada,Tianguá,False,170.4375,157.236667
Amontada,Trairi,False,83.4113,84.528333
Amontada,Ubajara,False,163.3609,158.618333
Amontada,Viçosa do Ceará,False,200.8228,179.095
Amontada,Várzea Alegre,False,523.4618,546.738333
Aquiraz,Acaraú,False,256.1614,245.441667
Aquiraz,Acopiara,False,344.3585,358.045
Aquiraz,Amontada,False,188.7912,183.156667
Aquiraz,Aquiraz,False,0.0,0.0
Aquiraz,Aracati,False,121.6167,113.208333
Aquiraz,Aracoiaba,False,94.8493,86.803333
Aquiraz,Aurora,False,452.0396,386.696667
Aquiraz,Barbalha,False,526.6546,434.938333
Aquiraz,Baturité,False,106.7784,99.453333
Aquiraz,Beberibe,False,55.4259,55.941667
Aquiraz,Bela Cruz,False,251.2928,242.731667
Aquiraz,Boa Viagem,False,241.9806,234.185
Aquiraz,Brejo Santo,False,506.3721,419.298333
Aquiraz,Camocim,False,374.6626,352.975
Aquiraz,Campos Sales,False,569.1123,493.74
Aquiraz,Canindé,False,140.2658,137.821667
Aquiraz,Caririaçu,False,488.0468,401.281667
Aquiraz,Cascavel,False,34.6882,36.345
Aquiraz,Caucaia,True,45.2468,48.805
Aquiraz,Cedro,False,411.3792,355.825
Aquiraz,Chorozinho,False,70.0317,72.293333
Aquiraz,Crateús,True,376.9165,352.183333
Aquiraz,Crato,False,526.6153,430.153333
Aquiraz,Cruz,False,264.8803,252.15
Aquiraz,Eusébio,True,8.9107,12.733333
Aquiraz,Forquilha,False,236.4038,215.226667
Aquiraz,Fortaleza,False,29.379,37.785
Aquiraz,Granja,False,348.1749,330.498333
Aquiraz,Guaiúba,False,50.1421,48.858333
Aquiraz,Guaraciaba do Norte,False,323.8468,323.231667
Aquiraz,Horizonte,True,35.7697,58.588333
Aquiraz,Ibiapina,False,325.9328,304.118333
Aquiraz,Icapuí,False,173.6858,158.013333
Aquiraz,Icó,False,367.9789,315.026667
Aquiraz,Iguatu,False,361.8993,363.163333
Aquiraz,Independência,False,327.1548,305.166667
Aquiraz,Ipu,False,318.0509,305.905
Aquiraz,Ipueiras,False,325.4603,312.333333
Aquiraz,Itaitinga,False,29.6947,35.56
Aquiraz,Itapajé,False,151.8253,142.065
Aquiraz,Itapipoca,True,158.0888,153.516667
Aquiraz,Itarema,False,231.712,227.316667
Aquiraz,Jaguaribe,False,299.0797,262.536667
Aquiraz,Jaguaruana,False,163.5395,150.141667
Aquiraz,Jardim,False,563.8076,469.648333
Aquiraz,Juazeiro do Norte,True,515.6419,421.735
Aquiraz,Lavras da Mangabeira,False,426.0029,357.96
Aquiraz,Limoeiro do Norte,False,184.6993,178.973333
Aquiraz,Maracanaú,False,34.1576,39.021667
Aquiraz,Maranguape,False,41.016,45.208333
Aquiraz,Marco,False,242.3335,232.955
Aquiraz,Massapê,False,275.3781,253.971667
Aquiraz,Mauriti,False,497.6014,415.696667
Aquiraz,Milagres,False,485.0382,403.521667
Aquiraz,Missão Velha,False,512.2081,425.938333
Aquiraz,Mombaça,False,304.8318,312.526667
Aquiraz,Morada Nova,False,166.5772,172.35
Aquiraz,Nova Russas,False,325.3617,313.371667
Aquiraz,Novo Oriente,False,418.8138,389.983333
Aquiraz,Ocara,False,102.4046,104.223333
Aquiraz,Pacajus,False,55.579,57.371667
Aquiraz,Pacatuba,False,42.3077,42.796667
Aquiraz,Paracuru,False,111.5233,111.865
Aquiraz,Paraipaba,False,115.9318,116.815
Aquiraz,Parambu,False,426.475,370.536667
Aquiraz,Pedra Branca,False,283.6411,280.806667
Aquiraz,Pentecoste,False,113.9905,112.645
Aquiraz,Quixadá,True,169.1788,166.788333
Aquiraz,Quixeramobim,False,212.086,211.09
Aquiraz,Redenção,False,76.8286,70.791667
Aquiraz,Russas,True,153.7238,147.866667
Aquiraz,Santa Quitéria,False,243.6312,236.87
Aquiraz,Santana do Acaraú,False,257.3768,247.181667
Aquiraz,Senador Pompeu,False,265.884,271.971667
Aquiraz,Sobral,True,254.0336,233.72
Aquiraz,São Benedito,False,340.5702,319.698333
Aquiraz,São Gonçalo do Amarante,False,83.5389,84.828333
Aquiraz,Tabuleiro do Norte,False,196.1454,189.956667
Aquiraz,Tamboril,False,309.2466,299.15
Aquiraz,Tauá,False,365.7453,325.08
Aquiraz,Tianguá,False,340.4001,310.905
Aquiraz,Trairi,False,147.7873,148.633333
Aquiraz,Ubajara,False,333.3235,312.286667
Aquiraz,Viçosa do Ceará,False,370.7854,332.763333
Aquiraz,Várzea Alegre,False,466.1038,392.721667
Aracati,Acaraú,False,374.5939,352.778333
Aracati,Acopiara,False,323.3472,311.786667
Aracati,Amontada,False,307.2236,290.493333
Aracati,Aquiraz,False,120.2493,111.583333
Aracati,Aracati,False,0.0,0.0
Aracati,Aracoiaba,False,138.8614,135.066667
Aracati,Aurora,False,369.7575,306.383333
Aracati,Barbalha,False,444.3725,354.625
Aracati,Baturité,False,150.7905,147.716667
Aracati,Beberibe,False,69.3958,62.321667
Aracati,Bela Cruz,False,369.7252,350.068333
Aracati,Boa Viagem,False,316.3924,305.1
Aracati,Brejo Santo,False,424.0899,338.985
Aracati,Camocim,False,493.0951,460.311667
Aracati,Campos Sales,False,494.811,429.928333
Aracati,Canindé,False,215.0385,221.286667
Aracati,Caririaçu,False,405.7647,320.968333
Aracati,Cascavel,False,87.2394,78.503333
Aracati,Caucaia,True,163.6793,156.141667
Aracati,Cedro,False,329.0971,275.511667
Aracati,Chorozinho,False,100.6739,86.531667
Aracati,Crateús,True,424.9129,410.915
Aracati,Crato,False,444.3332,349.84
Aracati,Cruz,False,383.3128,359.486667
Aracati,Eusébio,True,127.3431,120.07
Aracati,Forquilha,False,354.8362,322.563333
Aracati,Fortaleza,False,147.8114,145.121667
Aracati,Granja,False,466.6074,437.835
Aracati,Guaiúba,False,152.4085,138.533333
Aracati,Guaraciaba do Norte,False,399.607,407.276667
Aracati,Horizonte,True,124.4903,120.608333
Aracati,Ibiapina,False,444.3653,411.455
Aracati,Icapuí,False,54.7401,49.981667
Aracati,Icó,False,285.6968,234.713333
Aracati,Iguatu,False,338.3693,284.011667
Aracati,Independência,False,375.1511,363.898333
Aracati,Ipu,False,393.8111,389.95
Aracati,Ipueiras,False,401.2206,396.378333
Aracati,Itaitinga,False,131.5926,124.165
Aracati,Itapajé,False,270.2577,249.401667
Aracati,Itapipoca,True,276.5212,260.853333
Aracati,Itarema,False,350.1444,334.653333
Aracati,Jaguaribe,False,216.7976,182.223333
Aracati,Jaguaruana,False,51.7495,48.315
Aracati,Jardim,False,481.5255,389.335
Aracati,Juazeiro do Norte,True,433.3598,341.421667
Aracati,Lavras da Mangabeira,False,343.7208,277.646667
Aracati,Limoeiro do Norte,False,102.4172,98.66
Aracati,Maracanaú,False,152.59,146.358333
Aracati,Maranguape,False,159.4363,149.141667
Aracati,Marco,False,360.7659,340.291667
Aracati,Massapê,False,393.8106,361.308333
Aracati,Mauriti,False,415.3193,335.383333
Aracati,Milagres,False,402.756,323.208333
Aracati,Missão Velha,False,429.9259,345.625
Aracati,Mombaça,False,326.1541,310.678333
Aracati,Morada Nova,False,123.6418,115.798333
Aracati,Nova Russas,False,401.1219,397.416667
Aracati,Novo Oriente,False,466.8102,448.715
Aracati,Ocara,False,109.7293,105.715
Aracati,Pacajus,False,114.1746,98.1
Aracati,Pacatuba,False,143.4846,135.446667
Aracati,Paracuru,False,229.9558,219.201667
Aracati,Paraipaba,False,234.3642,224.151667
Aracati,Parambu,False,474.4619,429.321667
Aracati,Pedra Branca,False,302.7291,296.57
Aracati,Pentecoste,False,232.423,219.981667
Aracati,Quixadá,True,176.5035,168.28
Aracati,Quixeramobim,False,219.4108,212.581667
Aracati,Redenção,False,134.0423,129.018333
Aracati,Russas,True,71.4417,67.553333
Aracati,Santa Quitéria,False,319.3914,320.915
Aracati,Santana do Acaraú,False,375.8093,354.518333
Aracati,Senador Pompeu,False,287.5519,267.803333
Aracati,Sobral,True,372.466,341.056667
Aracati,São Benedito,False,459.0026,427.035
Aracati,São Gonçalo do Amarante,False,201.9713,192.165
Aracati,Tabuleiro do Norte,False,113.8633,109.643333
Aracati,Tamboril,False,385.0068,383.195
Aracati,Tauá,False,413.7322,383.865
Aracati,Tianguá,False,458.8325,418.241667
Aracati,Trairi,False,266.2197,255.97
Aracati,Ubajara,False,451.7559,419.623333
Aracati,Viçosa do Ceará,False,489.2178,440.1
Aracati,Várzea Alegre,False,383.8217,312.408333
Aracoiaba,Acaraú,False,298.5673,273.05
Aracoiaba,Acopiara,False,256.7054,277.08
Aracoiaba,Amontada,False,231.1971,210.765
Aracoiaba,Aquiraz,False,94.3497,85.825
Aracoiaba,Aracati,False,139.7689,136.211667
Aracoiaba,Aracoiaba,False,0.0,0.0
Aracoiaba,Aurora,False,368.4984,348.935
Aracoiaba,Barbalha,False,415.8313,385.99
Aracoiaba,Baturité,False,12.217,13.473333
Aracoiaba,Beberibe,False,100.6689,105.021667
Aracoiaba,Bela Cruz,False,293.6987,270.34
Aracoiaba,Boa Viagem,False,178.1798,183.556667
Aracoiaba,Brejo Santo,False,422.8308,381.536667
Aracoiaba,Camocim,False,358.1361,373.998333
Aracoiaba,Campos Sales,False,432.4134,430.283333
Aracoiaba,Canindé,False,76.465,87.043333
Aracoiaba,Caririaçu,False,377.2236,352.333333
Aracoiaba,Cascavel,False,81.8207,87.586667
Aracoiaba,Caucaia,True,87.6527,76.413333
Aracoiaba,Cedro,False,305.7043,296.86
Aracoiaba,Chorozinho,False,40.4863,53.946667
Aracoiaba,Crateús,True,313.1158,301.555
Aracoiaba,Crato,False,415.792,381.205
Aracoiaba,Cruz,False,307.2862,279.758333
Aracoiaba,Eusébio,True,86.9373,76.588333
Aracoiaba,Forquilha,False,215.0203,235.248333
Aracoiaba,Fortaleza,False,83.3604,79.35
Aracoiaba,Granja,False,331.5793,352.668333
Aracoiaba,Guaiúba,False,45.6801,42.67
Aracoiaba,Guaraciaba do Norte,False,261.0335,273.033333
Aracoiaba,Horizonte,True,62.08,78.185
Aracoiaba,Ibiapina,False,297.6136,307.143333
Aracoiaba,Icapuí,False,191.8379,181.016667
Aracoiaba,Icó,False,283.5702,275.993333
Aracoiaba,Iguatu,False,274.2463,282.198333
Aracoiaba,Independência,False,263.354,254.538333
Aracoiaba,Ipu,False,255.2376,255.706667
Aracoiaba,Ipueiras,False,262.6471,262.135
Aracoiaba,Itaitinga,False,64.6886,57.483333
Aracoiaba,Itapajé,False,194.2312,169.673333
Aracoiaba,Itapipoca,True,200.4947,181.125
Aracoiaba,Itarema,False,274.1179,254.925
Aracoiaba,Jaguaribe,False,266.0059,253.3
Aracoiaba,Jaguaruana,False,156.4097,161.32
Aracoiaba,Jardim,False,452.9843,420.7
Aracoiaba,Juazeiro do Norte,True,404.8187,372.786667
Aracoiaba,Lavras da Mangabeira,False,342.4617,320.198333
Aracoiaba,Limoeiro do Norte,False,168.7098,176.16
Aracoiaba,Maracanaú,False,67.5501,58.776667
Aracoiaba,Maranguape,False,69.7085,61.056667
Aracoiaba,Marco,False,284.7393,260.563333
Aracoiaba,Massapê,False,253.0254,272.108333
Aracoiaba,Mauriti,False,414.0602,377.935
Aracoiaba,Milagres,False,401.4969,365.76
Aracoiaba,Missão Velha,False,428.6668,388.176667
Aracoiaba,Mombaça,False,217.1788,231.561667
Aracoiaba,Morada Nova,False,122.009,140.016667
Aracoiaba,Nova Russas,False,262.5484,263.173333
Aracoiaba,Novo Oriente,False,355.013,339.355
Aracoiaba,Ocara,False,36.4124,36.495
Aracoiaba,Pacajus,False,55.2597,59.108333
Aracoiaba,Pacatuba,False,53.7568,47.361667
Aracoiaba,Paracuru,False,153.9293,139.473333
Aracoiaba,Paraipaba,False,158.3377,144.423333
Aracoiaba,Parambu,False,362.6742,319.908333
Aracoiaba,Pedra Branca,False,207.7513,214.113333
Aracoiaba,Pentecoste,False,156.3965,140.253333
Aracoiaba,Quixadá,True,81.8149,85.78
Aracoiaba,Quixeramobim,False,124.433,130.125
Aracoiaba,Redenção,False,23.6253,28.946667
Aracoiaba,Russas,True,137.7343,145.053333
Aracoiaba,Santa Quitéria,False,180.8179,186.671667
Aracoiaba,Santana do Acaraú,False,299.7827,274.79
Aracoiaba,Senador Pompeu,False,178.2309,191.006667
Aracoiaba,Sobral,True,231.6809,251.856667
Aracoiaba,São Benedito,False,283.323,295.253333
Aracoiaba,São Gonçalo do Amarante,False,125.9448,112.436667
Aracoiaba,Tabuleiro do Norte,False,166.5231,182.921667
Aracoiaba,Tamboril,False,246.4333,248.951667
Aracoiaba,Tauá,False,301.9445,274.451667
Aracoiaba,Tianguá,False,318.0474,329.041667
Aracoiaba,Trairi,False,190.1932,176.241667
Aracoiaba,Ubajara,False,300.9383,316.828333
Aracoiaba,Viçosa do Ceará,False,348.4327,350.9
Aracoiaba,Várzea Alegre,False,347.9443,336.953333
Aurora,Acaraú,False,686.7084,606.886667
Aurora,Acopiara,False,163.2197,152.315
Aurora,Amontada,False,619.3382,544.601667
Aurora,Aquiraz,False,453.1985,387.928333
Aurora,Aracati,False,366.0477,307.526667
Aurora,Aracoiaba,False,369.1486,349.233333
Aurora,Aurora,False,0.0,0.0
Aurora,Barbalha,False,81.9262,70.69
Aurora,Baturité,False,376.6411,356.175
Aurora,Beberibe,False,402.3449,338.666667
Aurora,Bela Cruz,False,681.8398,604.176667
Aurora,Boa Viagem,False,297.4584,298.788333
Aurora,Brejo Santo,False,92.6895,77.033333
Aurora,Camocim,False,646.6465,650.288333
Aurora,Campos Sales,False,216.476,188.313333
Aurora,Canindé,False,383.7914,372.021667
Aurora,Caririaçu,False,43.3184,37.033333
Aurora,Cascavel,False,420.1886,354.848333
Aurora,Caucaia,True,475.7939,410.25
Aurora,Cedro,False,70.7378,62.076667
Aurora,Chorozinho,False,398.0198,335.603333
Aurora,Crateús,True,377.2118,366.905
Aurora,Crato,False,81.8868,65.905
Aurora,Cruz,False,695.4273,613.595
Aurora,Eusébio,True,453.5985,389.823333
Aurora,Forquilha,False,497.7889,515.416667
Aurora,Fortaleza,False,462.9372,402.623333
Aurora,Granja,False,621.2886,631.015
Aurora,Guaiúba,False,449.7543,387.605
Aurora,Guaraciaba do Norte,False,509.0829,489.836667
Aurora,Horizonte,True,421.8362,369.68
Aurora,Ibiapina,False,545.7938,524.411667
Aurora,Icapuí,False,372.5462,310.441667
Aurora,Icó,False,86.2438,74.405
Aurora,Iguatu,False,124.992,112.378333
Aurora,Independência,False,327.45,319.888333
Aurora,Ipu,False,484.3214,466.841667
Aurora,Ipueiras,False,458.996,442.815
Aurora,Itaitinga,False,437.6662,374.091667
Aurora,Itapajé,False,582.3723,503.51
Aurora,Itapipoca,True,588.6358,514.961667
Aurora,Itarema,False,662.2591,588.761667
Aurora,Jaguaribe,False,153.0855,124.245
Aurora,Jaguaruana,False,343.9604,283.423333
Aurora,Jardim,False,119.0792,105.4
Aurora,Juazeiro do Norte,True,70.9135,57.486667
Aurora,Lavras da Mangabeira,False,27.3261,30.371667
Aurora,Limoeiro do Norte,False,278.078,223.715
Aurora,Maracanaú,False,463.3514,396.788333
Aurora,Maranguape,False,465.5099,399.068333
Aurora,Marco,False,672.8804,594.4
Aurora,Massapê,False,535.794,552.276667
Aurora,Mauriti,False,83.9188,73.431667
Aurora,Milagres,False,71.3556,61.256667
Aurora,Missão Velha,False,47.3768,71.751667
Aurora,Mombaça,False,210.7818,203.428333
Aurora,Morada Nova,False,297.598,239.256667
Aurora,Nova Russas,False,436.3332,421.331667
Aurora,Novo Oriente,False,381.7725,365.03
Aurora,Ocara,False,362.1158,337.241667
Aurora,Pacajus,False,411.5205,347.171667
Aurora,Pacatuba,False,449.5582,385.373333
Aurora,Paracuru,False,542.0704,473.31
Aurora,Paraipaba,False,546.4788,478.26
Aurora,Parambu,False,352.5945,328.383333
Aurora,Pedra Branca,False,255.028,252.56
Aurora,Pentecoste,False,544.5376,474.09
Aurora,Quixadá,True,287.5348,263.763333
Aurora,Quixeramobim,False,286.601,271.13
Aurora,Redenção,False,392.4859,377.275
Aurora,Russas,True,303.3599,246.706667
Aurora,Santa Quitéria,False,428.2199,440.731667
Aurora,Santana do Acaraú,False,542.3894,556.976667
Aurora,Senador Pompeu,False,233.5528,211.19
Aurora,Sobral,True,514.4495,532.025
Aurora,São Benedito,False,531.5033,512.521667
Aurora,São Gonçalo do Amarante,False,514.0859,446.273333
Aurora,Tabuleiro do Norte,False,263.4876,209.998333
Aurora,Tamboril,False,402.7436,413.305
Aurora,Tauá,False,292.7963,283.25
Aurora,Tianguá,False,571.6843,549.023333
Aurora,Trairi,False,578.3343,510.078333
Aurora,Ubajara,False,555.379,534.193333
Aurora,Viçosa do Ceará,False,602.6808,570.531667
Aurora,Várzea Alegre,False,72.8071,64.888333
Barbalha,Acaraú,False,667.8344,651.035
Barbalha,Acopiara,False,204.3733,183.143333
Barbalha,Amontada,False,695.0883,595.016667
Barbalha,Aquiraz,False,528.9485,438.343333
Barbalha,Aracati,False,441.7977,357.941667
Barbalha,Aracoiaba,False,417.0524,388.121667
Barbalha,Aurora,False,83.0524,72.851667
Barbalha,Barbalha,False,0.0,0.0
Barbalha,Baturité,False,424.5449,395.063333
Barbalha,Beberibe,False,478.095,389.081667
Barbalha,Bela Cruz,False,655.8675,641.068333
Barbalha,Boa Viagem,False,351.6102,326.763333
Barbalha,Brejo Santo,False,61.8404,49.818333
Barbalha,Camocim,False,691.2558,662.318333
Barbalha,Campos Sales,False,157.3111,146.865
Barbalha,Canindé,False,431.6953,410.91
Barbalha,Caririaçu,False,39.8807,36.271667
Barbalha,Cascavel,False,495.9386,405.263333
Barbalha,Caucaia,True,551.5439,460.665
Barbalha,Cedro,False,111.8913,92.905
Barbalha,Chorozinho,False,473.7698,386.018333
Barbalha,Crateús,True,367.0023,365.55
Barbalha,Crato,False,22.7219,24.456667
Barbalha,Cruz,False,672.9493,655.853333
Barbalha,Eusébio,True,529.3485,440.238333
Barbalha,Forquilha,False,551.5046,543.176667
Barbalha,Fortaleza,False,538.6873,453.038333
Barbalha,Granja,False,665.8979,643.045
Barbalha,Guaiúba,False,462.4446,429.886667
Barbalha,Guaraciaba do Norte,False,501.3178,490.333333
Barbalha,Horizonte,True,497.5862,420.095
Barbalha,Ibiapina,False,538.0287,524.908333
Barbalha,Icapuí,False,438.7142,355.691667
Barbalha,Icó,False,161.9938,124.82
Barbalha,Iguatu,False,166.1455,143.206667
Barbalha,Independência,False,340.4551,324.745
Barbalha,Ipu,False,476.5563,467.338333
Barbalha,Ipueiras,False,451.2309,443.311667
Barbalha,Itaitinga,False,513.4162,424.506667
Barbalha,Itapajé,False,558.7776,545.81
Barbalha,Itapipoca,True,664.3859,565.376667
Barbalha,Itarema,False,738.0091,639.176667
Barbalha,Jaguaribe,False,228.8355,174.66
Barbalha,Jaguaruana,False,419.7104,333.838333
Barbalha,Jardim,False,37.4346,35.993333
Barbalha,Juazeiro do Norte,True,13.6347,17.31
Barbalha,Lavras da Mangabeira,False,101.7374,80.508333
Barbalha,Limoeiro do Norte,False,353.828,274.13
Barbalha,Maracanaú,False,484.3146,445.993333
Barbalha,Maranguape,False,486.473,448.273333
Barbalha,Marco,False,646.9082,631.291667
Barbalha,Massapê,False,589.5097,580.036667
Barbalha,Mauriti,False,71.985,60.113333
Barbalha,Milagres,False,49.1588,40.118333
Barbalha,Missão Velha,False,22.6497,18.46
Barbalha,Mombaça,False,251.9353,234.256667
Barbalha,Morada Nova,False,373.348,289.671667
Barbalha,Nova Russas,False,429.0932,423.841667
Barbalha,Novo Oriente,False,322.6076,323.581667
Barbalha,Ocara,False,410.0197,376.13
Barbalha,Pacajus,False,487.2705,397.586667
Barbalha,Pacatuba,False,470.5213,434.578333
Barbalha,Paracuru,False,617.8204,523.725
Barbalha,Paraipaba,False,622.2289,528.675
Barbalha,Parambu,False,293.4296,286.935
Barbalha,Pedra Branca,False,296.1815,283.388333
Barbalha,Pentecoste,False,540.5894,522.82
Barbalha,Quixadá,True,335.4386,302.651667
Barbalha,Quixeramobim,False,334.5048,310.018333
Barbalha,Redenção,False,440.3898,416.163333
Barbalha,Russas,True,379.1099,297.121667
Barbalha,Santa Quitéria,False,481.9355,468.491667
Barbalha,Santana do Acaraú,False,596.105,584.736667
Barbalha,Senador Pompeu,False,281.4567,250.078333
Barbalha,Sobral,True,568.1651,559.785
Barbalha,São Benedito,False,523.7381,513.018333
Barbalha,São Gonçalo do Amarante,False,589.836,496.688333
Barbalha,Tabuleiro do Norte,False,339.2376,260.413333
Barbalha,Tamboril,False,429.9917,425.223333
Barbalha,Tauá,False,233.6313,241.801667
Barbalha,Tianguá,False,563.9191,549.52
Barbalha,Trairi,False,654.0844,560.493333
Barbalha,Ubajara,False,547.6139,534.69
Barbalha,Viçosa do Ceará,False,594.9158,571.028333
Barbalha,Várzea Alegre,False,93.5336,95.04
Baturité,Acaraú,False,310.5208,285.731667
Baturité,Acopiara,False,264.1254,283.835
Baturité,Amontada,False,243.1505,223.446667
Baturité,Aquiraz,False,106.3031,98.506667
Baturité,Aracati,False,151.7223,148.893333
Baturité,Aracoiaba,False,12.2413,13.586667
Baturité,Aurora,False,375.9183,355.69
Baturité,Barbalha,False,423.2513,392.745
Baturité,Baturité,False,0.0,0.0
Baturité,Beberibe,False,112.6223,117.703333
Baturité,Bela Cruz,False,305.6521,283.021667
Baturité,Boa Viagem,False,185.5998,190.311667
Baturité,Brejo Santo,False,430.2508,388.291667
Baturité,Camocim,False,365.5561,380.753333
Baturité,Campos Sales,False,439.8334,437.038333
Baturité,Canindé,False,83.8849,93.798333
Baturité,Caririaçu,False,384.6435,359.088333
Baturité,Cascavel,False,93.7741,100.268333
Baturité,Caucaia,True,99.6062,89.095
Baturité,Cedro,False,313.1243,303.615
Baturité,Chorozinho,False,52.4397,66.628333
Baturité,Crateús,True,320.5357,308.31
Baturité,Crato,False,423.2119,387.96
Baturité,Cruz,False,319.2396,292.44
Baturité,Eusébio,True,98.8907,89.27
Baturité,Forquilha,False,222.4403,242.003333
Baturité,Fortaleza,False,95.3138,92.031667
Baturité,Granja,False,338.9993,359.423333
Baturité,Guaiúba,False,57.6335,55.351667
Baturité,Guaraciaba do Norte,False,268.4534,279.788333
Baturité,Horizonte,True,74.0334,90.866667
Baturité,Ibiapina,False,305.0335,313.898333
Baturité,Icapuí,False,203.7913,193.698333
Baturité,Icó,False,290.9901,282.748333
Baturité,Iguatu,False,281.6662,288.953333
Baturité,Independência,False,270.7739,261.293333
Baturité,Ipu,False,262.6576,262.461667
Baturité,Ipueiras,False,270.067,268.89
Baturité,Itaitinga,False,76.6421,70.165
Baturité,Itapajé,False,206.1846,182.355
Baturité,Itapipoca,True,212.4481,193.806667
Baturité,Itarema,False,286.0713,267.606667
Baturité,Jaguaribe,False,263.5152,264.071667
Baturité,Jaguaruana,False,168.3632,174.001667
Baturité,Jardim,False,460.4043,427.455
Baturité,Juazeiro do Norte,True,412.2386,379.541667
Baturité,Lavras da Mangabeira,False,349.8817,326.953333
Baturité,Limoeiro do Norte,False,180.6632,188.841667
Baturité,Maracanaú,False,79.5035,71.458333
Baturité,Maranguape,False,81.6619,73.738333
Baturité,Marco,False,296.6928,273.245
Baturité,Massapê,False,260.4454,278.863333
Baturité,Mauriti,False,421.4801,384.69
Baturité,Milagres,False,408.9168,372.515
Baturité,Missão Velha,False,436.0868,394.931667
Baturité,Mombaça,False,224.5987,238.316667
Baturité,Morada Nova,False,133.9624,152.698333
Baturité,Nova Russas,False,269.9683,269.928333
Baturité,Novo Oriente,False,362.433,346.11
Baturité,Ocara,False,48.3658,49.176667
Baturité,Pacajus,False,67.2131,71.79
Baturité,Pacatuba,False,65.7102,60.043333
Baturité,Paracuru,False,165.8827,152.155
Baturité,Paraipaba,False,170.2911,157.105
Baturité,Parambu,False,370.0942,326.663333
Baturité,Pedra Branca,False,215.1713,220.868333
Baturité,Pentecoste,False,168.3499,152.935
Baturité,Quixadá,True,89.2349,92.535
Baturité,Quixeramobim,False,131.8529,136.88
Baturité,Redenção,False,35.5787,41.628333
Baturité,Russas,True,149.6877,157.735
Baturité,Santa Quitéria,False,188.2379,193.426667
Baturité,Santana do Acaraú,False,267.0408,283.563333
Baturité,Senador Pompeu,False,185.6508,197.761667
Baturité,Sobral,True,239.1008,258.611667
Baturité,São Benedito,False,290.743,302.008333
Baturité,São Gonçalo do Amarante,False,137.8982,125.118333
Baturité,Tabuleiro do Norte,False,178.4765,195.603333
Baturité,Tamboril,False,253.8532,255.706667
Baturité,Tauá,False,309.3645,281.206667
Baturité,Tianguá,False,325.4673,335.796667
Baturité,Trairi,False,202.1466,188.923333
Baturité,Ubajara,False,308.3582,323.583333
Baturité,Viçosa do Ceará,False,355.8526,357.655
Baturité,Várzea Alegre,False,355.3643,343.708333
Beberibe,Acaraú,False,308.9239,296.32
Beberibe,Acopiara,False,341.1733,340.306667
Beberibe,Amontada,False,241.5537,234.035
Beberibe,Aquiraz,False,54.5794,55.125
Beberibe,Aracati,False,71.5075,64.711667
Beberibe,Aracoiaba,False,101.5871,105.871667
Beberibe,Aurora,False,401.9303,338.2
Beberibe,Barbalha,False,476.5453,386.441667
Beberibe,Baturité,False,113.5162,118.521667
Beberibe,Beberibe,False,0.0,0.0
Beberibe,Bela Cruz,False,304.0553,293.61
Beberibe,Boa Viagem,False,294.7431,285.063333
Beberibe,Brejo Santo,False,456.2628,370.801667
Beberibe,Camocim,False,427.4252,403.853333
Beberibe,Campos Sales,False,526.9838,461.745
Beberibe,Canindé,False,193.0283,188.7
Beberibe,Caririaçu,False,437.9375,352.785
Beberibe,Cascavel,False,21.5695,22.045
Beberibe,Caucaia,True,98.0094,99.683333
Beberibe,Cedro,False,361.2699,307.328333
Beberibe,Chorozinho,False,60.3344,61.541667
Beberibe,Crateús,True,407.8909,398.671667
Beberibe,Crato,False,476.506,381.656667
Beberibe,Cruz,False,317.6428,303.028333
Beberibe,Eusébio,True,61.6732,63.611667
Beberibe,Forquilha,False,289.1663,266.105
Beberibe,Fortaleza,False,82.1415,88.663333
Beberibe,Granja,False,400.9375,381.376667
Beberibe,Guaiúba,False,84.2787,84.151667
Beberibe,Guaraciaba do Norte,False,376.6093,374.11
Beberibe,Horizonte,True,53.6095,67.893333
Beberibe,Ibiapina,False,378.6953,354.996667
Beberibe,Icapuí,False,123.5765,109.516667
Beberibe,Icó,False,317.8696,266.53
Beberibe,Iguatu,False,370.5421,315.828333
Beberibe,Independência,False,358.1291,351.655
Beberibe,Ipu,False,370.8134,356.783333
Beberibe,Ipueiras,False,378.2229,363.211667
Beberibe,Itaitinga,False,65.9227,67.706667
Beberibe,Itapajé,False,204.5878,192.943333
Beberibe,Itapipoca,True,210.8513,204.395
Beberibe,Itarema,False,284.4745,278.195
Beberibe,Jaguaribe,False,248.9704,214.04
Beberibe,Jaguaruana,False,113.4302,101.645
Beberibe,Jardim,False,513.6983,421.151667
Beberibe,Juazeiro do Norte,True,465.5326,373.238333
Beberibe,Lavras da Mangabeira,False,375.8937,309.463333
Beberibe,Limoeiro do Norte,False,134.59,130.476667
Beberibe,Maracanaú,False,86.9201,89.9
Beberibe,Maranguape,False,93.7664,92.683333
Beberibe,Marco,False,295.096,283.833333
Beberibe,Massapê,False,328.1406,304.85
Beberibe,Mauriti,False,447.4921,367.2
Beberibe,Milagres,False,434.9288,355.025
Beberibe,Missão Velha,False,462.0988,377.441667
Beberibe,Mombaça,False,295.1345,301.775
Beberibe,Morada Nova,False,138.935,141.561667
Beberibe,Nova Russas,False,378.1242,364.25
Beberibe,Novo Oriente,False,449.7882,436.471667
Beberibe,Ocara,False,92.7073,93.471667
Beberibe,Pacajus,False,45.8817,46.62
Beberibe,Pacatuba,False,77.8147,78.988333
Beberibe,Paracuru,False,164.2858,162.743333
Beberibe,Paraipaba,False,168.6943,167.693333
Beberibe,Parambu,False,457.4399,417.078333
Beberibe,Pedra Branca,False,285.7071,284.326667
Beberibe,Pentecoste,False,166.7531,163.523333
Beberibe,Quixadá,True,159.4815,156.036667
Beberibe,Quixeramobim,False,202.3888,200.338333
Beberibe,Redenção,False,85.0921,91.513333
Beberibe,Russas,True,103.6145,99.37
Beberibe,Santa Quitéria,False,296.3937,287.748333
Beberibe,Santana do Acaraú,False,310.1393,298.06
Beberibe,Senador Pompeu,False,256.1867,261.22
Beberibe,Sobral,True,306.7961,284.598333
Beberibe,São Benedito,False,393.3327,370.576667
Beberibe,São Gonçalo do Amarante,False,136.3014,135.706667
Beberibe,Tabuleiro do Norte,False,146.0361,141.46
Beberibe,Tamboril,False,362.0091,350.028333
Beberibe,Tauá,False,396.7102,371.621667
Beberibe,Tianguá,False,393.1626,361.783333
Beberibe,Trairi,False,200.5498,199.511667
Beberibe,Ubajara,False,386.086,363.165
Beberibe,Viçosa do Ceará,False,423.5479,383.641667
Beberibe,Várzea Alegre,False,415.9945,344.225
Bela Cruz,Acaraú,False,26.7817,27.676667
Bela Cruz,Acopiara,False,440.2309,462.335
Bela Cruz,Amontada,False,63.6455,61.325
Bela Cruz,Aquiraz,False,250.1771,241.17
Bela Cruz,Aracati,False,369.6616,349.955
Bela Cruz,Aracoiaba,False,293.5589,271.075
Bela Cruz,Aurora,False,682.631,607.125
Bela Cruz,Barbalha,False,654.953,638.768333
Bela Cruz,Baturité,False,305.4879,283.725
Bela Cruz,Beberibe,False,303.4708,292.688333
Bela Cruz,Bela Cruz,False,0.0,0.0
Bela Cruz,Boa Viagem,False,305.9713,316.601667
Bela Cruz,Brejo Santo,False,736.9634,639.726667
Bela Cruz,Camocim,False,127.6451,119.585
Bela Cruz,Campos Sales,False,617.4868,570.626667
Bela Cruz,Canindé,False,243.1548,247.273333
Bela Cruz,Caririaçu,False,603.6036,607.371667
Bela Cruz,Cascavel,False,282.7331,273.091667
Bela Cruz,Caucaia,True,214.1979,204.295
Bela Cruz,Cedro,False,532.0844,551.898333
Bela Cruz,Chorozinho,False,286.1368,275.705
Bela Cruz,Crateús,True,310.5591,295.328333
Bela Cruz,Crato,False,634.9057,618.946667
Bela Cruz,Cruz,False,17.078,16.878333
Bela Cruz,Eusébio,True,242.7647,231.933333
Bela Cruz,Forquilha,False,105.6291,100.723333
Bela Cruz,Fortaleza,False,229.1254,222.306667
Bela Cruz,Granja,False,101.1574,97.108333
Bela Cruz,Guaiúba,False,248.8517,233.13
Bela Cruz,Guaraciaba do Norte,False,191.4042,190.188333
Bela Cruz,Horizonte,True,267.8192,267.19
Bela Cruz,Ibiapina,False,171.0054,166.105
Bela Cruz,Icapuí,False,421.7307,394.76
Bela Cruz,Icó,False,598.5703,535.455
Bela Cruz,Iguatu,False,477.2704,500.466667
Bela Cruz,Independência,False,355.4849,337.75
Bela Cruz,Ipu,False,198.7099,190.878333
Bela Cruz,Ipueiras,False,223.5147,213.553333
Bela Cruz,Itaitinga,False,248.4296,238.071667
Bela Cruz,Itapajé,False,132.6896,130.275
Bela Cruz,Itapipoca,True,95.1438,94.45
Bela Cruz,Itarema,False,50.1266,49.371667
Bela Cruz,Jaguaribe,False,529.6711,482.965
Bela Cruz,Jaguaruana,False,402.9906,384.561667
Bela Cruz,Jardim,False,692.106,673.478333
Bela Cruz,Juazeiro do Norte,True,631.1987,627.825
Bela Cruz,Lavras da Mangabeira,False,656.5943,578.388333
Bela Cruz,Limoeiro do Norte,False,415.2907,399.401667
Bela Cruz,Maracanaú,False,227.2514,218.09
Bela Cruz,Maranguape,False,229.5724,219.706667
Bela Cruz,Marco,False,8.9528,11.065
Bela Cruz,Massapê,False,82.0963,82.3
Bela Cruz,Mauriti,False,728.1928,636.125
Bela Cruz,Milagres,False,715.6295,623.95
Bela Cruz,Missão Velha,False,742.7994,646.366667
Bela Cruz,Mombaça,False,393.0372,413.401667
Bela Cruz,Morada Nova,False,382.6822,375.761667
Bela Cruz,Nova Russas,False,254.0123,242.24
Bela Cruz,Novo Oriente,False,351.5017,333.006667
Bela Cruz,Ocara,False,311.4247,288.791667
Bela Cruz,Pacajus,False,271.3625,260.941667
Bela Cruz,Pacatuba,False,241.0173,227.068333
Bela Cruz,Paracuru,False,168.5661,168.065
Bela Cruz,Paraipaba,False,151.9443,147.675
Bela Cruz,Parambu,False,444.6673,419.438333
Bela Cruz,Pedra Branca,False,347.2927,361.915
Bela Cruz,Pentecoste,False,154.3734,159.83
Bela Cruz,Quixadá,True,341.5287,354.608333
Bela Cruz,Quixeramobim,False,373.7547,371.593333
Bela Cruz,Redenção,False,275.5382,255.063333
Bela Cruz,Russas,True,384.3152,368.295
Bela Cruz,Santa Quitéria,False,174.1241,173.353333
Bela Cruz,Santana do Acaraú,False,60.4576,58.926667
Bela Cruz,Senador Pompeu,False,398.3801,413.078333
Bela Cruz,Sobral,True,96.308,94.058333
Bela Cruz,São Benedito,False,185.6428,181.685
Bela Cruz,São Gonçalo do Amarante,False,175.645,169.905
Bela Cruz,Tabuleiro do Norte,False,426.7368,410.385
Bela Cruz,Tamboril,False,239.6173,235.538333
Bela Cruz,Tauá,False,428.2074,405.718333
Bela Cruz,Tianguá,False,178.0066,168.923333
Bela Cruz,Trairi,False,145.9677,144.038333
Bela Cruz,Ubajara,False,178.3961,174.273333
Bela Cruz,Viçosa do Ceará,False,172.3532,168.753333
Bela Cruz,Várzea Alegre,False,537.1731,565.426667
Boa Viagem,Acaraú,False,317.8578,326.183333
Boa Viagem,Acopiara,False,135.3828,147.511667
Boa Viagem,Amontada,False,292.0258,297.136667
Boa Viagem,Aquiraz,False,240.3341,232.488333
Boa Viagem,Aracati,False,317.2136,306.58
Boa Viagem,Aracoiaba,False,177.7297,182.85
Boa Viagem,Aurora,False,297.3888,297.688333
Boa Viagem,Barbalha,False,350.6155,324.201667
Boa Viagem,Baturité,False,185.2221,189.791667
Boa Viagem,Beberibe,False,293.6278,284.006667
Boa Viagem,Bela Cruz,False,305.8908,316.216667
Boa Viagem,Boa Viagem,False,0.0,0.0
Boa Viagem,Brejo Santo,False,379.2251,338.813333
Boa Viagem,Camocim,False,350.3855,353.196667
Boa Viagem,Campos Sales,False,327.2369,259.811667
Boa Viagem,Canindé,False,103.5926,99.028333
Boa Viagem,Caririaçu,False,298.7554,292.548333
Boa Viagem,Cascavel,False,272.8901,264.41
Boa Viagem,Caucaia,True,208.9336,199.823333
Boa Viagem,Cedro,False,227.2362,237.075
Boa Viagem,Chorozinho,False,217.928,235.891667
Boa Viagem,Crateús,True,135.0412,118.255
Boa Viagem,Crato,False,330.5683,304.38
Boa Viagem,Cruz,False,322.9726,331.001667
Boa Viagem,Eusébio,True,232.9217,223.251667
Boa Viagem,Forquilha,False,201.5278,218.325
Boa Viagem,Fortaleza,False,219.0472,213.066667
Boa Viagem,Granja,False,325.0276,333.923333
Boa Viagem,Guaiúba,False,206.7218,207.148333
Boa Viagem,Guaraciaba do Norte,False,202.4612,204.128333
Boa Viagem,Horizonte,True,248.5211,252.718333
Boa Viagem,Ibiapina,False,239.172,238.703333
Boa Viagem,Icapuí,False,369.2826,351.385
Boa Viagem,Icó,False,239.9644,233.27
Boa Viagem,Iguatu,False,172.4223,185.643333
Boa Viagem,Independência,False,85.2794,71.238333
Boa Viagem,Ipu,False,177.6997,181.133333
Boa Viagem,Ipueiras,False,152.3743,157.106667
Boa Viagem,Itaitinga,False,226.6743,220.601667
Boa Viagem,Itapajé,False,230.6749,233.928333
Boa Viagem,Itapipoca,True,261.3233,267.496667
Boa Viagem,Itarema,False,333.6773,346.106667
Boa Viagem,Jaguaribe,False,212.4895,214.593333
Boa Viagem,Jaguaruana,False,315.6741,302.18
Boa Viagem,Jardim,False,387.7685,358.911667
Boa Viagem,Juazeiro do Norte,True,326.3505,313.001667
Boa Viagem,Lavras da Mangabeira,False,264.6427,268.878333
Boa Viagem,Limoeiro do Norte,False,257.0644,249.311667
Boa Viagem,Maracanaú,False,210.4923,207.678333
Boa Viagem,Maranguape,False,200.7447,198.161667
Boa Viagem,Marco,False,296.9314,306.44
Boa Viagem,Massapê,False,239.5329,255.185
Boa Viagem,Mauriti,False,370.4544,335.211667
Boa Viagem,Milagres,False,357.8912,323.036667
Boa Viagem,Missão Velha,False,347.8737,333.391667
Boa Viagem,Mombaça,False,88.189,98.578333
Boa Viagem,Morada Nova,False,218.4707,211.153333
Boa Viagem,Nova Russas,False,122.4979,129.895
Boa Viagem,Novo Oriente,False,176.9384,156.055
Boa Viagem,Ocara,False,214.4029,210.853333
Boa Viagem,Pacajus,False,238.7011,240.068333
Boa Viagem,Pacatuba,False,214.1045,209.386667
Boa Viagem,Paracuru,False,263.2063,258.466667
Boa Viagem,Paraipaba,False,267.6147,263.416667
Boa Viagem,Parambu,False,184.5996,136.608333
Boa Viagem,Pedra Branca,False,42.4445,47.091667
Boa Viagem,Pentecoste,False,212.4867,210.938333
Boa Viagem,Quixadá,True,139.8218,137.375
Boa Viagem,Quixeramobim,False,97.4693,93.751667
Boa Viagem,Redenção,False,201.067,210.891667
Boa Viagem,Russas,True,275.0736,265.463333
Boa Viagem,Santa Quitéria,False,131.9588,143.64
Boa Viagem,Santana do Acaraú,False,246.1283,259.885
Boa Viagem,Senador Pompeu,False,93.5319,98.255
Boa Viagem,Sobral,True,218.1884,234.933333
Boa Viagem,São Benedito,False,224.8815,226.813333
Boa Viagem,São Gonçalo do Amarante,False,247.4616,236.386667
Boa Viagem,Tabuleiro do Norte,False,262.9848,254.058333
Boa Viagem,Tamboril,False,106.4825,116.213333
Boa Viagem,Tauá,False,123.8699,91.151667
Boa Viagem,Tianguá,False,265.0625,263.315
Boa Viagem,Trairi,False,276.6123,295.218333
Boa Viagem,Ubajara,False,248.7573,248.485
Boa Viagem,Viçosa do Ceará,False,296.0591,284.823333
Boa Viagem,Várzea Alegre,False,232.325,250.603333
Brejo Santo,Acaraú,False,740.9906,639.44
Brejo Santo,Acopiara,False,230.9803,195.59
Brejo Santo,Amontada,False,673.6203,577.155
Brejo Santo,Aquiraz,False,507.4806,420.481667
Brejo Santo,Aracati,False,420.3298,340.08
Brejo Santo,Aracoiaba,False,423.4307,381.786667
Brejo Santo,Aurora,False,92.7785,77.008333
Brejo Santo,Barbalha,False,61.9759,49.06
Brejo Santo,Baturité,False,430.9232,388.728333
Brejo Santo,Beberibe,False,456.6271,371.22
Brejo Santo,Bela Cruz,False,736.1219,636.73
Brejo Santo,Boa Viagem,False,379.7186,338.906667
Brejo Santo,Brejo Santo,False,0.0,0.0
Brejo Santo,Camocim,False,728.9068,690.406667
Brejo Santo,Campos Sales,False,210.8143,186.625
Brejo Santo,Canindé,False,438.0735,404.575
Brejo Santo,Caririaçu,False,87.8184,71.531667
Brejo Santo,Cascavel,False,474.4707,387.401667
Brejo Santo,Caucaia,True,530.076,442.803333
Brejo Santo,Cedro,False,159.764,124.05
Brejo Santo,Chorozinho,False,452.3019,368.156667
Brejo Santo,Crateús,True,420.5054,405.31
Brejo Santo,Crato,False,76.2251,64.216667
Brejo Santo,Cruz,False,749.7094,646.148333
Brejo Santo,Eusébio,True,507.8806,422.376667
Brejo Santo,Forquilha,False,576.6289,552.78
Brejo Santo,Fortaleza,False,517.2193,435.176667
Brejo Santo,Granja,False,693.1879,670.2
Brejo Santo,Guaiúba,False,504.0364,420.158333
Brejo Santo,Guaraciaba do Norte,False,591.3431,529.955
Brejo Santo,Horizonte,True,476.1183,402.233333
Brejo Santo,Ibiapina,False,628.0539,564.53
Brejo Santo,Icapuí,False,411.432,333.626667
Brejo Santo,Icó,False,140.5259,106.958333
Brejo Santo,Iguatu,False,192.7526,155.653333
Brejo Santo,Independência,False,409.7102,360.006667
Brejo Santo,Ipu,False,566.5816,506.96
Brejo Santo,Ipueiras,False,541.2562,482.933333
Brejo Santo,Itaitinga,False,491.9483,406.645
Brejo Santo,Itapajé,False,636.6544,536.063333
Brejo Santo,Itapipoca,True,642.9179,547.515
Brejo Santo,Itarema,False,716.5412,621.315
Brejo Santo,Jaguaribe,False,207.3676,156.798333
Brejo Santo,Jaguaruana,False,398.2425,315.976667
Brejo Santo,Jardim,False,44.9589,56.93
Brejo Santo,Juazeiro do Norte,True,63.3363,53.671667
Brejo Santo,Lavras da Mangabeira,False,121.7326,92.1
Brejo Santo,Limoeiro do Norte,False,332.3601,256.268333
Brejo Santo,Maracanaú,False,517.6336,429.341667
Brejo Santo,Maranguape,False,519.792,431.621667
Brejo Santo,Marco,False,727.1626,626.953333
Brejo Santo,Massapê,False,614.634,589.64
Brejo Santo,Mauriti,False,44.7027,38.048333
Brejo Santo,Milagres,False,23.0028,19.16
Brejo Santo,Missão Velha,False,40.6791,34.611667
Brejo Santo,Mombaça,False,278.5424,246.703333
Brejo Santo,Morada Nova,False,351.8801,271.81
Brejo Santo,Nova Russas,False,518.5934,461.45
Brejo Santo,Novo Oriente,False,376.1108,363.341667
Brejo Santo,Ocara,False,416.3979,369.795
Brejo Santo,Pacajus,False,465.8026,379.725
Brejo Santo,Pacatuba,False,503.8403,417.926667
Brejo Santo,Paracuru,False,596.3525,505.863333
Brejo Santo,Paraipaba,False,600.7609,510.813333
Brejo Santo,Parambu,False,346.9328,326.695
Brejo Santo,Pedra Branca,False,337.2881,292.678333
Brejo Santo,Pentecoste,False,598.8197,506.643333
Brejo Santo,Quixadá,True,341.8169,296.316667
Brejo Santo,Quixeramobim,False,340.8831,303.683333
Brejo Santo,Redenção,False,446.7681,409.828333
Brejo Santo,Russas,True,357.642,279.26
Brejo Santo,Santa Quitéria,False,510.4801,480.85
Brejo Santo,Santana do Acaraú,False,621.2294,594.34
Brejo Santo,Senador Pompeu,False,287.8349,243.743333
Brejo Santo,Sobral,True,593.2894,569.388333
Brejo Santo,São Benedito,False,613.7634,552.64
Brejo Santo,São Gonçalo do Amarante,False,568.3681,478.826667
Brejo Santo,Tabuleiro do Norte,False,317.7697,242.551667
Brejo Santo,Tamboril,False,485.0038,453.423333
Brejo Santo,Tauá,False,287.1345,281.561667
Brejo Santo,Tianguá,False,653.9444,589.141667
Brejo Santo,Trairi,False,632.6164,542.631667
Brejo Santo,Ubajara,False,637.6393,574.311667
Brejo Santo,Viçosa do Ceará,False,684.941,610.65
Brejo Santo,Várzea Alegre,False,161.8334,126.861667
Camocim,Acaraú,False,120.0809,112.325
Camocim,Acopiara,False,485.0785,499.471667
Camocim,Amontada,False,190.9972,177.326667
Camocim,Aquiraz,False,377.5018,352.301667
Camocim,Aracati,False,496.9864,461.086667
Camocim,Aracoiaba,False,356.2716,371.711667
Camocim,Aurora,False,647.0846,649.648333
Camocim,Barbalha,False,688.9596,658.891667
Camocim,Baturité,False,363.7641,378.653333
Camocim,Beberibe,False,430.7955,403.82
Camocim,Bela Cruz,False,127.9819,120.003333
Camocim,Boa Viagem,False,350.8188,353.738333
Camocim,Brejo Santo,False,719.4388,689.12
Camocim,Camocim,False,0.0,0.0
Camocim,Campos Sales,False,633.3445,575.45
Camocim,Canindé,False,280.049,286.028333
Camocim,Caririaçu,False,648.4511,644.508333
Camocim,Cascavel,False,410.0579,384.223333
Camocim,Caucaia,True,341.5227,315.426667
Camocim,Cedro,False,576.9319,589.035
Camocim,Chorozinho,False,413.4615,386.836667
Camocim,Crateús,True,326.4168,300.151667
Camocim,Crato,False,668.9124,639.07
Camocim,Cruz,False,110.9047,103.016667
Camocim,Eusébio,True,370.0895,343.065
Camocim,Forquilha,False,142.5233,139.478333
Camocim,Fortaleza,False,356.4502,333.438333
Camocim,Granja,False,27.1051,23.791667
Camocim,Guaiúba,False,376.1765,344.261667
Camocim,Guaraciaba do Norte,False,190.405,173.175
Camocim,Horizonte,True,395.1439,378.321667
Camocim,Ibiapina,False,152.5492,138.155
Camocim,Icapuí,False,549.0554,505.891667
Camocim,Icó,False,580.1781,583.576667
Camocim,Iguatu,False,522.118,537.603333
Camocim,Independência,False,371.3427,342.573333
Camocim,Ipu,False,217.2918,198.255
Camocim,Ipueiras,False,239.3725,218.376667
Camocim,Itaitinga,False,375.7543,349.203333
Camocim,Itapajé,False,228.5443,215.511667
Camocim,Itapipoca,True,222.4954,210.451667
Camocim,Itarema,False,143.4259,134.02
Camocim,Jaguaribe,False,552.7032,564.9
Camocim,Jaguaruana,False,530.3154,495.693333
Camocim,Jardim,False,726.1126,693.601667
Camocim,Juazeiro do Norte,True,680.5595,649.203333
Camocim,Lavras da Mangabeira,False,614.3384,620.838333
Camocim,Limoeiro do Norte,False,496.0226,505.683333
Camocim,Maracanaú,False,354.5762,329.221667
Camocim,Maranguape,False,356.8972,330.838333
Camocim,Marco,False,136.3692,129.655
Camocim,Massapê,False,106.6176,105.123333
Camocim,Mauriti,False,710.6681,685.518333
Camocim,Milagres,False,698.1048,673.343333
Camocim,Missão Velha,False,704.6035,671.051667
Camocim,Mombaça,False,437.8848,450.538333
Camocim,Morada Nova,False,457.4289,467.525
Camocim,Nova Russas,False,269.8701,247.063333
Camocim,Novo Oriente,False,367.3595,337.83
Camocim,Ocara,False,438.7495,399.923333
Camocim,Pacajus,False,398.6873,372.073333
Camocim,Pacatuba,False,368.342,338.2
Camocim,Paracuru,False,284.6479,270.985
Camocim,Paraipaba,False,268.026,250.595
Camocim,Parambu,False,460.5251,424.261667
Camocim,Pedra Branca,False,392.1402,399.051667
Camocim,Pentecoste,False,277.5172,268.158333
Camocim,Quixadá,True,378.4229,393.363333
Camocim,Quixeramobim,False,410.6488,410.348333
Camocim,Redenção,False,402.863,366.195
Camocim,Russas,True,511.6399,479.426667
Camocim,Santa Quitéria,False,211.0183,212.108333
Camocim,Santana do Acaraú,False,129.1202,129.615
Camocim,Senador Pompeu,False,443.2277,450.215
Camocim,Sobral,True,125.8989,122.875
Camocim,São Benedito,False,167.6777,153.621667
Camocim,São Gonçalo do Amarante,False,291.7268,272.825
Camocim,Tabuleiro do Norte,False,501.943,510.43
Camocim,Tamboril,False,284.4648,272.675
Camocim,Tauá,False,456.7859,420.641667
Camocim,Tianguá,False,127.7672,114.565
Camocim,Trairi,False,252.294,236.486667
Camocim,Ubajara,False,144.1326,131.068333
Camocim,Viçosa do Ceará,False,97.151,92.231667
Camocim,Várzea Alegre,False,582.0207,602.563333
Campos Sales,Acaraú,False,630.3878,580.571667
Campos Sales,Acopiara,False,195.1927,186.825
Campos Sales,Amontada,False,603.2211,554.998333
Campos Sales,Aquiraz,False,567.407,491.885
Campos Sales,Aracati,False,491.001,430.785
Campos Sales,Aracoiaba,False,432.6604,429.741667
Campos Sales,Aurora,False,216.9354,189.101667
Campos Sales,Barbalha,False,156.3152,143.985
Campos Sales,Baturité,False,440.1529,436.683333
Campos Sales,Beberibe,False,527.2983,461.925
Campos Sales,Bela Cruz,False,618.4208,570.605
Campos Sales,Boa Viagem,False,327.1781,259.705
Campos Sales,Brejo Santo,False,211.1498,187.503333
Campos Sales,Camocim,False,634.5851,576.108333
Campos Sales,Campos Sales,False,0.0,0.0
Campos Sales,Canindé,False,430.6655,358.425
Campos Sales,Caririaçu,False,173.7637,152.521667
Campos Sales,Cascavel,False,545.1419,478.106667
Campos Sales,Caucaia,True,536.0065,459.22
Campos Sales,Cedro,False,182.3984,179.856667
Campos Sales,Chorozinho,False,451.9197,443.093333
Campos Sales,Crateús,True,310.3315,279.34
Campos Sales,Crato,False,136.268,124.163333
Campos Sales,Cruz,False,635.5026,585.39
Campos Sales,Eusébio,True,559.9946,482.648333
Campos Sales,Forquilha,False,507.7953,474.218333
Campos Sales,Fortaleza,False,546.1201,472.463333
Campos Sales,Granja,False,609.2271,556.835
Campos Sales,Guaiúba,False,533.7948,466.545
Campos Sales,Guaraciaba do Norte,False,444.6471,404.123333
Campos Sales,Horizonte,True,475.7362,477.17
Campos Sales,Ibiapina,False,481.3579,438.698333
Campos Sales,Icapuí,False,542.5606,463.578333
Campos Sales,Icó,False,209.3093,195.411667
Campos Sales,Iguatu,False,158.362,148.488333
Campos Sales,Independência,False,316.023,257.686667
Campos Sales,Ipu,False,419.8856,381.128333
Campos Sales,Ipueiras,False,394.5602,357.101667
Campos Sales,Itaitinga,False,553.7472,479.998333
Campos Sales,Itapajé,False,557.7478,493.325
Campos Sales,Itapipoca,True,588.3963,526.893333
Campos Sales,Itarema,False,646.2073,600.495
Campos Sales,Jaguaribe,False,278.0388,247.503333
Campos Sales,Jaguaruana,False,468.9137,406.681667
Campos Sales,Jardim,False,193.4682,178.695
Campos Sales,Juazeiro do Norte,True,147.915,134.296667
Campos Sales,Lavras da Mangabeira,False,235.6204,196.758333
Campos Sales,Limoeiro do Norte,False,403.0313,346.973333
Campos Sales,Maracanaú,False,537.5653,467.075
Campos Sales,Maranguape,False,527.8176,457.558333
Campos Sales,Marco,False,609.4614,560.828333
Campos Sales,Massapê,False,542.2902,500.303333
Campos Sales,Mauriti,False,221.2944,197.798333
Campos Sales,Milagres,False,198.4683,177.803333
Campos Sales,Missão Velha,False,171.9591,156.145
Campos Sales,Mombaça,False,242.7547,237.938333
Campos Sales,Morada Nova,False,358.0439,348.221667
Campos Sales,Nova Russas,False,372.4224,337.631667
Campos Sales,Novo Oriente,False,265.9369,237.371667
Campos Sales,Ocara,False,425.6276,417.75
Campos Sales,Pacajus,False,465.4204,454.661667
Campos Sales,Pacatuba,False,541.1774,468.783333
Campos Sales,Paracuru,False,590.2791,517.863333
Campos Sales,Paraipaba,False,594.6876,522.813333
Campos Sales,Parambu,False,173.0501,151.845
Campos Sales,Pedra Branca,False,314.6434,256.905
Campos Sales,Pentecoste,False,539.5596,470.335
Campos Sales,Quixadá,True,351.0466,344.271667
Campos Sales,Quixeramobim,False,327.0595,334.74
Campos Sales,Redenção,False,455.9978,457.783333
Campos Sales,Russas,True,428.3132,369.965
Campos Sales,Santa Quitéria,False,438.2263,399.533333
Campos Sales,Santana do Acaraú,False,558.6583,514.273333
Campos Sales,Senador Pompeu,False,272.6036,273.271667
Campos Sales,Sobral,True,521.6643,481.151667
Campos Sales,São Benedito,False,467.0674,426.808333
Campos Sales,São Gonçalo do Amarante,False,574.5345,495.783333
Campos Sales,Tabuleiro do Norte,False,388.4409,333.256667
Campos Sales,Tamboril,False,373.3209,339.013333
Campos Sales,Tauá,False,209.1992,174.743333
Campos Sales,Tianguá,False,507.2484,463.31
Campos Sales,Trairi,False,603.6853,554.615
Campos Sales,Ubajara,False,490.9432,448.48
Campos Sales,Viçosa do Ceará,False,538.245,484.818333
Campos Sales,Várzea Alegre,False,159.6922,164.696667
Canindé,Acaraú,False,254.945,256.596667
Canindé,Acopiara,False,237.856,245.6
Canindé,Amontada,False,190.3152,200.195
Canindé,Aquiraz,False,138.6236,135.546667
Canindé,Aracati,False,215.506,221.605
Canindé,Aracoiaba,False,76.025,86.298333
Canindé,Aurora,False,384.8598,371.188333
Canindé,Barbalha,False,432.1928,408.243333
Canindé,Baturité,False,83.5175,93.24
Canindé,Beberibe,False,191.9173,187.065
Canindé,Bela Cruz,False,242.978,246.63
Canindé,Boa Viagem,False,103.2572,98.558333
Canindé,Brejo Santo,False,439.1923,403.79
Canindé,Camocim,False,281.7308,287.488333
Canindé,Campos Sales,False,430.3889,358.113333
Canindé,Canindé,False,0.0,0.0
Canindé,Caririaçu,False,393.585,374.586667
Canindé,Cascavel,False,171.1796,167.468333
Canindé,Caucaia,True,107.2231,102.881667
Canindé,Cedro,False,322.0658,319.113333
Canindé,Chorozinho,False,116.2234,139.34
Canindé,Crateús,True,238.1932,216.556667
Canindé,Crato,False,433.7203,402.681667
Canindé,Cruz,False,260.0598,261.415
Canindé,Eusébio,True,131.2112,126.31
Canindé,Forquilha,False,138.615,148.738333
Canindé,Fortaleza,False,117.3367,116.125
Canindé,Granja,False,255.174,266.158333
Canindé,Guaiúba,False,105.0113,110.206667
Canindé,Guaraciaba do Norte,False,184.6282,186.523333
Canindé,Horizonte,True,146.8106,155.776667
Canindé,Ibiapina,False,221.2083,220.633333
Canindé,Icapuí,False,267.5751,266.41
Canindé,Icó,False,299.9316,298.246667
Canindé,Iguatu,False,274.8955,283.731667
Canindé,Independência,False,188.4314,169.54
Canindé,Ipu,False,178.8323,169.196667
Canindé,Ipueiras,False,186.2418,175.625
Canindé,Itaitinga,False,124.9637,123.66
Canindé,Itapajé,False,128.9644,136.986667
Canindé,Itapipoca,True,159.6128,170.555
Canindé,Itarema,False,246.4172,253.178333
Canindé,Jaguaribe,False,272.4567,279.57
Canindé,Jaguaruana,False,232.1469,246.713333
Canindé,Jardim,False,469.3458,442.953333
Canindé,Juazeiro do Norte,True,421.1801,395.04
Canindé,Lavras da Mangabeira,False,358.8231,342.451667
Canindé,Limoeiro do Norte,False,215.776,220.353333
Canindé,Maracanaú,False,108.7818,110.736667
Canindé,Maranguape,False,99.0341,101.22
Canindé,Marco,False,234.0187,236.853333
Canindé,Massapê,False,176.6202,185.598333
Canindé,Mauriti,False,430.4216,400.188333
Canindé,Milagres,False,417.8583,388.013333
Canindé,Missão Velha,False,445.0283,410.43
Canindé,Mombaça,False,190.6623,196.666667
Canindé,Morada Nova,False,177.1823,182.195
Canindé,Nova Russas,False,186.1431,176.663333
Canindé,Novo Oriente,False,280.0905,254.356667
Canindé,Ocara,False,112.1495,121.888333
Canindé,Pacajus,False,136.9906,143.126667
Canindé,Pacatuba,False,112.3939,112.445
Canindé,Paracuru,False,161.4957,161.525
Canindé,Paraipaba,False,165.9042,166.475
Canindé,Parambu,False,287.7517,234.91
Canindé,Pedra Branca,False,144.9177,145.18
Canindé,Pentecoste,False,110.7762,113.996667
Canindé,Quixadá,True,98.1763,108.033333
Canindé,Quixeramobim,False,130.4023,125.018333
Canindé,Redenção,False,99.3624,114.34
Canindé,Russas,True,213.4714,230.446667
Canindé,Santa Quitéria,False,104.4127,100.161667
Canindé,Santana do Acaraú,False,183.2155,190.298333
Canindé,Senador Pompeu,False,184.9206,184.383333
Canindé,Sobral,True,155.2756,165.346667
Canindé,São Benedito,False,206.9177,208.743333
Canindé,São Gonçalo do Amarante,False,145.751,139.445
Canindé,Tabuleiro do Norte,False,221.6964,225.1
Canindé,Tamboril,False,170.028,162.441667
Canindé,Tauá,False,227.0219,189.453333
Canindé,Tianguá,False,241.6421,242.531667
Canindé,Trairi,False,174.9018,198.276667
Canindé,Ubajara,False,224.533,230.318333
Canindé,Viçosa do Ceará,False,272.0274,264.39
Canindé,Várzea Alegre,False,334.7982,348.691667
Caririaçu,Acaraú,False,615.5184,618.205
Caririaçu,Acopiara,False,164.6193,147.245
Caririaçu,Amontada,False,655.3343,559.118333
Caririaçu,Aquiraz,False,489.1946,402.445
Caririaçu,Aracati,False,402.0438,322.043333
Caririaçu,Aracoiaba,False,377.2985,352.223333
Caririaçu,Aurora,False,43.2985,36.953333
Caririaçu,Barbalha,False,38.7346,34.138333
Caririaçu,Baturité,False,384.791,359.165
Caririaçu,Beberibe,False,438.3411,353.183333
Caririaçu,Bela Cruz,False,603.5515,608.238333
Caririaçu,Boa Viagem,False,298.858,293.718333
Caririaçu,Brejo Santo,False,88.4358,72.683333
Caririaçu,Camocim,False,648.0461,645.218333
Caririaçu,Campos Sales,False,173.2845,151.761667
Caririaçu,Canindé,False,391.9414,375.011667
Caririaçu,Caririaçu,False,0.0,0.0
Caririaçu,Cascavel,False,456.1847,369.365
Caririaçu,Caucaia,True,511.79,424.766667
Caririaçu,Cedro,False,72.1374,57.006667
Caririaçu,Chorozinho,False,434.0159,350.12
Caririaçu,Crateús,True,378.6114,361.835
Caririaçu,Crato,False,38.6952,29.353333
Caririaçu,Cruz,False,620.6333,623.023333
Caririaçu,Eusébio,True,489.5946,404.34
Caririaçu,Forquilha,False,499.1885,510.346667
Caririaçu,Fortaleza,False,498.9333,417.14
Caririaçu,Granja,False,622.6883,625.945
Caririaçu,Guaiúba,False,422.6907,393.988333
Caririaçu,Guaraciaba do Norte,False,510.4825,484.766667
Caririaçu,Horizonte,True,457.8323,384.196667
Caririaçu,Ibiapina,False,547.1934,519.341667
Caririaçu,Icapuí,False,428.9633,338.46
Caririaçu,Icó,False,122.24,88.921667
Caririaçu,Iguatu,False,126.3916,107.308333
Caririaçu,Independência,False,328.8496,314.818333
Caririaçu,Ipu,False,485.7211,461.771667
Caririaçu,Ipueiras,False,460.3956,437.745
Caririaçu,Itaitinga,False,473.6623,388.608333
Caririaçu,Itapajé,False,519.0237,509.911667
Caririaçu,Itapipoca,True,624.6319,529.478333
Caririaçu,Itarema,False,698.2552,603.278333
Caririaçu,Jaguaribe,False,189.0816,138.761667
Caririaçu,Jaguaruana,False,379.9565,297.94
Caririaçu,Jardim,False,75.8876,68.848333
Caririaçu,Juazeiro do Norte,True,27.7219,20.935
Caririaçu,Lavras da Mangabeira,False,61.9835,44.61
Caririaçu,Limoeiro do Norte,False,314.0741,238.231667
Caririaçu,Maracanaú,False,444.5607,410.095
Caririaçu,Maranguape,False,446.7191,412.375
Caririaçu,Marco,False,594.5921,598.461667
Caririaçu,Massapê,False,537.1936,547.206667
Caririaçu,Mauriti,False,98.5804,82.978333
Caririaçu,Milagres,False,75.7542,62.983333
Caririaçu,Missão Velha,False,49.2451,41.325
Caririaçu,Mombaça,False,212.1814,198.358333
Caririaçu,Morada Nova,False,333.5941,253.773333
Caririaçu,Nova Russas,False,437.7328,416.261667
Caririaçu,Novo Oriente,False,338.581,328.478333
Caririaçu,Ocara,False,370.2658,340.231667
Caririaçu,Pacajus,False,447.5166,361.688333
Caririaçu,Pacatuba,False,430.7674,398.68
Caririaçu,Paracuru,False,578.0665,487.826667
Caririaçu,Paraipaba,False,582.4749,492.776667
Caririaçu,Parambu,False,309.4029,291.831667
Caririaçu,Pedra Branca,False,256.4276,247.49
Caririaçu,Pentecoste,False,500.8355,486.921667
Caririaçu,Quixadá,True,295.6847,266.753333
Caririaçu,Quixeramobim,False,294.7509,274.12
Caririaçu,Redenção,False,400.6359,380.265
Caririaçu,Russas,True,339.356,261.223333
Caririaçu,Santa Quitéria,False,429.6195,435.661667
Caririaçu,Santana do Acaraú,False,543.789,551.906667
Caririaçu,Senador Pompeu,False,241.7028,214.18
Caririaçu,Sobral,True,515.8491,526.955
Caririaçu,São Benedito,False,532.9029,507.451667
Caririaçu,São Gonçalo do Amarante,False,550.0821,460.79
Caririaçu,Tabuleiro do Norte,False,299.4837,224.515
Caririaçu,Tamboril,False,404.1432,408.235
Caririaçu,Tauá,False,249.6047,246.698333
Caririaçu,Tianguá,False,573.0839,543.953333
Caririaçu,Trairi,False,614.3304,524.595
Caririaçu,Ubajara,False,556.7786,529.123333
Caririaçu,Viçosa do Ceará,False,604.0804,565.461667
Caririaçu,Várzea Alegre,False,53.7797,59.141667
Cascavel,Acaraú,False,288.4469,276.96
Cascavel,Acopiara,False,316.0106,330.226667
Cascavel,Amontada,False,221.0767,214.675
Cascavel,Aquiraz,False,34.1024,35.765
Cascavel,Aracati,False,89.3391,80.918333
Cascavel,Aracoiaba,False,82.9366,88.805
Cascavel,Aurora,False,419.7619,354.406667
Cascavel,Barbalha,False,494.3769,402.648333
Cascavel,Baturité,False,94.8656,101.455
Cascavel,Beberibe,False,23.1482,23.651667
Cascavel,Bela Cruz,False,283.5783,274.25
Cascavel,Boa Viagem,False,274.2661,265.703333
Cascavel,Brejo Santo,False,474.0944,387.008333
Cascavel,Camocim,False,406.9482,384.493333
Cascavel,Campos Sales,False,544.8154,477.951667
Cascavel,Canindé,False,172.5513,169.34
Cascavel,Caririaçu,False,455.7691,368.991667
Cascavel,Cascavel,False,0.0,0.0
Cascavel,Caucaia,True,77.5324,80.323333
Cascavel,Cedro,False,379.1015,323.535
Cascavel,Chorozinho,False,41.6839,44.475
Cascavel,Crateús,True,389.2404,381.605
Cascavel,Crato,False,494.3376,397.863333
Cascavel,Cruz,False,297.1658,283.668333
Cascavel,Eusébio,True,41.1962,44.251667
Cascavel,Forquilha,False,268.6893,246.745
Cascavel,Fortaleza,False,61.6645,69.303333
Cascavel,Granja,False,380.4605,362.016667
Cascavel,Guaiúba,False,63.8017,64.791667
Cascavel,Guaraciaba do Norte,False,356.1323,354.75
Cascavel,Horizonte,True,33.1325,48.533333
Cascavel,Ibiapina,False,358.2183,335.636667
Cascavel,Icapuí,False,141.4081,125.723333
Cascavel,Icó,False,335.7012,282.736667
Cascavel,Iguatu,False,388.3738,332.035
Cascavel,Independência,False,339.4786,334.588333
Cascavel,Ipu,False,350.3364,337.423333
Cascavel,Ipueiras,False,357.7459,343.851667
Cascavel,Itaitinga,False,45.4457,48.346667
Cascavel,Itapajé,False,184.1108,173.583333
Cascavel,Itapipoca,True,190.3743,185.035
Cascavel,Itarema,False,263.9975,258.835
Cascavel,Jaguaribe,False,266.802,230.246667
Cascavel,Jaguaruana,False,131.2618,117.851667
Cascavel,Jardim,False,531.5299,437.358333
Cascavel,Juazeiro do Norte,True,483.3642,389.445
Cascavel,Lavras da Mangabeira,False,393.7253,325.67
Cascavel,Limoeiro do Norte,False,152.4216,146.683333
Cascavel,Maracanaú,False,66.4431,70.54
Cascavel,Maranguape,False,73.2894,73.323333
Cascavel,Marco,False,274.619,264.473333
Cascavel,Massapê,False,307.6636,285.49
Cascavel,Mauriti,False,465.3237,383.406667
Cascavel,Milagres,False,452.7605,371.231667
Cascavel,Missão Velha,False,479.9304,393.648333
Cascavel,Mombaça,False,276.484,284.708333
Cascavel,Morada Nova,False,138.2293,144.531667
Cascavel,Nova Russas,False,357.6472,344.89
Cascavel,Novo Oriente,False,431.1376,419.405
Cascavel,Ocara,False,74.0568,76.405
Cascavel,Pacajus,False,27.2312,29.553333
Cascavel,Pacatuba,False,57.3377,59.628333
Cascavel,Paracuru,False,143.8088,143.383333
Cascavel,Paraipaba,False,148.2173,148.333333
Cascavel,Parambu,False,438.7894,400.011667
Cascavel,Pedra Branca,False,267.0565,267.26
Cascavel,Pentecoste,False,146.2761,144.163333
Cascavel,Quixadá,True,140.831,138.97
Cascavel,Quixeramobim,False,183.7382,183.271667
Cascavel,Redenção,False,66.4415,74.446667
Cascavel,Russas,True,121.4461,115.576667
Cascavel,Santa Quitéria,False,275.9167,268.388333
Cascavel,Santana do Acaraú,False,289.6623,278.7
Cascavel,Senador Pompeu,False,237.5361,244.153333
Cascavel,Sobral,True,286.3191,265.238333
Cascavel,São Benedito,False,372.8557,351.216667
Cascavel,São Gonçalo do Amarante,False,115.8244,116.346667
Cascavel,Tabuleiro do Norte,False,163.8678,157.666667
Cascavel,Tamboril,False,341.5321,330.668333
Cascavel,Tauá,False,378.0597,354.555
Cascavel,Tianguá,False,372.6856,342.423333
Cascavel,Trairi,False,180.0728,180.151667
Cascavel,Ubajara,False,365.609,343.805
Cascavel,Viçosa do Ceará,False,403.0709,364.281667
Cascavel,Várzea Alegre,False,433.8261,360.431667
Caucaia,Acaraú,False,219.1356,204.635
Caucaia,Acopiara,False,343.3893,346.275
Caucaia,Amontada,False,150.5926,143.016667
Caucaia,Aquiraz,False,44.408,47.311667
Caucaia,Aracati,False,163.8925,156.096667
Caucaia,Aracoiaba,False,87.7898,77.216667
Caucaia,Aurora,False,476.8619,413.266667
Caucaia,Barbalha,False,551.4769,461.508333
Caucaia,Baturité,False,99.7188,89.866667
Caucaia,Beberibe,False,97.7016,98.83
Caucaia,Bela Cruz,False,213.0942,202.591667
Caucaia,Boa Viagem,False,208.7905,199.233333
Caucaia,Brejo Santo,False,531.1944,445.868333
Caucaia,Camocim,False,337.6368,312.168333
Caucaia,Campos Sales,False,535.9221,458.788333
Caucaia,Canindé,False,107.0757,102.87
Caucaia,Caririaçu,False,512.8691,427.851667
Caucaia,Cascavel,False,76.964,79.233333
Caucaia,Caucaia,True,0.0,0.0
Caucaia,Cedro,False,393.2062,373.253333
Caucaia,Chorozinho,False,80.3676,81.846667
Caucaia,Crateús,True,343.7264,317.231667
Caucaia,Crato,False,551.4376,456.723333
Caucaia,Cruz,False,227.8545,211.343333
Caucaia,Eusébio,True,36.9956,38.075
Caucaia,Forquilha,False,198.2052,175.086667
Caucaia,Fortaleza,False,16.437,21.931667
Caucaia,Granja,False,311.1491,289.691667
Caucaia,Guaiúba,False,43.0826,39.271667
Caucaia,Guaraciaba do Norte,False,295.3243,282.851667
Caucaia,Horizonte,True,62.0501,73.331667
Caucaia,Ibiapina,False,287.7342,263.978333
Caucaia,Icapuí,False,215.9616,200.901667
Caucaia,Icó,False,392.8012,341.596667
Caucaia,Iguatu,False,361.7481,358.591667
Caucaia,Independência,False,293.9646,270.215
Caucaia,Ipu,False,284.8608,270.953333
Caucaia,Ipueiras,False,292.2702,277.381667
Caucaia,Itaitinga,False,42.6605,44.213333
Caucaia,Itapajé,False,113.6267,101.925
Caucaia,Itapipoca,True,119.8901,113.376667
Caucaia,Itarema,False,194.6862,186.51
Caucaia,Jaguaribe,False,323.902,289.106667
Caucaia,Jaguaruana,False,197.2215,190.703333
Caucaia,Jardim,False,588.6299,496.218333
Caucaia,Juazeiro do Norte,True,540.4643,448.305
Caucaia,Lavras da Mangabeira,False,450.8253,384.53
Caucaia,Limoeiro do Norte,False,209.5216,205.543333
Caucaia,Maracanaú,False,21.4823,24.231667
Caucaia,Maranguape,False,23.8033,25.848333
Caucaia,Marco,False,204.1348,192.815
Caucaia,Massapê,False,237.1795,213.831667
Caucaia,Mauriti,False,522.4237,442.266667
Caucaia,Milagres,False,509.8605,430.091667
Caucaia,Missão Velha,False,537.0304,452.508333
Caucaia,Mombaça,False,296.1955,297.341667
Caucaia,Morada Nova,False,176.9131,181.903333
Caucaia,Nova Russas,False,292.1716,278.42
Caucaia,Novo Oriente,False,385.6237,355.031667
Caucaia,Ocara,False,105.6556,94.933333
Caucaia,Pacajus,False,65.5934,67.083333
Caucaia,Pacatuba,False,35.2481,33.21
Caucaia,Paracuru,False,74.4975,71.058333
Caucaia,Paraipaba,False,78.906,76.008333
Caucaia,Parambu,False,393.2849,335.585
Caucaia,Pedra Branca,False,250.451,245.855
Caucaia,Pentecoste,False,75.7919,72.505
Caucaia,Quixadá,True,169.3168,162.173333
Caucaia,Quixeramobim,False,211.9348,206.518333
Caucaia,Redenção,False,69.7691,61.205
Caucaia,Russas,True,178.5461,174.436667
Caucaia,Santa Quitéria,False,210.4411,201.918333
Caucaia,Santana do Acaraú,False,219.1782,207.041667
Caucaia,Senador Pompeu,False,265.7328,267.4
Caucaia,Sobral,True,215.835,193.58
Caucaia,São Benedito,False,302.3716,279.558333
Caucaia,São Gonçalo do Amarante,False,45.3403,44.688333
Caucaia,Tabuleiro do Norte,False,220.9677,216.526667
Caucaia,Tamboril,False,276.0564,264.198333
Caucaia,Tauá,False,332.5552,290.128333
Caucaia,Tianguá,False,302.2014,270.765
Caucaia,Trairi,False,110.7615,107.826667
Caucaia,Ubajara,False,295.1249,272.146667
Caucaia,Viçosa do Ceará,False,332.5868,292.623333
Caucaia,Várzea Alegre,False,435.4462,413.346667
Cedro,Acaraú,False,543.9786,562.921667
Cedro,Acopiara,False,93.0796,91.961667
Cedro,Amontada,False,536.6679,506.8
Cedro,Aquiraz,False,412.4641,356.99
Cedro,Aracati,False,325.3133,276.588333
Cedro,Aracoiaba,False,305.7588,296.94
Cedro,Aurora,False,70.7502,62.245
Cedro,Barbalha,False,110.7246,90.761667
Cedro,Baturité,False,313.2513,303.881667
Cedro,Beberibe,False,361.6106,307.728333
Cedro,Bela Cruz,False,532.0117,552.955
Cedro,Boa Viagem,False,227.3182,238.435
Cedro,Brejo Santo,False,159.5837,124.045
Cedro,Camocim,False,576.5064,589.935
Cedro,Campos Sales,False,182.4237,180.275
Cedro,Canindé,False,320.4016,319.728333
Cedro,Caririaçu,False,72.1168,57.105
Cedro,Cascavel,False,379.4542,323.91
Cedro,Caucaia,True,393.1236,372.448333
Cedro,Cedro,False,0.0,0.0
Cedro,Chorozinho,False,357.2854,304.665
Cedro,Crateús,True,307.0716,306.551667
Cedro,Crato,False,110.6853,85.976667
Cedro,Cruz,False,549.0934,567.74
Cedro,Eusébio,True,412.8641,358.885
Cedro,Forquilha,False,427.6487,455.063333
Cedro,Fortaleza,False,422.2028,371.685
Cedro,Granja,False,551.1485,570.661667
Cedro,Guaiúba,False,351.1509,338.705
Cedro,Guaraciaba do Norte,False,438.9428,429.483333
Cedro,Horizonte,True,381.1018,338.741667
Cedro,Ibiapina,False,475.6536,464.058333
Cedro,Icapuí,False,376.8729,309.381667
Cedro,Icó,False,43.6216,41.215
Cedro,Iguatu,False,54.8518,52.025
Cedro,Independência,False,257.3098,259.535
Cedro,Ipu,False,414.1813,406.488333
Cedro,Ipueiras,False,388.8558,382.461667
Cedro,Itaitinga,False,396.9318,343.153333
Cedro,Itapajé,False,447.4839,454.628333
Cedro,Itapipoca,True,505.9655,477.16
Cedro,Itarema,False,579.5888,550.96
Cedro,Jaguaribe,False,112.3511,93.306667
Cedro,Jaguaruana,False,303.226,252.485
Cedro,Jardim,False,147.8776,125.471667
Cedro,Juazeiro do Norte,True,99.7119,77.558333
Cedro,Lavras da Mangabeira,False,38.0041,33.435
Cedro,Limoeiro do Norte,False,237.3436,192.776667
Cedro,Maracanaú,False,373.0209,354.811667
Cedro,Maranguape,False,375.1793,357.091667
Cedro,Marco,False,523.0523,543.178333
Cedro,Massapê,False,465.6538,491.923333
Cedro,Mauriti,False,150.8131,120.443333
Cedro,Milagres,False,138.2498,108.268333
Cedro,Missão Velha,False,121.2351,97.948333
Cedro,Mombaça,False,140.6416,143.075
Cedro,Morada Nova,False,256.8636,208.318333
Cedro,Nova Russas,False,366.1931,360.978333
Cedro,Novo Oriente,False,303.3113,306.675
Cedro,Ocara,False,298.726,284.948333
Cedro,Pacajus,False,370.7861,316.233333
Cedro,Pacatuba,False,359.2276,343.396667
Cedro,Paracuru,False,459.4001,435.508333
Cedro,Paraipaba,False,463.8085,440.458333
Cedro,Parambu,False,274.1333,270.028333
Cedro,Pedra Branca,False,184.8878,192.206667
Cedro,Pentecoste,False,429.2957,431.638333
Cedro,Quixadá,True,224.1449,211.47
Cedro,Quixeramobim,False,223.2112,218.836667
Cedro,Redenção,False,329.0961,324.981667
Cedro,Russas,True,262.6255,215.768333
Cedro,Santa Quitéria,False,358.0798,380.378333
Cedro,Santana do Acaraú,False,472.2492,496.623333
Cedro,Senador Pompeu,False,170.163,158.896667
Cedro,Sobral,True,444.3093,471.671667
Cedro,São Benedito,False,461.3631,452.168333
Cedro,São Gonçalo do Amarante,False,431.4156,408.471667
Cedro,Tabuleiro do Norte,False,222.7532,179.06
Cedro,Tamboril,False,332.6034,352.951667
Cedro,Tauá,False,214.335,224.895
Cedro,Tianguá,False,501.5441,488.67
Cedro,Trairi,False,495.664,472.276667
Cedro,Ubajara,False,485.2389,473.84
Cedro,Viçosa do Ceará,False,532.5406,510.178333
Cedro,Várzea Alegre,False,42.8376,41.725
Chorozinho,Acaraú,False,290.1714,275.48
Chorozinho,Acopiara,False,275.8705,289.646667
Chorozinho,Amontada,False,222.8011,213.195
Chorozinho,Aquiraz,False,64.4737,67.653333
Chorozinho,Aracati,False,101.7568,87.643333
Chorozinho,Aracoiaba,False,40.4863,53.998333
Chorozinho,Aurora,False,398.038,335.315
Chorozinho,Barbalha,False,472.653,383.556667
Chorozinho,Baturité,False,52.4153,66.648333
Chorozinho,Beberibe,False,60.3925,61.678333
Chorozinho,Bela Cruz,False,285.3027,272.77
Chorozinho,Boa Viagem,False,240.5798,235.21
Chorozinho,Brejo Santo,False,452.3705,367.916667
Chorozinho,Camocim,False,408.6726,383.013333
Chorozinho,Campos Sales,False,451.5785,442.85
Chorozinho,Canindé,False,116.6634,140.218333
Chorozinho,Caririaçu,False,434.0453,349.9
Chorozinho,Cascavel,False,41.5444,44.243333
Chorozinho,Caucaia,True,79.2568,78.843333
Chorozinho,Cedro,False,357.3776,304.443333
Chorozinho,Chorozinho,False,0.0,0.0
Chorozinho,Crateús,True,349.1003,341.025
Chorozinho,Crato,False,472.6137,378.771667
Chorozinho,Cruz,False,298.8903,282.188333
Chorozinho,Eusébio,True,57.0614,58.416667
Chorozinho,Forquilha,False,270.4137,245.265
Chorozinho,Fortaleza,False,66.4001,71.216667
Chorozinho,Granja,False,382.1849,360.536667
Chorozinho,Guaiúba,False,54.0333,57.465
Chorozinho,Guaraciaba do Norte,False,301.2318,326.208333
Chorozinho,Horizonte,True,25.2991,38.273333
Chorozinho,Ibiapina,False,359.9428,334.156667
Chorozinho,Icapuí,False,153.8258,132.448333
Chorozinho,Icó,False,313.9773,263.645
Chorozinho,Iguatu,False,293.4114,294.765
Chorozinho,Independência,False,299.3385,294.008333
Chorozinho,Ipu,False,295.436,308.881667
Chorozinho,Ipueiras,False,302.8454,315.31
Chorozinho,Itaitinga,False,41.1291,42.685
Chorozinho,Itapajé,False,185.8352,172.103333
Chorozinho,Itapipoca,True,192.0987,183.555
Chorozinho,Itarema,False,265.722,257.355
Chorozinho,Jaguaribe,False,245.0781,211.155
Chorozinho,Jaguaruana,False,118.3977,112.751667
Chorozinho,Jardim,False,509.806,418.266667
Chorozinho,Juazeiro do Norte,True,461.6403,370.353333
Chorozinho,Lavras da Mangabeira,False,372.0014,306.578333
Chorozinho,Limoeiro do Norte,False,130.6977,127.591667
Chorozinho,Maracanaú,False,66.8144,65.381667
Chorozinho,Maranguape,False,68.9728,67.661667
Chorozinho,Marco,False,276.3434,262.993333
Chorozinho,Massapê,False,309.3881,284.01
Chorozinho,Mauriti,False,443.5998,364.315
Chorozinho,Milagres,False,431.0366,352.14
Chorozinho,Missão Velha,False,458.2065,374.556667
Chorozinho,Mombaça,False,236.3439,244.128333
Chorozinho,Morada Nova,False,98.0892,103.951667
Chorozinho,Nova Russas,False,302.7468,316.348333
Chorozinho,Novo Oriente,False,390.9975,378.825
Chorozinho,Ocara,False,33.9167,35.825
Chorozinho,Pacajus,False,14.9834,15.765
Chorozinho,Pacatuba,False,53.0211,53.966667
Chorozinho,Paracuru,False,145.5333,141.903333
Chorozinho,Paraipaba,False,149.9417,146.853333
Chorozinho,Parambu,False,398.6493,359.431667
Chorozinho,Pedra Branca,False,226.9164,226.68
Chorozinho,Pentecoste,False,148.0005,142.683333
Chorozinho,Quixadá,True,100.6909,98.39
Chorozinho,Quixeramobim,False,143.5981,142.691667
Chorozinho,Redenção,False,35.6672,47.95
Chorozinho,Russas,True,99.7222,96.485
Chorozinho,Santa Quitéria,False,221.0163,239.846667
Chorozinho,Santana do Acaraú,False,291.3868,277.22
Chorozinho,Senador Pompeu,False,197.396,203.573333
Chorozinho,Sobral,True,288.0435,263.758333
Chorozinho,São Benedito,False,323.5214,348.428333
Chorozinho,São Gonçalo do Amarante,False,117.5489,114.866667
Chorozinho,Tabuleiro do Norte,False,142.1438,138.575
Chorozinho,Tamboril,False,286.6316,302.126667
Chorozinho,Tauá,False,337.9195,313.975
Chorozinho,Tianguá,False,374.41,340.943333
Chorozinho,Trairi,False,181.7972,178.671667
Chorozinho,Ubajara,False,367.3334,342.325
Chorozinho,Viçosa do Ceará,False,404.7953,362.801667
Chorozinho,Várzea Alegre,False,412.1022,341.34
Crateús,Acaraú,False,323.2744,305.298333
Crateús,Acopiara,False,215.1195,214.968333
Crateús,Amontada,False,296.1078,279.725
Crateús,Aquiraz,False,375.2726,349.808333
Crateús,Aracati,False,426.0693,412.448333
Crateús,Aracoiaba,False,312.6682,300.17
Crateús,Aurora,False,377.1256,365.145
Crateús,Barbalha,False,366.2988,362.966667
Crateús,Baturité,False,320.1607,307.111667
Crateús,Beberibe,False,408.4606,399.546667
Crateús,Bela Cruz,False,311.3074,295.331667
Crateús,Boa Viagem,False,135.0437,117.628333
Crateús,Brejo Santo,False,458.9618,406.27
Crateús,Camocim,False,327.4717,300.835
Crateús,Campos Sales,False,310.6836,279.525
Crateús,Canindé,False,238.5311,216.348333
Crateús,Caririaçu,False,378.4921,360.005
Crateús,Cascavel,False,407.8287,381.73
Crateús,Caucaia,True,343.8721,317.143333
Crateús,Cedro,False,306.9729,304.531667
Crateús,Chorozinho,False,349.5507,342.065
Crateús,Crateús,True,0.0,0.0
Crateús,Crato,False,346.2515,343.145
Crateús,Cruz,False,328.3892,310.116667
Crateús,Eusébio,True,367.8603,340.571667
Crateús,Forquilha,False,199.5717,198.236667
Crateús,Fortaleza,False,353.9858,330.386667
Crateús,Granja,False,302.1138,281.561667
Crateús,Guaiúba,False,341.6603,324.468333
Crateús,Guaraciaba do Norte,False,137.5337,128.85
Crateús,Horizonte,True,383.4596,370.038333
Crateús,Ibiapina,False,174.2445,163.425
Crateús,Icapuí,False,478.1384,457.253333
Crateús,Icó,False,319.7011,300.726667
Crateús,Iguatu,False,252.159,253.1
Crateús,Independência,False,50.6833,47.983333
Crateús,Ipu,False,112.7722,105.855
Crateús,Ipueiras,False,87.4468,81.828333
Crateús,Itaitinga,False,361.6128,337.921667
Crateús,Itapajé,False,255.7318,236.156667
Crateús,Itapipoca,True,277.8113,271.18
Crateús,Itarema,False,339.0939,325.221667
Crateús,Jaguaribe,False,292.2262,282.05
Crateús,Jaguaruana,False,433.0138,407.506667
Crateús,Jardim,False,403.4518,397.676667
Crateús,Juazeiro do Norte,True,357.8986,353.278333
Crateús,Lavras da Mangabeira,False,344.3794,336.335
Crateús,Limoeiro do Norte,False,374.4041,354.638333
Crateús,Maracanaú,False,345.4308,324.998333
Crateús,Maranguape,False,335.6832,315.481667
Crateús,Marco,False,302.3481,285.555
Crateús,Massapê,False,235.1768,225.03
Crateús,Mauriti,False,450.1911,402.668333
Crateús,Milagres,False,437.6278,390.493333
Crateús,Missão Velha,False,381.9427,375.126667
Crateús,Mombaça,False,167.9258,166.035
Crateús,Morada Nova,False,327.3264,317.021667
Crateús,Nova Russas,False,64.1988,61.65
Crateús,Novo Oriente,False,44.6986,41.905
Crateús,Ocara,False,323.2586,316.721667
Crateús,Pacajus,False,363.0514,353.633333
Crateús,Pacatuba,False,349.043,326.706667
Crateús,Paracuru,False,345.3064,313.05
Crateús,Paraipaba,False,349.7149,318.0
Crateús,Parambu,False,137.8642,128.336667
Crateús,Pedra Branca,False,122.519,114.781667
Crateús,Pentecoste,False,304.7047,288.803333
Crateús,Quixadá,True,248.6775,243.243333
Crateús,Quixeramobim,False,206.325,199.62
Crateús,Redenção,False,336.0056,328.211667
Crateús,Russas,True,392.4133,370.79
Crateús,Santa Quitéria,False,130.0026,123.551667
Crateús,Santana do Acaraú,False,251.5449,239.0
Crateús,Senador Pompeu,False,173.2686,165.711667
Crateús,Sobral,True,214.551,205.878333
Crateús,São Benedito,False,159.954,151.535
Crateús,São Gonçalo do Amarante,False,338.1394,307.355
Crateús,Tabuleiro do Norte,False,365.6618,343.563333
Crateús,Tamboril,False,65.0974,63.031667
Crateús,Tauá,False,134.125,124.716667
Crateús,Tianguá,False,200.135,188.036667
Crateús,Trairi,False,328.6352,320.768333
Crateús,Ubajara,False,183.8298,173.206667
Crateús,Viçosa do Ceará,False,231.1316,209.545
Crateús,Várzea Alegre,False,312.0617,318.06
Crato,Acaraú,False,646.8964,629.086667
Crato,Acopiara,False,202.4968,177.125
Crato,Amontada,False,693.2118,588.998333
Crato,Aquiraz,False,527.072,432.325
Crato,Aracati,False,439.9212,351.923333
Crato,Aracoiaba,False,415.1759,382.103333
Crato,Aurora,False,81.1759,66.833333
Crato,Barbalha,False,20.5557,21.716667
Crato,Baturité,False,422.6684,389.045
Crato,Beberibe,False,476.2185,383.063333
Crato,Bela Cruz,False,634.9294,619.12
Crato,Boa Viagem,False,330.6721,304.815
Crato,Brejo Santo,False,75.3903,65.235
Crato,Camocim,False,670.3177,640.37
Crato,Campos Sales,False,136.373,124.916667
Crato,Canindé,False,434.1595,403.535
Crato,Caririaçu,False,38.0042,30.253333
Crato,Cascavel,False,494.0621,399.245
Crato,Caucaia,True,549.6674,454.646667
Crato,Cedro,False,110.0148,86.886667
Crato,Chorozinho,False,471.8933,380.0
Crato,Crateús,True,346.0642,343.601667
Crato,Crato,False,0.0,0.0
Crato,Cruz,False,652.0112,633.905
Crato,Eusébio,True,527.472,434.22
Crato,Forquilha,False,530.5664,521.228333
Crato,Fortaleza,False,536.8108,447.02
Crato,Granja,False,644.9598,621.096667
Crato,Guaiúba,False,460.5681,423.868333
Crato,Guaraciaba do Norte,False,480.3797,468.385
Crato,Horizonte,True,495.7097,414.076667
Crato,Ibiapina,False,517.0906,502.96
Crato,Icapuí,False,466.8406,368.34
Crato,Icó,False,160.1174,118.801667
Crato,Iguatu,False,164.269,137.188333
Crato,Independência,False,319.517,302.796667
Crato,Ipu,False,455.6182,445.39
Crato,Ipueiras,False,430.2928,421.363333
Crato,Itaitinga,False,511.5397,418.488333
Crato,Itapajé,False,561.2418,538.435
Crato,Itapipoca,True,662.5094,559.358333
Crato,Itarema,False,736.1326,633.158333
Crato,Jaguaribe,False,226.959,168.641667
Crato,Jaguaruana,False,417.8339,327.82
Crato,Jardim,False,57.7087,56.426667
Crato,Juazeiro do Norte,True,12.1555,12.028333
Crato,Lavras da Mangabeira,False,99.8609,74.49
Crato,Limoeiro do Norte,False,351.9515,268.111667
Crato,Maracanaú,False,482.4381,439.975
Crato,Maranguape,False,484.5965,442.255
Crato,Marco,False,625.9701,609.343333
Crato,Massapê,False,568.5716,558.088333
Crato,Mauriti,False,85.5349,75.53
Crato,Milagres,False,62.7087,55.535
Crato,Missão Velha,False,36.1996,33.876667
Crato,Mombaça,False,250.0588,228.238333
Crato,Morada Nova,False,371.4715,283.653333
Crato,Nova Russas,False,408.1551,401.893333
Crato,Novo Oriente,False,301.6695,301.633333
Crato,Ocara,False,408.1432,370.111667
Crato,Pacajus,False,485.394,391.568333
Crato,Pacatuba,False,468.6448,428.56
Crato,Paracuru,False,615.9439,517.706667
Crato,Paraipaba,False,620.3524,522.656667
Crato,Parambu,False,272.4915,264.986667
Crato,Pedra Branca,False,294.305,277.37
Crato,Pentecoste,False,543.0536,515.445
Crato,Quixadá,True,333.5621,296.633333
Crato,Quixeramobim,False,332.6283,304.0
Crato,Redenção,False,438.5133,410.145
Crato,Russas,True,377.2334,291.103333
Crato,Santa Quitéria,False,460.9974,446.543333
Crato,Santana do Acaraú,False,575.1669,562.788333
Crato,Senador Pompeu,False,279.5802,244.06
Crato,Sobral,True,547.227,537.836667
Crato,São Benedito,False,502.8,491.07
Crato,São Gonçalo do Amarante,False,587.9595,490.67
Crato,Tabuleiro do Norte,False,337.3611,254.395
Crato,Tamboril,False,409.0536,403.275
Crato,Tauá,False,212.6932,219.853333
Crato,Tianguá,False,542.981,527.571667
Crato,Trairi,False,652.2079,554.475
Crato,Ubajara,False,526.6758,512.741667
Crato,Viçosa do Ceará,False,573.9776,549.08
Crato,Várzea Alegre,False,81.0942,75.511667
Cruz,Acaraú,False,9.7036,10.798333
Cruz,Acopiara,False,457.2053,476.81
Cruz,Amontada,False,80.6199,75.8
Cruz,Aquiraz,False,264.2366,252.485
Cruz,Aracati,False,383.7211,361.27
Cruz,Aracoiaba,False,307.6184,282.39
Cruz,Aurora,False,696.6905,618.44
Cruz,Barbalha,False,671.9274,653.243333
Cruz,Baturité,False,319.5474,295.04
Cruz,Beberibe,False,317.5303,304.003333
Cruz,Bela Cruz,False,17.0772,16.986667
Cruz,Boa Viagem,False,322.9456,331.076667
Cruz,Brejo Santo,False,751.0229,651.041667
Cruz,Camocim,False,110.567,102.706667
Cruz,Campos Sales,False,634.4611,585.101667
Cruz,Canindé,False,260.1292,261.748333
Cruz,Caririaçu,False,620.5779,621.846667
Cruz,Cascavel,False,296.7926,284.406667
Cruz,Caucaia,True,227.1873,214.475
Cruz,Cedro,False,549.0588,566.373333
Cruz,Chorozinho,False,300.1963,287.02
Cruz,Crateús,True,327.5334,309.803333
Cruz,Crato,False,651.8801,633.421667
Cruz,Cruz,False,0.0,0.0
Cruz,Eusébio,True,256.8242,243.248333
Cruz,Forquilha,False,122.6034,115.198333
Cruz,Fortaleza,False,243.1849,233.621667
Cruz,Granja,False,84.0794,80.23
Cruz,Guaiúba,False,262.9112,244.445
Cruz,Guaraciaba do Norte,False,208.3785,204.663333
Cruz,Horizonte,True,281.8787,278.505
Cruz,Ibiapina,False,187.9798,180.58
Cruz,Icapuí,False,435.7902,406.075
Cruz,Icó,False,612.6298,546.77
Cruz,Iguatu,False,494.2448,514.941667
Cruz,Independência,False,372.4593,352.225
Cruz,Ipu,False,215.6842,205.353333
Cruz,Ipueiras,False,240.489,228.028333
Cruz,Itaitinga,False,262.4891,249.386667
Cruz,Itapajé,False,149.664,144.75
Cruz,Itapipoca,True,112.1182,108.925
Cruz,Itarema,False,33.0486,32.493333
Cruz,Jaguaribe,False,543.7306,494.28
Cruz,Jaguaruana,False,417.0501,395.876667
Cruz,Jardim,False,709.0804,687.953333
Cruz,Juazeiro do Norte,True,648.1731,642.3
Cruz,Lavras da Mangabeira,False,670.6538,589.703333
Cruz,Limoeiro do Norte,False,429.3502,410.716667
Cruz,Maracanaú,False,241.3109,229.405
Cruz,Maranguape,False,243.6318,231.021667
Cruz,Marco,False,25.4646,26.638333
Cruz,Massapê,False,99.0707,96.775
Cruz,Mauriti,False,742.2523,647.44
Cruz,Milagres,False,729.689,635.265
Cruz,Missão Velha,False,756.8589,657.681667
Cruz,Mombaça,False,410.0116,427.876667
Cruz,Morada Nova,False,396.7417,387.076667
Cruz,Nova Russas,False,270.9867,256.715
Cruz,Novo Oriente,False,368.4761,347.481667
Cruz,Ocara,False,325.4842,300.106667
Cruz,Pacajus,False,285.422,272.256667
Cruz,Pacatuba,False,255.0767,238.383333
Cruz,Paracuru,False,174.2706,169.458333
Cruz,Paraipaba,False,157.6488,149.068333
Cruz,Parambu,False,461.6417,433.913333
Cruz,Pedra Branca,False,364.267,376.39
Cruz,Pentecoste,False,171.3478,174.305
Cruz,Quixadá,True,389.1454,367.346667
Cruz,Quixeramobim,False,390.729,386.068333
Cruz,Redenção,False,289.5977,266.378333
Cruz,Russas,True,398.3747,379.61
Cruz,Santa Quitéria,False,191.0984,187.828333
Cruz,Santana do Acaraú,False,77.432,73.401667
Cruz,Senador Pompeu,False,415.3545,427.553333
Cruz,Sobral,True,113.2824,108.533333
Cruz,São Benedito,False,202.6171,196.16
Cruz,São Gonçalo do Amarante,False,181.3495,171.298333
Cruz,Tabuleiro do Norte,False,440.7963,421.7
Cruz,Tamboril,False,256.5916,250.013333
Cruz,Tauá,False,445.1818,420.193333
Cruz,Tianguá,False,185.8914,174.208333
Cruz,Trairi,False,141.9167,134.96
Cruz,Ubajara,False,195.3704,188.748333
Cruz,Viçosa do Ceará,False,155.2752,151.875
Cruz,Várzea Alegre,False,554.1475,579.901667
Eusébio,Acaraú,False,250.3564,239.075
Eusébio,Acopiara,False,335.9236,352.578333
Eusébio,Amontada,False,182.9861,176.79
Eusébio,Aquiraz,False,8.713,12.378333
Eusébio,Aracati,False,128.1976,121.163333
Eusébio,Aracoiaba,False,89.0443,80.436667
Eusébio,Aurora,False,458.6204,394.651667
Eusébio,Barbalha,False,533.2354,442.893333
Eusébio,Baturité,False,100.9733,93.086667
Eusébio,Beberibe,False,62.0067,63.896667
Eusébio,Bela Cruz,False,245.4877,236.365
Eusébio,Boa Viagem,False,236.1755,227.818333
Eusébio,Brejo Santo,False,512.9529,427.253333
Eusébio,Camocim,False,368.8576,346.608333
Eusébio,Campos Sales,False,563.3072,487.373333
Eusébio,Canindé,False,134.4607,131.455
Eusébio,Caririaçu,False,494.6276,409.236667
Eusébio,Cascavel,False,41.269,44.3
Eusébio,Caucaia,True,39.4418,42.438333
Eusébio,Cedro,False,417.96,363.78
Eusébio,Chorozinho,False,61.5969,66.826667
Eusébio,Crateús,True,371.1115,345.816667
Eusébio,Crato,False,533.1961,438.108333
Eusébio,Cruz,False,259.0753,245.783333
Eusébio,Eusébio,True,0.0,0.0
Eusébio,Forquilha,False,230.5987,208.86
Eusébio,Fortaleza,False,23.574,31.418333
Eusébio,Granja,False,342.3699,324.131667
Eusébio,Guaiúba,False,44.3371,42.491667
Eusébio,Guaraciaba do Norte,False,318.0417,316.865
Eusébio,Horizonte,True,43.2793,58.311667
Eusébio,Ibiapina,False,320.1278,297.751667
Eusébio,Icapuí,False,180.2666,165.968333
Eusébio,Icó,False,374.5597,322.981667
Eusébio,Iguatu,False,353.4644,357.696667
Eusébio,Independência,False,321.3497,298.8
Eusébio,Ipu,False,312.2458,299.538333
Eusébio,Ipueiras,False,319.6553,305.966667
Eusébio,Itaitinga,False,23.8897,29.193333
Eusébio,Itapajé,False,146.0202,135.698333
Eusébio,Itapipoca,True,152.2837,147.15
Eusébio,Itarema,False,225.907,220.95
Eusébio,Jaguaribe,False,305.6605,270.491667
Eusébio,Jaguaruana,False,170.1203,158.096667
Eusébio,Jardim,False,570.3884,477.603333
Eusébio,Juazeiro do Norte,True,522.2227,429.69
Eusébio,Lavras da Mangabeira,False,432.5838,365.915
Eusébio,Limoeiro do Norte,False,191.2801,186.928333
Eusébio,Maracanaú,False,28.3525,32.655
Eusébio,Maranguape,False,35.2109,38.841667
Eusébio,Marco,False,236.5284,226.588333
Eusébio,Massapê,False,269.5731,247.605
Eusébio,Mauriti,False,504.1822,423.651667
Eusébio,Milagres,False,491.619,411.476667
Eusébio,Missão Velha,False,518.7889,433.893333
Eusébio,Mombaça,False,296.3969,307.06
Eusébio,Morada Nova,False,158.1423,166.883333
Eusébio,Nova Russas,False,319.5567,307.005
Eusébio,Novo Oriente,False,413.0088,383.616667
Eusébio,Ocara,False,106.9101,98.153333
Eusébio,Pacajus,False,46.8226,52.063333
Eusébio,Pacatuba,False,36.5026,36.43
Eusébio,Paracuru,False,105.7183,105.498333
Eusébio,Paraipaba,False,110.1267,110.448333
Eusébio,Parambu,False,420.6699,364.17
Eusébio,Pedra Branca,False,277.836,274.44
Eusébio,Pentecoste,False,108.1855,106.278333
Eusébio,Quixadá,True,160.7439,161.321667
Eusébio,Quixeramobim,False,203.6512,205.623333
Eusébio,Redenção,False,71.0236,64.425
Eusébio,Russas,True,160.3046,155.821667
Eusébio,Santa Quitéria,False,237.8262,230.503333
Eusébio,Santana do Acaraú,False,251.5718,240.815
Eusébio,Senador Pompeu,False,257.4491,266.505
Eusébio,Sobral,True,248.2285,227.353333
Eusébio,São Benedito,False,334.7652,313.331667
Eusébio,São Gonçalo do Amarante,False,77.7339,78.461667
Eusébio,Tabuleiro do Norte,False,202.7263,197.911667
Eusébio,Tamboril,False,303.4415,292.783333
Eusébio,Tauá,False,359.9403,318.713333
Eusébio,Tianguá,False,334.595,304.538333
Eusébio,Trairi,False,141.9822,142.266667
Eusébio,Ubajara,False,327.5185,305.92
Eusébio,Viçosa do Ceará,False,364.9803,326.396667
Eusébio,Várzea Alegre,False,472.6846,400.676667
Forquilha,Acaraú,False,117.473,110.323333
Forquilha,Acopiara,False,335.7529,364.021667
Forquilha,Amontada,False,90.3064,84.75
Forquilha,Aquiraz,False,235.1525,213.323333
Forquilha,Aracati,False,354.6371,322.108333
Forquilha,Aracoiaba,False,214.8994,234.643333
Forquilha,Aurora,False,497.759,514.198333
Forquilha,Barbalha,False,550.475,540.455
Forquilha,Baturité,False,222.3919,241.585
Forquilha,Beberibe,False,288.4462,264.841667
Forquilha,Bela Cruz,False,105.506,100.356667
Forquilha,Boa Viagem,False,201.4932,218.288333
Forquilha,Brejo Santo,False,578.0666,552.051667
Forquilha,Camocim,False,144.2589,141.215
Forquilha,Campos Sales,False,507.8645,474.57
Forquilha,Canindé,False,138.6768,148.96
Forquilha,Caririaçu,False,499.1256,509.058333
Forquilha,Cascavel,False,267.7086,245.245
Forquilha,Caucaia,True,199.1733,176.448333
Forquilha,Cedro,False,427.6064,453.585
Forquilha,Chorozinho,False,271.1122,247.858333
Forquilha,Crateús,True,199.6088,198.71
Forquilha,Crato,False,530.4277,520.633333
Forquilha,Cruz,False,122.5878,115.141667
Forquilha,Eusébio,True,227.7402,204.086667
Forquilha,Forquilha,False,0.0,0.0
Forquilha,Fortaleza,False,214.1008,194.46
Forquilha,Granja,False,117.7021,119.885
Forquilha,Guaiúba,False,233.8271,205.283333
Forquilha,Guaraciaba do Norte,False,97.688,109.59
Forquilha,Horizonte,True,252.7946,239.343333
Forquilha,Ibiapina,False,89.7029,89.471667
Forquilha,Icapuí,False,406.7061,366.913333
Forquilha,Icó,False,438.8059,446.508333
Forquilha,Iguatu,False,372.7924,402.153333
Forquilha,Independência,False,245.3875,239.726667
Forquilha,Ipu,False,104.9937,110.28
Forquilha,Ipueiras,False,129.7985,132.955
Forquilha,Itaitinga,False,233.405,210.225
Forquilha,Itapajé,False,86.1949,76.533333
Forquilha,Itapipoca,True,105.5998,102.888333
Forquilha,Itarema,False,133.2925,130.246667
Forquilha,Jaguaribe,False,411.331,427.831667
Forquilha,Jaguaruana,False,387.9661,356.715
Forquilha,Jardim,False,587.628,575.165
Forquilha,Juazeiro do Norte,True,526.7207,529.511667
Forquilha,Lavras da Mangabeira,False,465.0128,485.388333
Forquilha,Limoeiro do Norte,False,354.6504,368.615
Forquilha,Maracanaú,False,212.2268,190.243333
Forquilha,Maranguape,False,214.5478,191.86
Forquilha,Marco,False,96.5467,90.58
Forquilha,Massapê,False,39.1482,39.325
Forquilha,Mauriti,False,569.2959,548.45
Forquilha,Milagres,False,556.7326,536.275
Forquilha,Missão Velha,False,548.2438,549.901667
Forquilha,Mombaça,False,288.5592,315.088333
Forquilha,Morada Nova,False,316.0567,330.456667
Forquilha,Nova Russas,False,151.2544,151.446667
Forquilha,Novo Oriente,False,241.8794,236.95
Forquilha,Ocara,False,296.4001,260.945
Forquilha,Pacajus,False,256.338,233.095
Forquilha,Pacatuba,False,225.9927,199.221667
Forquilha,Paracuru,False,175.7695,153.426667
Forquilha,Paraipaba,False,162.4003,156.113333
Forquilha,Parambu,False,335.0451,323.381667
Forquilha,Pedra Branca,False,242.8147,263.601667
Forquilha,Pentecoste,False,135.1678,129.18
Forquilha,Quixadá,True,237.0507,256.295
Forquilha,Quixeramobim,False,269.2766,273.28
Forquilha,Redenção,False,260.5136,227.216667
Forquilha,Russas,True,369.2906,340.448333
Forquilha,Santa Quitéria,False,69.6461,75.04
Forquilha,Santana do Acaraú,False,45.7435,44.025
Forquilha,Senador Pompeu,False,293.9021,314.765
Forquilha,Sobral,True,17.8037,19.073333
Forquilha,São Benedito,False,104.3403,105.051667
Forquilha,São Gonçalo do Amarante,False,168.6026,147.731667
Forquilha,Tabuleiro do Norte,False,360.5708,373.361667
Forquilha,Tamboril,False,135.1393,137.225
Forquilha,Tauá,False,323.7294,307.405
Forquilha,Tianguá,False,104.1701,96.258333
Forquilha,Trairi,False,156.4238,152.476667
Forquilha,Ubajara,False,97.0936,97.64
Forquilha,Viçosa do Ceará,False,134.5555,118.116667
Forquilha,Várzea Alegre,False,432.6951,467.113333
Fortaleza,Acaraú,False,235.2759,224.783333
Fortaleza,Acopiara,False,340.6954,357.705
Fortaleza,Amontada,False,165.5603,162.578333
Fortaleza,Aquiraz,False,28.6794,39.918333
Fortaleza,Aracati,False,148.164,148.703333
Fortaleza,Aracoiaba,False,84.2779,81.448333
Fortaleza,Aurora,False,464.3422,406.97
Fortaleza,Barbalha,False,538.9572,455.211667
Fortaleza,Baturité,False,96.207,94.098333
Fortaleza,Beberibe,False,81.9731,91.436667
Fortaleza,Bela Cruz,False,228.0619,222.153333
Fortaleza,Boa Viagem,False,219.1984,213.951667
Fortaleza,Brejo Santo,False,518.6746,439.571667
Fortaleza,Camocim,False,353.7771,332.316667
Fortaleza,Campos Sales,False,546.3301,473.506667
Fortaleza,Canindé,False,117.4836,117.588333
Fortaleza,Caririaçu,False,500.3494,421.555
Fortaleza,Cascavel,False,61.2355,71.84
Fortaleza,Caucaia,True,16.479,22.558333
Fortaleza,Cedro,False,423.6818,376.098333
Fortaleza,Chorozinho,False,67.8479,75.55
Fortaleza,Crateús,True,354.1344,331.95
Fortaleza,Crato,False,538.9178,450.426667
Fortaleza,Cruz,False,243.9948,231.491667
Fortaleza,Eusébio,True,21.2671,30.681667
Fortaleza,Forquilha,False,213.1729,194.648333
Fortaleza,Fortaleza,False,0.0,0.0
Fortaleza,Granja,False,327.2894,309.84
Fortaleza,Guaiúba,False,39.5707,43.503333
Fortaleza,Guaraciaba do Norte,False,301.0646,302.998333
Fortaleza,Horizonte,True,49.5303,67.035
Fortaleza,Ibiapina,False,302.702,283.54
Fortaleza,Icapuí,False,200.233,193.508333
Fortaleza,Icó,False,380.2815,335.3
Fortaleza,Iguatu,False,358.2363,362.823333
Fortaleza,Independência,False,304.3726,284.933333
Fortaleza,Ipu,False,295.2687,285.671667
Fortaleza,Ipueiras,False,302.6782,292.1
Fortaleza,Itaitinga,False,30.1408,37.916667
Fortaleza,Itapajé,False,128.5945,121.486667
Fortaleza,Itapipoca,True,134.8579,132.938333
Fortaleza,Itarema,False,210.8265,206.658333
Fortaleza,Jaguaribe,False,311.3823,282.81
Fortaleza,Jaguaruana,False,184.7018,184.406667
Fortaleza,Jardim,False,576.1102,489.921667
Fortaleza,Juazeiro do Norte,True,527.9445,442.008333
Fortaleza,Lavras da Mangabeira,False,438.3055,378.233333
Fortaleza,Limoeiro do Norte,False,197.0019,199.246667
Fortaleza,Maracanaú,False,23.5862,33.666667
Fortaleza,Maranguape,False,25.6926,35.838333
Fortaleza,Marco,False,219.1026,212.376667
Fortaleza,Massapê,False,252.1473,233.393333
Fortaleza,Mauriti,False,509.904,435.97
Fortaleza,Milagres,False,497.3407,423.795
Fortaleza,Missão Velha,False,524.5106,446.211667
Fortaleza,Mombaça,False,306.6034,312.06
Fortaleza,Morada Nova,False,164.3933,175.606667
Fortaleza,Nova Russas,False,302.5795,293.138333
Fortaleza,Novo Oriente,False,396.0317,369.75
Fortaleza,Ocara,False,102.1438,99.165
Fortaleza,Pacajus,False,53.0737,60.786667
Fortaleza,Pacatuba,False,31.7363,37.441667
Fortaleza,Paracuru,False,90.6378,91.206667
Fortaleza,Paraipaba,False,95.0463,96.156667
Fortaleza,Parambu,False,403.6928,350.303333
Fortaleza,Pedra Branca,False,260.8589,260.573333
Fortaleza,Pentecoste,False,90.7597,92.066667
Fortaleza,Quixadá,True,165.805,166.405
Fortaleza,Quixeramobim,False,208.423,210.75
Fortaleza,Redenção,False,66.2572,65.436667
Fortaleza,Russas,True,166.0264,168.14
Fortaleza,Santa Quitéria,False,220.8491,216.636667
Fortaleza,Santana do Acaraú,False,234.146,226.603333
Fortaleza,Senador Pompeu,False,262.2209,271.631667
Fortaleza,Sobral,True,230.8027,213.141667
Fortaleza,São Benedito,False,317.3393,299.12
Fortaleza,São Gonçalo do Amarante,False,60.3081,64.25
Fortaleza,Tabuleiro do Norte,False,208.448,210.23
Fortaleza,Tamboril,False,286.4644,278.916667
Fortaleza,Tauá,False,342.9631,304.846667
Fortaleza,Tianguá,False,317.1692,290.326667
Fortaleza,Trairi,False,126.9018,127.975
Fortaleza,Ubajara,False,310.0927,291.708333
Fortaleza,Viçosa do Ceará,False,347.5545,312.185
Fortaleza,Várzea Alegre,False,478.4063,412.995
Granja,Acaraú,False,93.0659,89.226667
Granja,Acopiara,False,449.9736,479.151667
Granja,Amontada,False,163.9821,154.228333
Granja,Aquiraz,False,350.3503,330.363333
Granja,Aracati,False,469.8349,439.148333
Granja,Aracoiaba,False,329.1201,349.773333
Granja,Aurora,False,611.9797,629.328333
Granja,Barbalha,False,663.0948,639.068333
Granja,Baturité,False,336.6126,356.715
Granja,Beberibe,False,403.644,381.881667
Granja,Bela Cruz,False,100.9668,96.905
Granja,Boa Viagem,False,315.7139,333.418333
Granja,Brejo Santo,False,692.2873,667.181667
Granja,Camocim,False,26.5426,23.235
Granja,Campos Sales,False,607.4796,555.626667
Granja,Canindé,False,252.8975,264.09
Granja,Caririaçu,False,613.3463,624.188333
Granja,Cascavel,False,382.9064,362.285
Granja,Caucaia,True,310.5495,292.903333
Granja,Cedro,False,541.8271,568.715
Granja,Chorozinho,False,386.31,364.898333
Granja,Crateús,True,300.552,280.328333
Granja,Crato,False,643.0475,619.246667
Granja,Cruz,False,83.8896,79.918333
Granja,Eusébio,True,342.938,321.126667
Granja,Forquilha,False,115.3717,117.54
Granja,Fortaleza,False,329.2987,311.5
Granja,Granja,False,0.0,0.0
Granja,Guaiúba,False,349.025,322.323333
Granja,Guaraciaba do Norte,False,164.5401,153.351667
Granja,Horizonte,True,367.9924,356.383333
Granja,Ibiapina,False,126.6843,118.331667
Granja,Icapuí,False,521.9039,483.953333
Granja,Icó,False,553.0266,561.638333
Granja,Iguatu,False,487.0131,517.283333
Granja,Independência,False,345.4778,322.75
Granja,Ipu,False,191.4269,178.431667
Granja,Ipueiras,False,213.5076,198.553333
Granja,Itaitinga,False,348.6028,327.265
Granja,Itapajé,False,201.3928,193.573333
Granja,Itapipoca,True,195.4804,187.353333
Granja,Itarema,False,116.4108,110.921667
Granja,Jaguaribe,False,525.5517,542.961667
Granja,Jaguaruana,False,503.1639,473.755
Granja,Jardim,False,700.2478,673.778333
Granja,Juazeiro do Norte,True,654.6946,629.38
Granja,Lavras da Mangabeira,False,579.2335,600.518333
Granja,Limoeiro do Norte,False,468.8711,483.745
Granja,Maracanaú,False,327.4247,307.283333
Granja,Maranguape,False,329.7457,308.9
Granja,Marco,False,109.3541,106.556667
Granja,Massapê,False,79.4661,83.185
Granja,Mauriti,False,683.5166,663.58
Granja,Milagres,False,670.9533,651.405
Granja,Missão Velha,False,678.7386,651.228333
Granja,Mombaça,False,402.7799,430.218333
Granja,Morada Nova,False,430.2774,445.586667
Granja,Nova Russas,False,244.0053,227.24
Granja,Novo Oriente,False,341.4946,318.006667
Granja,Ocara,False,411.598,377.985
Granja,Pacajus,False,371.5358,350.135
Granja,Pacatuba,False,341.1905,316.261667
Granja,Paracuru,False,257.6328,247.886667
Granja,Paraipaba,False,241.011,227.496667
Granja,Parambu,False,434.6603,404.438333
Granja,Pedra Branca,False,357.0353,378.731667
Granja,Pentecoste,False,250.3657,246.22
Granja,Quixadá,True,351.2714,371.425
Granja,Quixeramobim,False,383.4973,388.41
Granja,Redenção,False,375.7115,344.256667
Granja,Russas,True,484.4884,457.488333
Granja,Santa Quitéria,False,183.8667,190.17
Granja,Santana do Acaraú,False,101.9687,107.676667
Granja,Senador Pompeu,False,408.1228,429.895
Granja,Sobral,True,98.7474,100.936667
Granja,São Benedito,False,141.8128,133.798333
Granja,São Gonçalo do Amarante,False,264.7117,249.726667
Granja,Tabuleiro do Norte,False,474.7915,488.491667
Granja,Tamboril,False,249.3599,252.355
Granja,Tauá,False,430.921,400.818333
Granja,Tianguá,False,101.9024,94.741667
Granja,Trairi,False,225.279,213.388333
Granja,Ubajara,False,118.2677,111.245
Granja,Viçosa do Ceará,False,71.2861,72.408333
Granja,Várzea Alegre,False,546.9158,582.243333
Guaiúba,Acaraú,False,254.3975,235.531667
Guaiúba,Acopiara,False,301.6806,318.433333
Guaiúba,Amontada,False,187.0272,173.246667
Guaiúba,Aquiraz,False,50.1798,48.306667
Guaiúba,Aracati,False,153.1727,139.471667
Guaiúba,Aracoiaba,False,45.263,42.176667
Guaiúba,Aurora,False,449.4538,387.143333
Guaiúba,Barbalha,False,460.8065,427.343333
Guaiúba,Baturité,False,57.1921,54.826667
Guaiúba,Beberibe,False,86.8468,88.236667
Guaiúba,Bela Cruz,False,249.5288,232.821667
Guaiúba,Boa Viagem,False,206.9561,206.95
Guaiúba,Brejo Santo,False,503.7863,419.745
Guaiúba,Camocim,False,372.8987,343.065
Guaiúba,Campos Sales,False,534.0878,466.505
Guaiúba,Canindé,False,105.2413,110.586667
Guaiúba,Caririaçu,False,422.1987,393.686667
Guaiúba,Cascavel,False,66.1092,68.64
Guaiúba,Caucaia,True,43.4829,38.895
Guaiúba,Cedro,False,350.6795,338.213333
Guaiúba,Chorozinho,False,53.89,57.206667
Guaiúba,Crateús,True,341.892,324.948333
Guaiúba,Crato,False,460.7672,422.558333
Guaiúba,Cruz,False,263.1164,242.24
Guaiúba,Eusébio,True,42.7675,39.07
Guaiúba,Forquilha,False,234.6398,205.316667
Guaiúba,Fortaleza,False,39.1905,41.831667
Guaiúba,Granja,False,346.411,320.588333
Guaiúba,Guaiúba,False,0.0,0.0
Guaiúba,Guaraciaba do Norte,False,288.8223,295.996667
Guaiúba,Horizonte,True,42.3656,52.081667
Guaiúba,Ibiapina,False,324.1689,294.208333
Guaiúba,Icapuí,False,205.2417,184.276667
Guaiúba,Icó,False,365.3932,315.473333
Guaiúba,Iguatu,False,319.2214,323.551667
Guaiúba,Independência,False,292.1303,277.931667
Guaiúba,Ipu,False,283.0264,278.67
Guaiúba,Ipueiras,False,290.4358,285.098333
Guaiúba,Itaitinga,False,20.5188,19.965
Guaiúba,Itapajé,False,150.0613,132.155
Guaiúba,Itapipoca,True,156.3248,143.606667
Guaiúba,Itarema,False,229.9481,217.406667
Guaiúba,Jaguaribe,False,296.494,262.983333
Guaiúba,Jaguaruana,False,169.8135,164.58
Guaiúba,Jardim,False,497.9595,462.053333
Guaiúba,Juazeiro do Norte,True,449.7938,414.14
Guaiúba,Lavras da Mangabeira,False,423.4172,358.406667
Guaiúba,Limoeiro do Norte,False,182.1136,179.42
Guaiúba,Maracanaú,False,23.3802,21.258333
Guaiúba,Maranguape,False,25.5386,23.538333
Guaiúba,Marco,False,240.5695,223.045
Guaiúba,Massapê,False,273.6142,244.061667
Guaiúba,Mauriti,False,495.0157,416.143333
Guaiúba,Milagres,False,482.4524,403.968333
Guaiúba,Missão Velha,False,509.6223,426.385
Guaiúba,Mombaça,False,262.1539,272.915
Guaiúba,Morada Nova,False,149.505,155.78
Guaiúba,Nova Russas,False,290.3372,286.136667
Guaiúba,Novo Oriente,False,383.7893,362.748333
Guaiúba,Ocara,False,63.1289,59.893333
Guaiúba,Pacajus,False,45.909,45.833333
Guaiúba,Pacatuba,False,9.5869,9.843333
Guaiúba,Paracuru,False,109.7594,101.955
Guaiúba,Paraipaba,False,114.1678,106.905
Guaiúba,Parambu,False,391.4505,343.301667
Guaiúba,Pedra Branca,False,248.6166,253.571667
Guaiúba,Pentecoste,False,112.2266,102.735
Guaiúba,Quixadá,True,126.7901,127.133333
Guaiúba,Quixeramobim,False,169.4081,171.478333
Guaiúba,Redenção,False,27.2423,26.165
Guaiúba,Russas,True,151.138,148.313333
Guaiúba,Santa Quitéria,False,208.6067,209.635
Guaiúba,Santana do Acaraú,False,255.6129,237.271667
Guaiúba,Senador Pompeu,False,223.206,232.36
Guaiúba,Sobral,True,252.2696,223.81
Guaiúba,São Benedito,False,338.8063,309.788333
Guaiúba,São Gonçalo do Amarante,False,81.775,74.918333
Guaiúba,Tabuleiro do Norte,False,193.5597,190.403333
Guaiúba,Tamboril,False,274.222,271.915
Guaiúba,Tauá,False,330.7208,297.845
Guaiúba,Tianguá,False,338.6361,300.995
Guaiúba,Trairi,False,146.0233,138.723333
Guaiúba,Ubajara,False,331.5596,302.376667
Guaiúba,Viçosa do Ceará,False,369.0214,322.853333
Guaiúba,Várzea Alegre,False,392.9195,378.306667
Guaraciaba do Norte,Acaraú,False,203.5765,199.908333
Guaraciaba do Norte,Acopiara,False,345.8035,337.486667
Guaraciaba do Norte,Amontada,False,176.4099,174.335
Guaraciaba do Norte,Aquiraz,False,322.1944,320.963333
Guaraciaba do Norte,Aracati,False,400.3239,407.703333
Guaraciaba do Norte,Aracoiaba,False,260.843,272.396667
Guaraciaba do Norte,Aurora,False,507.8096,487.663333
Guaraciaba do Norte,Barbalha,False,498.9844,486.82
Guaraciaba do Norte,Baturité,False,268.3354,279.338333
Guaraciaba do Norte,Beberibe,False,375.4881,372.481667
Guaraciaba do Norte,Bela Cruz,False,191.6096,189.941667
Guaraciaba do Norte,Boa Viagem,False,201.9486,203.776667
Guaraciaba do Norte,Brejo Santo,False,589.6458,528.788333
Guaraciaba do Norte,Camocim,False,190.8807,173.281667
Guaraciaba do Norte,Campos Sales,False,443.3693,403.378333
Guaraciaba do Norte,Canindé,False,184.6204,186.713333
Guaraciaba do Norte,Caririaçu,False,509.1761,482.523333
Guaraciaba do Norte,Cascavel,False,354.7505,352.885
Guaraciaba do Norte,Caucaia,True,296.2529,283.865
Guaraciaba do Norte,Cedro,False,437.6569,427.05
Guaraciaba do Norte,Chorozinho,False,301.0413,325.438333
Guaraciaba do Norte,Crateús,True,136.4416,128.08
Guaraciaba do Norte,Crato,False,478.9371,466.998333
Guaraciaba do Norte,Cruz,False,208.6914,204.726667
Guaraciaba do Norte,Eusébio,True,314.7821,311.726667
Guaraciaba do Norte,Forquilha,False,97.6486,109.281667
Guaraciaba do Norte,Fortaleza,False,300.9076,301.541667
Guaraciaba do Norte,Granja,False,165.5228,154.008333
Guaraciaba do Norte,Guaiúba,False,288.5821,295.623333
Guaraciaba do Norte,Guaraciaba do Norte,False,0.0,0.0
Guaraciaba do Norte,Horizonte,True,330.3814,341.193333
Guaraciaba do Norte,Ibiapina,False,37.6536,35.871667
Guaraciaba do Norte,Icapuí,False,452.393,452.508333
Guaraciaba do Norte,Icó,False,450.3851,423.245
Guaraciaba do Norte,Iguatu,False,382.843,375.618333
Guaraciaba do Norte,Independência,False,181.3674,170.501667
Guaraciaba do Norte,Ipu,False,27.3165,26.183333
Guaraciaba do Norte,Ipueiras,False,49.3972,46.305
Guaraciaba do Norte,Itaitinga,False,308.5346,309.076667
Guaraciaba do Norte,Itapajé,False,183.2746,183.95
Guaraciaba do Norte,Itapipoca,True,191.7034,192.473333
Guaraciaba do Norte,Itarema,False,219.3961,219.831667
Guaraciaba do Norte,Jaguaribe,False,422.9102,404.568333
Guaraciaba do Norte,Jaguaruana,False,416.9648,432.811667
Guaraciaba do Norte,Jardim,False,536.1374,521.53
Guaraciaba do Norte,Juazeiro do Norte,True,490.5842,477.131667
Guaraciaba do Norte,Lavras da Mangabeira,False,475.0634,458.853333
Guaraciaba do Norte,Limoeiro do Norte,False,400.5939,406.368333
Guaraciaba do Norte,Maracanaú,False,292.3526,296.153333
Guaraciaba do Norte,Maranguape,False,282.605,286.636667
Guaraciaba do Norte,Marco,False,182.6503,180.165
Guaraciaba do Norte,Massapê,False,115.479,119.64
Guaraciaba do Norte,Mauriti,False,580.8751,525.186667
Guaraciaba do Norte,Milagres,False,568.3118,513.011667
Guaraciaba do Norte,Missão Velha,False,514.6283,498.98
Guaraciaba do Norte,Mombaça,False,298.6098,288.553333
Guaraciaba do Norte,Morada Nova,False,362.0003,368.21
Guaraciaba do Norte,Nova Russas,False,79.8948,74.991667
Guaraciaba do Norte,Novo Oriente,False,177.3842,165.758333
Guaraciaba do Norte,Ocara,False,296.9675,307.986667
Guaraciaba do Norte,Pacajus,False,320.5615,328.543333
Guaraciaba do Norte,Pacatuba,False,295.9648,297.861667
Guaraciaba do Norte,Paracuru,False,272.8492,260.843333
Guaraciaba do Norte,Paraipaba,False,248.5038,245.698333
Guaraciaba do Norte,Parambu,False,270.5498,252.19
Guaraciaba do Norte,Pedra Branca,False,253.203,237.3
Guaraciaba do Norte,Pentecoste,False,232.2474,236.596667
Guaraciaba do Norte,Quixadá,True,282.9943,294.048333
Guaraciaba do Norte,Quixeramobim,False,299.3128,297.22
Guaraciaba do Norte,Redenção,False,284.1803,300.438333
Guaraciaba do Norte,Russas,True,398.2893,416.545
Guaraciaba do Norte,Santa Quitéria,False,80.1979,86.625
Guaraciaba do Norte,Santana do Acaraú,False,131.8471,133.61
Guaraciaba do Norte,Senador Pompeu,False,303.9527,288.23
Guaraciaba do Norte,Sobral,True,94.8532,100.488333
Guaraciaba do Norte,São Benedito,False,23.363,23.981667
Guaraciaba do Norte,São Gonçalo do Amarante,False,265.6822,255.148333
Guaraciaba do Norte,Tabuleiro do Norte,False,406.5144,411.115
Guaraciaba do Norte,Tamboril,False,121.0838,113.971667
Guaraciaba do Norte,Tauá,False,266.8106,248.57
Guaraciaba do Norte,Tianguá,False,63.5441,60.483333
Guaraciaba do Norte,Trairi,False,242.5273,242.061667
Guaraciaba do Norte,Ubajara,False,47.2388,45.653333
Guaraciaba do Norte,Viçosa do Ceará,False,94.5406,81.991667
Guaraciaba do Norte,Várzea Alegre,False,442.7457,440.578333
Horizonte,Acaraú,False,271.9894,267.145
Horizonte,Acopiara,False,303.2095,326.163333
Horizonte,Amontada,False,204.6192,204.86
Horizonte,Aquiraz,False,46.2918,59.318333
Horizonte,Aracati,False,129.0958,124.16
Horizonte,Aracoiaba,False,62.7834,77.43
Horizonte,Aurora,False,425.377,371.831667
Horizonte,Barbalha,False,499.992,420.073333
Horizonte,Baturité,False,74.7124,90.08
Horizonte,Beberibe,False,53.8623,68.168333
Horizonte,Bela Cruz,False,267.1208,264.435
Horizonte,Boa Viagem,False,248.3991,251.966667
Horizonte,Brejo Santo,False,479.7095,404.433333
Horizonte,Camocim,False,390.4906,374.678333
Horizonte,Campos Sales,False,478.9175,479.366667
Horizonte,Canindé,False,146.6843,155.603333
Horizonte,Caririaçu,False,461.3843,386.416667
Horizonte,Cascavel,False,33.1246,48.571667
Horizonte,Caucaia,True,61.0748,70.508333
Horizonte,Cedro,False,384.7166,340.96
Horizonte,Chorozinho,False,28.8828,40.411667
Horizonte,Crateús,True,383.335,369.965
Horizonte,Crato,False,499.9527,415.288333
Horizonte,Cruz,False,280.7083,273.853333
Horizonte,Eusébio,True,38.8794,50.081667
Horizonte,Forquilha,False,252.2318,236.93
Horizonte,Fortaleza,False,48.2181,62.881667
Horizonte,Granja,False,364.0029,352.201667
Horizonte,Guaiúba,False,41.3031,50.795
Horizonte,Guaraciaba do Norte,False,330.2652,341.013333
Horizonte,Horizonte,True,0.0,0.0
Horizonte,Ibiapina,False,341.7608,325.821667
Horizonte,Icapuí,False,181.1649,168.965
Horizonte,Icó,False,341.3163,300.161667
Horizonte,Iguatu,False,320.7504,331.281667
Horizonte,Independência,False,333.5733,322.948333
Horizonte,Ipu,False,324.4694,323.686667
Horizonte,Ipueiras,False,331.8788,330.115
Horizonte,Itaitinga,False,22.9471,34.35
Horizonte,Itapajé,False,167.6533,163.768333
Horizonte,Itapipoca,True,173.9168,175.22
Horizonte,Itarema,False,247.54,249.02
Horizonte,Jaguaribe,False,272.4172,247.671667
Horizonte,Jaguaruana,False,145.7367,149.268333
Horizonte,Jardim,False,537.1451,454.783333
Horizonte,Juazeiro do Norte,True,488.9793,406.87
Horizonte,Lavras da Mangabeira,False,399.3404,343.095
Horizonte,Limoeiro do Norte,False,158.0368,164.108333
Horizonte,Maracanaú,False,48.6324,57.046667
Horizonte,Maranguape,False,50.7908,59.326667
Horizonte,Marco,False,258.1614,254.658333
Horizonte,Massapê,False,291.2061,275.675
Horizonte,Mauriti,False,470.9388,400.831667
Horizonte,Milagres,False,458.3756,388.656667
Horizonte,Missão Velha,False,485.5455,411.073333
Horizonte,Mombaça,False,263.6829,280.645
Horizonte,Morada Nova,False,125.4282,140.468333
Horizonte,Nova Russas,False,331.7801,331.153333
Horizonte,Novo Oriente,False,425.2323,407.765
Horizonte,Ocara,False,61.2557,72.341667
Horizonte,Pacajus,False,14.1086,25.648333
Horizonte,Pacatuba,False,34.8391,45.631667
Horizonte,Paracuru,False,127.3513,133.568333
Horizonte,Paraipaba,False,131.7598,138.518333
Horizonte,Parambu,False,432.8935,388.318333
Horizonte,Pedra Branca,False,254.2555,263.196667
Horizonte,Pentecoste,False,129.8185,134.348333
Horizonte,Quixadá,True,128.0299,134.906667
Horizonte,Quixeramobim,False,170.9371,179.208333
Horizonte,Redenção,False,46.2883,63.071667
Horizonte,Russas,True,127.0612,133.001667
Horizonte,Santa Quitéria,False,250.0497,254.651667
Horizonte,Santana do Acaraú,False,273.2048,268.885
Horizonte,Senador Pompeu,False,224.735,240.09
Horizonte,Sobral,True,269.8616,255.423333
Horizonte,São Benedito,False,356.3982,341.401667
Horizonte,São Gonçalo do Amarante,False,99.3669,106.531667
Horizonte,Tabuleiro do Norte,False,169.4829,175.091667
Horizonte,Tamboril,False,315.665,316.931667
Horizonte,Tauá,False,372.1638,342.861667
Horizonte,Tianguá,False,356.2281,332.608333
Horizonte,Trairi,False,163.6153,170.336667
Horizonte,Ubajara,False,349.1515,333.99
Horizonte,Viçosa do Ceará,False,386.6134,354.466667
Horizonte,Várzea Alegre,False,439.4412,377.856667
Ibiapina,Acaraú,False,183.2181,175.815
Ibiapina,Acopiara,False,382.7385,371.516667
Ibiapina,Amontada,False,156.0515,150.241667
Ibiapina,Aquiraz,False,324.6617,302.045
Ibiapina,Aracati,False,444.1463,410.83
Ibiapina,Aracoiaba,False,297.2951,306.116667
Ibiapina,Aurora,False,544.7446,521.693333
Ibiapina,Barbalha,False,535.9194,520.85
Ibiapina,Baturité,False,304.7876,313.058333
Ibiapina,Beberibe,False,377.9554,353.563333
Ibiapina,Bela Cruz,False,171.2511,165.848333
Ibiapina,Boa Viagem,False,238.8837,237.806667
Ibiapina,Brejo Santo,False,626.5808,562.818333
Ibiapina,Camocim,False,152.9032,138.355
Ibiapina,Campos Sales,False,480.3043,437.408333
Ibiapina,Canindé,False,221.0725,220.433333
Ibiapina,Caririaçu,False,546.1112,516.553333
Ibiapina,Cascavel,False,357.2178,333.966667
Ibiapina,Caucaia,True,288.6825,265.17
Ibiapina,Cedro,False,474.5919,461.08
Ibiapina,Chorozinho,False,360.6214,336.58
Ibiapina,Crateús,True,173.3766,162.11
Ibiapina,Crato,False,515.8721,501.028333
Ibiapina,Cruz,False,188.3329,180.633333
Ibiapina,Eusébio,True,317.2494,292.808333
Ibiapina,Forquilha,False,89.6831,89.221667
Ibiapina,Fortaleza,False,303.6101,283.181667
Ibiapina,Granja,False,127.5452,119.081667
Ibiapina,Guaiúba,False,323.3363,294.005
Ibiapina,Guaraciaba do Norte,False,37.3647,35.133333
Ibiapina,Horizonte,True,342.3038,328.065
Ibiapina,Ibiapina,False,0.0,0.0
Ibiapina,Icapuí,False,496.2153,455.635
Ibiapina,Icó,False,487.3201,457.275
Ibiapina,Iguatu,False,419.778,409.648333
Ibiapina,Independência,False,218.3024,204.531667
Ibiapina,Ipu,False,64.2515,60.213333
Ibiapina,Ipueiras,False,86.3322,80.335
Ibiapina,Itaitinga,False,322.9142,298.946667
Ibiapina,Itapajé,False,175.7041,165.255
Ibiapina,Itapipoca,True,171.3449,168.38
Ibiapina,Itarema,False,199.0376,195.738333
Ibiapina,Jaguaribe,False,459.8452,438.598333
Ibiapina,Jaguaruana,False,477.4753,445.436667
Ibiapina,Jardim,False,573.0724,555.56
Ibiapina,Juazeiro do Norte,True,527.5192,511.161667
Ibiapina,Lavras da Mangabeira,False,511.9984,492.883333
Ibiapina,Limoeiro do Norte,False,437.0461,440.088333
Ibiapina,Maracanaú,False,301.7361,278.965
Ibiapina,Maranguape,False,304.057,280.581667
Ibiapina,Marco,False,162.2918,156.071667
Ibiapina,Massapê,False,95.1205,95.546667
Ibiapina,Mauriti,False,617.8101,559.216667
Ibiapina,Milagres,False,605.2469,547.041667
Ibiapina,Missão Velha,False,551.5633,533.01
Ibiapina,Mombaça,False,335.5448,322.583333
Ibiapina,Morada Nova,False,398.4524,401.93
Ibiapina,Nova Russas,False,116.8299,109.021667
Ibiapina,Novo Oriente,False,214.3192,199.788333
Ibiapina,Ocara,False,333.4196,341.706667
Ibiapina,Pacajus,False,345.8472,321.816667
Ibiapina,Pacatuba,False,315.5019,287.943333
Ibiapina,Paracuru,False,244.7672,241.995
Ibiapina,Paraipaba,False,228.1454,221.605
Ibiapina,Parambu,False,307.4848,286.22
Ibiapina,Pedra Branca,False,290.1381,271.33
Ibiapina,Pentecoste,False,224.677,217.901667
Ibiapina,Quixadá,True,319.4464,327.768333
Ibiapina,Quixeramobim,False,336.2478,331.25
Ibiapina,Redenção,False,350.0228,315.938333
Ibiapina,Russas,True,458.7998,429.17
Ibiapina,Santa Quitéria,False,116.65,120.345
Ibiapina,Santana do Acaraú,False,111.4886,109.516667
Ibiapina,Senador Pompeu,False,340.8877,322.26
Ibiapina,Sobral,True,74.4947,76.395
Ibiapina,São Benedito,False,14.6374,15.58
Ibiapina,São Gonçalo do Amarante,False,258.1118,236.453333
Ibiapina,Tabuleiro do Norte,False,442.9665,444.835
Ibiapina,Tamboril,False,158.0188,148.001667
Ibiapina,Tauá,False,303.7456,282.6
Ibiapina,Tianguá,False,25.5665,25.556667
Ibiapina,Trairi,False,222.1689,217.968333
Ibiapina,Ubajara,False,9.2613,10.726667
Ibiapina,Viçosa do Ceará,False,56.5631,47.065
Ibiapina,Várzea Alegre,False,479.6808,474.608333
Icapuí,Acaraú,False,427.4453,397.99
Icapuí,Acopiara,False,422.8076,356.175
Icapuí,Amontada,False,360.075,335.705
Icapuí,Aquiraz,False,173.1007,156.795
Icapuí,Aracati,False,54.945,49.888333
Icapuí,Aracoiaba,False,191.7128,180.278333
Icapuí,Aurora,False,371.1979,309.193333
Icapuí,Barbalha,False,437.2572,353.64
Icapuí,Baturité,False,203.6418,192.928333
Icapuí,Beberibe,False,122.2472,107.533333
Icapuí,Bela Cruz,False,422.5766,395.28
Icapuí,Boa Viagem,False,369.2438,350.311667
Icapuí,Brejo Santo,False,410.1244,332.551667
Icapuí,Camocim,False,545.9465,505.523333
Icapuí,Campos Sales,False,541.0215,462.155
Icapuí,Canindé,False,267.8899,266.498333
Icapuí,Caririaçu,False,427.7073,337.253333
Icapuí,Cascavel,False,140.0908,123.715
Icapuí,Caucaia,True,216.5307,201.353333
Icapuí,Cedro,False,375.3076,307.738333
Icapuí,Chorozinho,False,153.5253,131.743333
Icapuí,Crateús,True,477.7643,456.126667
Icapuí,Crato,False,466.2758,366.125
Icapuí,Cruz,False,436.1641,404.698333
Icapuí,Eusébio,True,180.1945,165.281667
Icapuí,Forquilha,False,407.6876,367.775
Icapuí,Fortaleza,False,200.6628,190.333333
Icapuí,Granja,False,519.4588,483.046667
Icapuí,Guaiúba,False,205.2598,183.745
Icapuí,Guaraciaba do Norte,False,452.4584,452.488333
Icapuí,Horizonte,True,177.3417,165.82
Icapuí,Ibiapina,False,497.2167,456.666667
Icapuí,Icapuí,False,0.0,0.0
Icapuí,Icó,False,331.9073,266.94
Icapuí,Iguatu,False,384.5798,316.238333
Icapuí,Independência,False,428.0025,409.11
Icapuí,Ipu,False,446.6625,435.161667
Icapuí,Ipueiras,False,454.072,441.59
Icapuí,Itaitinga,False,184.444,169.376667
Icapuí,Itapajé,False,323.1091,294.613333
Icapuí,Itapipoca,True,329.3726,306.065
Icapuí,Itarema,False,402.9959,379.865
Icapuí,Jaguaribe,False,264.3961,226.811667
Icapuí,Jaguaruana,False,61.1669,91.878333
Icapuí,Jardim,False,454.4401,387.515
Icapuí,Juazeiro do Norte,True,455.3024,357.706667
Icapuí,Lavras da Mangabeira,False,365.6634,293.931667
Icapuí,Limoeiro do Norte,False,150.0157,143.248333
Icapuí,Maracanaú,False,205.4414,191.57
Icapuí,Maranguape,False,212.2877,194.353333
Icapuí,Marco,False,413.6173,385.503333
Icapuí,Massapê,False,446.6619,406.52
Icapuí,Mauriti,False,401.3537,328.95
Icapuí,Milagres,False,388.7905,316.775
Icapuí,Missão Velha,False,415.9604,339.191667
Icapuí,Mombaça,False,373.7526,355.266667
Icapuí,Morada Nova,False,171.2402,160.386667
Icapuí,Nova Russas,False,453.9733,442.628333
Icapuí,Novo Oriente,False,519.6616,493.926667
Icapuí,Ocara,False,162.5807,150.926667
Icapuí,Pacajus,False,167.026,143.311667
Icapuí,Pacatuba,False,196.336,180.658333
Icapuí,Paracuru,False,282.8072,264.413333
Icapuí,Paraipaba,False,287.2156,269.363333
Icapuí,Parambu,False,527.3133,474.533333
Icapuí,Pedra Branca,False,355.5805,341.781667
Icapuí,Pentecoste,False,285.2744,265.193333
Icapuí,Quixadá,True,229.3549,213.491667
Icapuí,Quixeramobim,False,272.2621,257.793333
Icapuí,Redenção,False,186.8937,174.23
Icapuí,Russas,True,119.0402,112.141667
Icapuí,Santa Quitéria,False,372.2428,366.126667
Icapuí,Santana do Acaraú,False,428.6606,399.73
Icapuí,Senador Pompeu,False,335.1504,312.391667
Icapuí,Sobral,True,425.3174,386.268333
Icapuí,São Benedito,False,511.854,472.246667
Icapuí,São Gonçalo do Amarante,False,254.8228,237.376667
Icapuí,Tabuleiro do Norte,False,161.4618,154.231667
Icapuí,Tamboril,False,437.8582,428.406667
Icapuí,Tauá,False,466.5836,429.076667
Icapuí,Tianguá,False,511.6839,463.453333
Icapuí,Trairi,False,319.0711,301.181667
Icapuí,Ubajara,False,504.6073,464.835
Icapuí,Viçosa do Ceará,False,542.0693,485.311667
Icapuí,Várzea Alegre,False,405.7643,328.693333
Icó,Acaraú,False,602.6431,535.388333
Icó,Acopiara,False,90.9003,89.235
Icó,Amontada,False,535.2728,473.103333
Icó,Aquiraz,False,369.1331,316.43
Icó,Aracati,False,281.9823,236.028333
Icó,Aracoiaba,False,283.3506,275.431667
Icó,Aurora,False,85.6625,73.82
Icó,Barbalha,False,160.2774,122.061667
Icó,Baturité,False,290.8431,282.373333
Icó,Beberibe,False,318.2796,267.168333
Icó,Bela Cruz,False,597.7744,532.678333
Icó,Boa Viagem,False,239.6385,232.551667
Icó,Brejo Santo,False,139.9949,106.421667
Icó,Camocim,False,588.8266,584.051667
Icó,Campos Sales,False,209.1142,195.215
Icó,Canindé,False,297.9934,298.22
Icó,Caririaçu,False,121.6697,88.405
Icó,Cascavel,False,336.1232,283.35
Icó,Caucaia,True,391.7285,338.751667
Icó,Cedro,False,43.4003,40.798333
Icó,Chorozinho,False,313.9544,264.105
Icó,Crateús,True,319.3919,300.668333
Icó,Crato,False,160.2381,117.276667
Icó,Cruz,False,611.3619,542.096667
Icó,Eusébio,True,369.5331,318.325
Icó,Forquilha,False,436.5488,446.425
Icó,Fortaleza,False,378.8718,331.125
Icó,Granja,False,553.1078,563.845
Icó,Guaiúba,False,365.6889,316.106667
Icó,Guaraciaba do Norte,False,451.263,423.6
Icó,Horizonte,True,337.7708,298.181667
Icó,Ibiapina,False,487.9739,458.175
Icó,Icapuí,False,333.5419,268.821667
Icó,Icó,False,0.0,0.0
Icó,Iguatu,False,52.6725,49.298333
Icó,Independência,False,269.6301,253.651667
Icó,Ipu,False,426.5016,400.605
Icó,Ipueiras,False,401.1761,376.578333
Icó,Itaitinga,False,353.6008,302.593333
Icó,Itapajé,False,498.3069,432.011667
Icó,Itapipoca,True,504.5704,443.463333
Icó,Itarema,False,578.1937,517.263333
Icó,Jaguaribe,False,69.0201,52.746667
Icó,Jaguaruana,False,259.895,211.925
Icó,Jardim,False,197.4304,156.771667
Icó,Juazeiro do Norte,True,149.2648,108.858333
Icó,Lavras da Mangabeira,False,59.6258,45.083333
Icó,Limoeiro do Norte,False,194.0126,152.216667
Icó,Maracanaú,False,379.2861,325.29
Icó,Maranguape,False,381.4445,327.57
Icó,Marco,False,588.8151,522.901667
Icó,Massapê,False,474.5539,483.285
Icó,Mauriti,False,131.2242,102.82
Icó,Milagres,False,118.661,90.645
Icó,Missão Velha,False,145.8309,113.061667
Icó,Mombaça,False,138.4623,140.348333
Icó,Morada Nova,False,213.5326,167.758333
Icó,Nova Russas,False,378.5133,355.095
Icó,Novo Oriente,False,301.1321,303.948333
Icó,Ocara,False,276.3178,263.44
Icó,Pacajus,False,327.4551,275.673333
Icó,Pacatuba,False,365.4928,313.875
Icó,Paracuru,False,458.005,401.811667
Icó,Paraipaba,False,462.4134,406.761667
Icó,Parambu,False,271.954,267.301667
Icó,Pedra Branca,False,197.2081,186.323333
Icó,Pentecoste,False,460.4722,402.591667
Icó,Quixadá,True,201.7368,189.961667
Icó,Quixeramobim,False,200.803,197.328333
Icó,Redenção,False,306.688,303.473333
Icó,Russas,True,219.2945,175.208333
Icó,Santa Quitéria,False,370.4,374.495
Icó,Santana do Acaraú,False,481.1493,487.985
Icó,Senador Pompeu,False,147.7549,137.388333
Icó,Sobral,True,453.2093,463.033333
Icó,São Benedito,False,473.6833,446.285
Icó,São Gonçalo do Amarante,False,430.0206,374.775
Icó,Tabuleiro do Norte,False,179.4222,138.5
Icó,Tamboril,False,344.9237,347.068333
Icó,Tauá,False,212.1558,222.168333
Icó,Tianguá,False,513.8643,482.786667
Icó,Trairi,False,494.2689,438.58
Icó,Ubajara,False,497.5592,467.956667
Icó,Viçosa do Ceará,False,544.8609,504.295
Icó,Várzea Alegre,False,99.7266,79.845
Iguatu,Acaraú,False,489.3456,511.575
Iguatu,Acopiara,False,38.4465,40.615
Iguatu,Amontada,False,463.9269,483.64
Iguatu,Aquiraz,False,356.6383,358.341667
Iguatu,Aracati,False,334.7121,285.498333
Iguatu,Aracoiaba,False,274.388,281.533333
Iguatu,Aurora,False,125.0345,112.753333
Iguatu,Barbalha,False,165.0088,141.27
Iguatu,Baturité,False,281.8804,288.475
Iguatu,Beberibe,False,371.0094,316.638333
Iguatu,Bela Cruz,False,477.3786,501.608333
Iguatu,Boa Viagem,False,172.6852,187.088333
Iguatu,Brejo Santo,False,192.2811,155.668333
Iguatu,Camocim,False,521.8733,538.588333
Iguatu,Campos Sales,False,158.4314,148.69
Iguatu,Canindé,False,275.4937,285.531667
Iguatu,Caririaçu,False,126.401,107.613333
Iguatu,Cascavel,False,388.8531,332.82
Iguatu,Caucaia,True,361.7528,357.041667
Iguatu,Cedro,False,54.8818,52.14
Iguatu,Chorozinho,False,293.6473,294.885
Iguatu,Crateús,True,252.4386,255.205
Iguatu,Crato,False,164.9695,136.485
Iguatu,Cruz,False,494.4604,516.393333
Iguatu,Eusébio,True,349.226,349.105
Iguatu,Forquilha,False,373.0157,403.716667
Iguatu,Fortaleza,False,357.4604,359.978333
Iguatu,Granja,False,496.5154,519.315
Iguatu,Guaiúba,False,319.7801,323.298333
Iguatu,Guaraciaba do Norte,False,384.3097,378.136667
Iguatu,Horizonte,True,317.4637,328.961667
Iguatu,Ibiapina,False,421.0205,412.711667
Iguatu,Icapuí,False,386.2718,318.291667
Iguatu,Icó,False,53.0204,50.125
Iguatu,Iguatu,False,0.0,0.0
Iguatu,Independência,False,202.6768,208.188333
Iguatu,Ipu,False,359.5482,355.141667
Iguatu,Ipueiras,False,334.2228,331.115
Iguatu,Itaitinga,False,333.2937,333.373333
Iguatu,Itapajé,False,402.576,420.431667
Iguatu,Itapipoca,True,433.2244,454.0
Iguatu,Itarema,False,505.1651,531.498333
Iguatu,Jaguaribe,False,121.75,102.216667
Iguatu,Jaguaruana,False,312.6248,261.395
Iguatu,Jardim,False,202.1618,175.98
Iguatu,Juazeiro do Norte,True,153.9962,128.066667
Iguatu,Lavras da Mangabeira,False,92.2883,83.943333
Iguatu,Limoeiro do Norte,False,246.7425,201.686667
Iguatu,Maracanaú,False,341.6501,339.405
Iguatu,Maranguape,False,343.8086,341.685
Iguatu,Marco,False,468.4193,491.831667
Iguatu,Massapê,False,411.0208,440.576667
Iguatu,Mauriti,False,183.5104,152.066667
Iguatu,Milagres,False,170.9472,139.891667
Iguatu,Missão Velha,False,175.5193,148.456667
Iguatu,Mombaça,False,86.0086,91.728333
Iguatu,Morada Nova,False,199.7715,200.013333
Iguatu,Nova Russas,False,311.56,309.631667
Iguatu,Novo Oriente,False,248.6783,255.328333
Iguatu,Ocara,False,267.3552,269.541667
Iguatu,Pacajus,False,307.148,306.453333
Iguatu,Pacatuba,False,327.8568,327.99
Iguatu,Paracuru,False,428.0293,420.101667
Iguatu,Paraipaba,False,432.4377,425.051667
Iguatu,Parambu,False,219.5003,218.681667
Iguatu,Pedra Branca,False,130.2547,140.86
Iguatu,Pentecoste,False,384.3878,397.441667
Iguatu,Quixadá,True,192.7741,196.063333
Iguatu,Quixeramobim,False,170.3133,188.53
Iguatu,Redenção,False,297.7253,309.575
Iguatu,Russas,True,272.0243,224.678333
Iguatu,Santa Quitéria,False,303.4467,329.031667
Iguatu,Santana do Acaraú,False,417.6161,445.276667
Iguatu,Senador Pompeu,False,115.8574,127.061667
Iguatu,Sobral,True,389.6763,420.325
Iguatu,São Benedito,False,406.73,400.821667
Iguatu,São Gonçalo do Amarante,False,400.0449,393.065
Iguatu,Tabuleiro do Norte,False,232.152,187.97
Iguatu,Tamboril,False,277.9704,301.605
Iguatu,Tauá,False,159.702,173.548333
Iguatu,Tianguá,False,446.911,437.323333
Iguatu,Trairi,False,464.2933,456.87
Iguatu,Ubajara,False,430.6058,422.493333
Iguatu,Viçosa do Ceará,False,477.9076,458.831667
Iguatu,Várzea Alegre,False,59.9706,65.668333
Independência,Acaraú,False,360.9602,347.478333
Independência,Acopiara,False,165.5666,169.016667
Independência,Amontada,False,333.7936,321.905
Independência,Aquiraz,False,325.7197,303.856667
Independência,Aracati,False,376.5164,366.496667
Independência,Aracoiaba,False,263.1153,254.218333
Independência,Aurora,False,327.5726,319.193333
Independência,Barbalha,False,339.5994,322.455
Independência,Baturité,False,270.6078,261.16
Independência,Beberibe,False,358.9077,353.595
Independência,Bela Cruz,False,348.9933,337.511667
Independência,Boa Viagem,False,85.4908,71.676667
Independência,Brejo Santo,False,409.4088,360.318333
Independência,Camocim,False,371.9452,343.523333
Independência,Campos Sales,False,316.2208,258.065
Independência,Canindé,False,188.9782,170.396667
Independência,Caririaçu,False,328.9392,314.053333
Independência,Cascavel,False,358.2758,335.778333
Independência,Caucaia,True,294.3192,271.191667
Independência,Cedro,False,257.42,258.58
Independência,Chorozinho,False,299.9978,296.113333
Independência,Crateús,True,50.136,48.606667
Independência,Crato,False,319.5521,302.633333
Independência,Cruz,False,366.075,352.296667
Independência,Eusébio,True,318.3073,294.62
Independência,Forquilha,False,244.6303,239.62
Independência,Fortaleza,False,304.4328,284.435
Independência,Granja,False,346.5872,324.25
Independência,Guaiúba,False,292.1074,278.516667
Independência,Guaraciaba do Norte,False,182.0072,171.538333
Independência,Horizonte,True,333.9067,324.086667
Independência,Ibiapina,False,218.718,206.113333
Independência,Icapuí,False,428.5854,411.301667
Independência,Icó,False,270.1482,254.775
Independência,Iguatu,False,202.606,207.148333
Independência,Independência,False,0.0,0.0
Independência,Ipu,False,157.2457,148.543333
Independência,Ipueiras,False,131.9203,124.516667
Independência,Itaitinga,False,312.0599,291.97
Independência,Itapajé,False,300.7904,277.54
Independência,Itapipoca,True,322.8699,312.563333
Independência,Itarema,False,376.7797,367.401667
Independência,Jaguaribe,False,242.6733,236.098333
Independência,Jaguaruana,False,383.4609,361.555
Independência,Jardim,False,376.7524,357.165
Independência,Juazeiro do Norte,True,331.1992,312.766667
Independência,Lavras da Mangabeira,False,294.8265,290.383333
Independência,Limoeiro do Norte,False,324.8512,308.686667
Independência,Maracanaú,False,295.8779,279.046667
Independência,Maranguape,False,286.1303,269.53
Independência,Marco,False,340.0339,327.735
Independência,Massapê,False,279.6503,267.718333
Independência,Mauriti,False,400.6382,356.716667
Independência,Milagres,False,388.0749,344.541667
Independência,Missão Velha,False,355.2433,334.615
Independência,Mombaça,False,118.3728,120.083333
Independência,Morada Nova,False,277.7735,271.07
Independência,Nova Russas,False,109.2575,103.033333
Independência,Novo Oriente,False,92.0333,86.406667
Independência,Ocara,False,273.7057,270.77
Independência,Pacajus,False,313.4985,307.681667
Independência,Pacatuba,False,299.4901,280.755
Independência,Paracuru,False,348.5918,329.835
Independência,Paraipaba,False,353.0003,334.785
Independência,Parambu,False,173.5835,134.861667
Independência,Pedra Branca,False,72.9661,68.83
Independência,Pentecoste,False,297.8723,282.306667
Independência,Quixadá,True,199.1246,197.291667
Independência,Quixeramobim,False,156.7721,153.668333
Independência,Redenção,False,286.4526,282.26
Independência,Russas,True,342.8604,324.838333
Independência,Santa Quitéria,False,175.0613,164.935
Independência,Santana do Acaraú,False,289.2308,281.18
Independência,Senador Pompeu,False,123.7157,119.76
Independência,Sobral,True,259.0244,248.566667
Independência,São Benedito,False,204.4275,194.223333
Independência,São Gonçalo do Amarante,False,332.8472,307.755
Independência,Tabuleiro do Norte,False,316.1088,297.611667
Independência,Tamboril,False,110.156,104.415
Independência,Tauá,False,112.8538,89.405
Independência,Tianguá,False,244.6085,230.725
Independência,Trairi,False,373.6938,362.151667
Independência,Ubajara,False,228.3033,215.895
Independência,Viçosa do Ceará,False,275.605,252.233333
Independência,Várzea Alegre,False,262.5088,272.108333
Ipu,Acaraú,False,210.9611,200.87
Ipu,Acopiara,False,321.5091,314.79
Ipu,Amontada,False,183.7945,175.296667
Ipu,Aquiraz,False,316.1827,303.331667
Ipu,Aracati,False,394.3122,390.071667
Ipu,Aracoiaba,False,254.8312,254.765
Ipu,Aurora,False,483.5152,464.966667
Ipu,Barbalha,False,474.6899,464.123333
Ipu,Baturité,False,262.3237,261.706667
Ipu,Beberibe,False,369.4763,354.85
Ipu,Bela Cruz,False,198.9942,190.903333
Ipu,Boa Viagem,False,177.6543,181.08
Ipu,Brejo Santo,False,565.3514,506.091667
Ipu,Camocim,False,212.1,198.063333
Ipu,Campos Sales,False,419.0748,380.681667
Ipu,Canindé,False,178.6086,169.081667
Ipu,Caririaçu,False,484.8818,459.826667
Ipu,Cascavel,False,348.7387,335.253333
Ipu,Caucaia,True,284.7822,270.666667
Ipu,Cedro,False,413.3625,404.353333
Ipu,Chorozinho,False,295.0296,307.806667
Ipu,Crateús,True,112.1471,105.383333
Ipu,Crato,False,454.6427,444.301667
Ipu,Cruz,False,216.0759,205.688333
Ipu,Eusébio,True,308.7703,294.095
Ipu,Forquilha,False,105.0332,110.243333
Ipu,Fortaleza,False,294.8958,283.91
Ipu,Granja,False,186.7421,178.79
Ipu,Guaiúba,False,282.5704,277.991667
Ipu,Guaraciaba do Norte,False,27.7761,26.3
Ipu,Horizonte,True,324.3697,323.561667
Ipu,Ibiapina,False,64.4869,60.875
Ipu,Icapuí,False,446.3813,434.876667
Ipu,Icó,False,426.0907,400.548333
Ipu,Iguatu,False,358.5486,352.921667
Ipu,Independência,False,157.073,147.805
Ipu,Ipu,False,0.0,0.0
Ipu,Ipueiras,False,25.1028,23.608333
Ipu,Itaitinga,False,302.5228,291.445
Ipu,Itapajé,False,199.9153,181.598333
Ipu,Itapipoca,True,199.0879,193.435
Ipu,Itarema,False,226.7806,220.793333
Ipu,Jaguaribe,False,398.6158,381.871667
Ipu,Jaguaruana,False,410.9531,415.18
Ipu,Jardim,False,511.8429,498.833333
Ipu,Juazeiro do Norte,True,466.2898,454.435
Ipu,Lavras da Mangabeira,False,450.769,436.156667
Ipu,Limoeiro do Norte,False,394.5822,388.736667
Ipu,Maracanaú,False,286.3409,278.521667
Ipu,Maranguape,False,276.5933,269.005
Ipu,Marco,False,190.0348,181.126667
Ipu,Massapê,False,122.8636,120.601667
Ipu,Mauriti,False,556.5807,502.49
Ipu,Milagres,False,544.0174,490.315
Ipu,Missão Velha,False,490.3338,476.283333
Ipu,Mombaça,False,274.3154,265.856667
Ipu,Morada Nova,False,355.9885,350.578333
Ipu,Nova Russas,False,55.6004,52.295
Ipu,Novo Oriente,False,153.0898,143.061667
Ipu,Ocara,False,290.9557,290.355
Ipu,Pacajus,False,314.5497,310.911667
Ipu,Pacatuba,False,289.953,280.23
Ipu,Paracuru,False,289.4899,258.491667
Ipu,Paraipaba,False,255.8884,246.66
Ipu,Parambu,False,246.2554,229.493333
Ipu,Pedra Branca,False,228.9086,214.603333
Ipu,Pentecoste,False,248.8882,234.245
Ipu,Quixadá,True,276.9825,276.416667
Ipu,Quixeramobim,False,275.0183,274.523333
Ipu,Redenção,False,278.1686,282.806667
Ipu,Russas,True,392.2776,398.913333
Ipu,Santa Quitéria,False,74.1861,68.993333
Ipu,Santana do Acaraú,False,139.2317,134.571667
Ipu,Senador Pompeu,False,279.6583,265.533333
Ipu,Sobral,True,102.2377,101.45
Ipu,São Benedito,False,50.1964,48.985
Ipu,São Gonçalo do Amarante,False,282.3229,252.796667
Ipu,Tabuleiro do Norte,False,400.5026,393.483333
Ipu,Tamboril,False,96.7894,91.275
Ipu,Tauá,False,242.5162,225.873333
Ipu,Tianguá,False,90.3774,85.486667
Ipu,Trairi,False,249.9119,243.023333
Ipu,Ubajara,False,74.0722,70.656667
Ipu,Viçosa do Ceará,False,121.374,106.995
Ipu,Várzea Alegre,False,418.4513,417.881667
Ipueiras,Acaraú,False,235.8275,223.47
Ipueiras,Acopiara,False,296.8146,291.196667
Ipueiras,Amontada,False,208.6609,197.896667
Ipueiras,Aquiraz,False,323.7728,310.111667
Ipueiras,Aracati,False,401.9023,396.851667
Ipueiras,Aracoiaba,False,262.4213,261.545
Ipueiras,Aurora,False,458.8207,441.373333
Ipueiras,Barbalha,False,449.9955,440.53
Ipueiras,Baturité,False,269.9138,268.486667
Ipueiras,Beberibe,False,377.0664,361.63
Ipueiras,Bela Cruz,False,223.8606,213.503333
Ipueiras,Boa Viagem,False,152.5515,157.471667
Ipueiras,Brejo Santo,False,540.6569,482.498333
Ipueiras,Camocim,False,240.0249,219.006667
Ipueiras,Campos Sales,False,394.3804,357.088333
Ipueiras,Canindé,False,186.1988,175.861667
Ipueiras,Caririaçu,False,460.1873,436.233333
Ipueiras,Cascavel,False,356.3288,342.033333
Ipueiras,Caucaia,True,292.3723,277.446667
Ipueiras,Cedro,False,388.6681,380.76
Ipueiras,Chorozinho,False,302.6197,314.586667
Ipueiras,Crateús,True,87.4527,81.79
Ipueiras,Crato,False,429.9482,420.708333
Ipueiras,Cruz,False,240.9423,228.288333
Ipueiras,Eusébio,True,316.3604,300.875
Ipueiras,Forquilha,False,129.8996,132.843333
Ipueiras,Fortaleza,False,302.4859,290.69
Ipueiras,Granja,False,214.6669,199.733333
Ipueiras,Guaiúba,False,290.1605,284.771667
Ipueiras,Guaraciaba do Norte,False,50.0869,47.021667
Ipueiras,Horizonte,True,331.9598,330.341667
Ipueiras,Ibiapina,False,86.7977,81.596667
Ipueiras,Icapuí,False,453.9713,441.656667
Ipueiras,Icó,False,401.3963,376.955
Ipueiras,Iguatu,False,333.8541,329.328333
Ipueiras,Independência,False,132.3785,124.211667
Ipueiras,Ipu,False,25.3254,24.026667
Ipueiras,Ipueiras,False,0.0,0.0
Ipueiras,Itaitinga,False,310.1129,298.225
Ipueiras,Itapajé,False,207.5054,188.378333
Ipueiras,Itapipoca,True,223.9543,216.035
Ipueiras,Itarema,False,251.647,243.393333
Ipueiras,Jaguaribe,False,373.9213,358.278333
Ipueiras,Jaguaruana,False,418.5431,421.96
Ipueiras,Jardim,False,487.1485,475.24
Ipueiras,Juazeiro do Norte,True,441.5953,430.841667
Ipueiras,Lavras da Mangabeira,False,426.0746,412.563333
Ipueiras,Limoeiro do Norte,False,402.1723,395.516667
Ipueiras,Maracanaú,False,293.931,285.301667
Ipueiras,Maranguape,False,284.1833,275.785
Ipueiras,Marco,False,214.9012,203.726667
Ipueiras,Massapê,False,147.73,143.201667
Ipueiras,Mauriti,False,531.8862,478.896667
Ipueiras,Milagres,False,519.323,466.721667
Ipueiras,Missão Velha,False,465.6394,452.69
Ipueiras,Mombaça,False,249.6209,242.263333
Ipueiras,Morada Nova,False,363.5786,357.358333
Ipueiras,Nova Russas,False,30.4977,28.686667
Ipueiras,Novo Oriente,False,128.3953,119.468333
Ipueiras,Ocara,False,298.5458,297.135
Ipueiras,Pacajus,False,322.1398,317.691667
Ipueiras,Pacatuba,False,297.5431,287.01
Ipueiras,Paracuru,False,297.08,265.271667
Ipueiras,Paraipaba,False,280.7548,269.26
Ipueiras,Parambu,False,221.561,205.9
Ipueiras,Pedra Branca,False,204.2142,191.01
Ipueiras,Pentecoste,False,256.4783,241.025
Ipueiras,Quixadá,True,284.5726,283.196667
Ipueiras,Quixeramobim,False,249.9156,250.915
Ipueiras,Redenção,False,285.7587,289.586667
Ipueiras,Russas,True,399.8677,405.693333
Ipueiras,Santa Quitéria,False,81.7763,75.773333
Ipueiras,Santana do Acaraú,False,164.0981,157.171667
Ipueiras,Senador Pompeu,False,254.9638,241.94
Ipueiras,Sobral,True,127.1041,124.05
Ipueiras,São Benedito,False,72.5072,69.706667
Ipueiras,São Gonçalo do Amarante,False,289.9131,259.576667
Ipueiras,Tabuleiro do Norte,False,408.0927,400.263333
Ipueiras,Tamboril,False,71.6867,67.666667
Ipueiras,Tauá,False,217.8218,202.28
Ipueiras,Tianguá,False,112.6882,106.208333
Ipueiras,Trairi,False,274.7783,265.623333
Ipueiras,Ubajara,False,96.383,91.378333
Ipueiras,Viçosa do Ceará,False,143.6848,127.716667
Ipueiras,Várzea Alegre,False,393.7568,394.288333
Itaitinga,Acaraú,False,258.4324,240.108333
Itaitinga,Acopiara,False,316.221,329.63
Itaitinga,Amontada,False,191.0621,177.823333
Itaitinga,Aquiraz,False,30.4774,35.243333
Itaitinga,Aracati,False,142.1073,127.626667
Itaitinga,Aracoiaba,False,64.793,57.528333
Itaitinga,Aurora,False,438.3885,375.298333
Itaitinga,Barbalha,False,513.0035,423.54
Itaitinga,Baturité,False,76.7221,70.178333
Itaitinga,Beberibe,False,68.0578,71.518333
Itaitinga,Bela Cruz,False,253.5637,237.398333
Itaitinga,Boa Viagem,False,227.1818,220.755
Itaitinga,Brejo Santo,False,492.7209,407.9
Itaitinga,Camocim,False,376.9336,347.641667
Itaitinga,Campos Sales,False,554.3134,480.31
Itaitinga,Canindé,False,125.467,124.391667
Itaitinga,Caririaçu,False,474.3957,389.883333
Itaitinga,Cascavel,False,47.3202,51.921667
Itaitinga,Caucaia,True,47.5178,43.471667
Itaitinga,Cedro,False,397.7281,344.426667
Itaitinga,Chorozinho,False,41.8942,43.878333
Itaitinga,Crateús,True,362.1177,338.753333
Itaitinga,Crato,False,512.9641,418.755
Itaitinga,Cruz,False,267.1513,246.816667
Itaitinga,Eusébio,True,23.0651,26.006667
Itaitinga,Forquilha,False,238.6747,209.893333
Itaitinga,Fortaleza,False,32.4038,38.806667
Itaitinga,Granja,False,350.4459,325.165
Itaitinga,Guaiúba,False,20.0858,19.583333
Itaitinga,Guaraciaba do Norte,False,309.0479,309.801667
Itaitinga,Horizonte,True,23.5766,35.363333
Itaitinga,Ibiapina,False,328.2038,298.785
Itaitinga,Icapuí,False,194.1763,172.431667
Itaitinga,Icó,False,354.3278,303.628333
Itaitinga,Iguatu,False,333.7618,334.748333
Itaitinga,Independência,False,312.3559,291.736667
Itaitinga,Ipu,False,303.2521,292.475
Itaitinga,Ipueiras,False,310.6615,298.903333
Itaitinga,Itaitinga,False,0.0,0.0
Itaitinga,Itapajé,False,154.0962,136.731667
Itaitinga,Itapipoca,True,160.3597,148.183333
Itaitinga,Itarema,False,233.983,221.983333
Itaitinga,Jaguaribe,False,285.4286,251.138333
Itaitinga,Jaguaruana,False,158.7481,152.735
Itaitinga,Jardim,False,550.1565,458.25
Itaitinga,Juazeiro do Norte,True,501.9908,410.336667
Itaitinga,Lavras da Mangabeira,False,412.3518,346.561667
Itaitinga,Limoeiro do Norte,False,171.0482,167.575
Itaitinga,Maracanaú,False,27.4151,25.835
Itaitinga,Maranguape,False,29.5735,28.115
Itaitinga,Marco,False,244.6044,227.621667
Itaitinga,Massapê,False,277.6491,248.638333
Itaitinga,Mauriti,False,483.9503,404.298333
Itaitinga,Milagres,False,471.387,392.123333
Itaitinga,Missão Velha,False,498.5569,414.54
Itaitinga,Mombaça,False,276.6943,284.111667
Itaitinga,Morada Nova,False,138.4397,143.935
Itaitinga,Nova Russas,False,310.5628,299.941667
Itaitinga,Novo Oriente,False,404.015,376.553333
Itaitinga,Ocara,False,82.6589,75.245
Itaitinga,Pacajus,False,27.12,29.115
Itaitinga,Pacatuba,False,13.6218,14.42
Itaitinga,Paracuru,False,113.7943,106.531667
Itaitinga,Paraipaba,False,118.2027,111.481667
Itaitinga,Parambu,False,411.6762,357.106667
Itaitinga,Pedra Branca,False,267.2669,266.663333
Itaitinga,Pentecoste,False,116.2615,107.311667
Itaitinga,Quixadá,True,141.0413,138.373333
Itaitinga,Quixeramobim,False,183.9485,182.675
Itaitinga,Redenção,False,46.7723,41.516667
Itaitinga,Russas,True,140.0727,136.468333
Itaitinga,Santa Quitéria,False,228.8324,223.44
Itaitinga,Santana do Acaraú,False,259.6478,241.848333
Itaitinga,Senador Pompeu,False,237.7465,243.556667
Itaitinga,Sobral,True,256.3045,228.386667
Itaitinga,São Benedito,False,342.8411,314.365
Itaitinga,São Gonçalo do Amarante,False,85.8099,79.495
Itaitinga,Tabuleiro do Norte,False,182.4943,178.558333
Itaitinga,Tamboril,False,294.4477,285.72
Itaitinga,Tauá,False,350.9465,311.65
Itaitinga,Tianguá,False,342.671,305.571667
Itaitinga,Trairi,False,150.0582,143.3
Itaitinga,Ubajara,False,335.5944,306.953333
Itaitinga,Viçosa do Ceará,False,373.0563,327.43
Itaitinga,Várzea Alegre,False,452.4526,381.323333
Itapajé,Acaraú,False,147.6148,140.721667
Itapajé,Acopiara,False,365.2888,380.051667
Itapajé,Amontada,False,73.1463,71.18
Itapajé,Aquiraz,False,150.6215,139.721667
Itapajé,Aracati,False,270.1061,248.506667
Itapajé,Aracoiaba,False,194.0033,169.626667
Itapajé,Aurora,False,512.2925,505.64
Itapajé,Barbalha,False,559.6255,542.695
Itapajé,Baturité,False,205.9323,182.276667
Itapajé,Beberibe,False,203.9152,191.24
Itapajé,Bela Cruz,False,135.6479,130.755
Itapajé,Boa Viagem,False,230.69,233.01
Itapajé,Brejo Santo,False,566.625,538.241667
Itapajé,Camocim,False,230.1579,216.57
Itapajé,Campos Sales,False,557.8216,492.565
Itapajé,Canindé,False,128.9752,136.646667
Itapajé,Caririaçu,False,521.0178,509.038333
Itapajé,Cascavel,False,183.1775,171.643333
Itapajé,Caucaia,True,114.6423,102.846667
Itapajé,Cedro,False,449.4985,453.565
Itapajé,Chorozinho,False,186.5812,174.256667
Itapajé,Crateús,True,256.9843,236.42
Itapajé,Crato,False,561.1531,537.133333
Itapajé,Cruz,False,152.7296,145.54
Itapajé,Eusébio,True,143.2092,130.485
Itapajé,Forquilha,False,86.0729,75.935
Itapajé,Fortaleza,False,129.5698,120.858333
Itapajé,Granja,False,203.6011,195.24
Itapajé,Guaiúba,False,149.2961,131.681667
Itapajé,Guaraciaba do Norte,False,183.192,183.7
Itapajé,Horizonte,True,168.2636,165.741667
Itapajé,Ibiapina,False,175.6019,164.826667
Itapajé,Icapuí,False,322.1751,293.311667
Itapajé,Icó,False,427.3643,432.698333
Itapajé,Iguatu,False,402.3282,418.183333
Itapajé,Independência,False,302.7629,277.436667
Itapajé,Ipu,False,201.319,181.69
Itapajé,Ipueiras,False,208.7285,188.118333
Itapajé,Itaitinga,False,148.874,136.623333
Itapajé,Itapajé,False,0.0,0.0
Itapajé,Itapipoca,True,37.6831,36.075
Itapajé,Itarema,False,127.9971,124.343333
Itapajé,Jaguaribe,False,430.1156,381.516667
Itapajé,Jaguaruana,False,303.4351,283.113333
Itapajé,Jardim,False,596.7786,577.405
Itapajé,Juazeiro do Norte,True,548.6129,529.491667
Itapajé,Lavras da Mangabeira,False,486.2559,476.903333
Itapajé,Limoeiro do Norte,False,315.7351,297.953333
Itapajé,Maracanaú,False,127.6958,116.641667
Itapajé,Maranguape,False,130.0168,118.258333
Itapajé,Marco,False,126.6885,120.978333
Itapajé,Massapê,False,125.0473,114.68
Itapajé,Mauriti,False,557.8543,534.64
Itapajé,Milagres,False,545.2911,522.465
Itapajé,Missão Velha,False,572.461,544.881667
Itapajé,Mombaça,False,318.095,331.118333
Itapajé,Morada Nova,False,283.1266,274.313333
Itapajé,Nova Russas,False,208.6298,189.156667
Itapajé,Novo Oriente,False,299.2548,274.66
Itapajé,Ocara,False,211.8691,187.343333
Itapajé,Pacajus,False,171.807,159.493333
Itapajé,Pacatuba,False,141.4617,125.62
Itapajé,Paracuru,False,91.2385,79.825
Itapajé,Paraipaba,False,95.647,84.775
Itapajé,Parambu,False,392.4205,361.091667
Itapajé,Pedra Branca,False,272.3505,279.631667
Itapajé,Pentecoste,False,50.6368,55.578333
Itapajé,Quixadá,True,225.6091,242.485
Itapajé,Quixeramobim,False,257.835,259.47
Itapajé,Redenção,False,175.9826,153.615
Itapajé,Russas,True,284.7596,266.846667
Itapajé,Santa Quitéria,False,127.0215,112.75
Itapajé,Santana do Acaraú,False,131.6426,119.38
Itapajé,Senador Pompeu,False,312.3534,318.835
Itapajé,Sobral,True,103.7027,94.428333
Itapajé,São Benedito,False,190.2393,180.406667
Itapajé,São Gonçalo do Amarante,False,84.0716,74.13
Itapajé,Tabuleiro do Norte,False,327.1813,308.936667
Itapajé,Tamboril,False,192.5147,174.935
Itapajé,Tauá,False,354.4547,323.905
Itapajé,Tianguá,False,190.0692,171.613333
Itapajé,Trairi,False,90.6482,89.76
Itapajé,Ubajara,False,182.9926,172.995
Itapajé,Viçosa do Ceará,False,220.4545,193.471667
Itapajé,Várzea Alegre,False,462.2309,483.143333
Itapipoca,Acaraú,False,109.9903,104.683333
Itapipoca,Acopiara,False,395.7248,412.995
Itapipoca,Amontada,False,35.5218,35.141667
Itapipoca,Aquiraz,False,156.8258,151.008333
Itapipoca,Aracati,False,276.3103,259.793333
Itapipoca,Aracoiaba,False,200.2076,180.913333
Itapipoca,Aurora,False,589.2797,516.963333
Itapipoca,Barbalha,False,663.8947,565.205
Itapipoca,Baturité,False,212.1366,193.563333
Itapipoca,Beberibe,False,210.1195,202.526667
Itapipoca,Bela Cruz,False,98.0234,94.716667
Itapipoca,Boa Viagem,False,261.126,265.953333
Itapipoca,Brejo Santo,False,643.6121,549.565
Itapipoca,Camocim,False,224.8874,210.326667
Itapipoca,Campos Sales,False,588.2576,525.508333
Itapipoca,Canindé,False,159.4112,169.59
Itapipoca,Caririaçu,False,625.2869,531.548333
Itapipoca,Cascavel,False,189.3818,182.93
Itapipoca,Caucaia,True,120.8466,114.133333
Itapipoca,Cedro,False,505.624,476.95
Itapipoca,Chorozinho,False,192.7854,185.543333
Itapipoca,Crateús,True,282.1164,271.93
Itapipoca,Crato,False,663.8554,560.42
Itapipoca,Cruz,False,115.1051,109.501667
Itapipoca,Eusébio,True,149.4134,141.771667
Itapipoca,Forquilha,False,108.8602,103.65
Itapipoca,Fortaleza,False,135.7741,132.145
Itapipoca,Granja,False,198.3998,187.85
Itapipoca,Guaiúba,False,155.5004,142.968333
Itapipoca,Guaraciaba do Norte,False,194.6353,193.115
Itapipoca,Horizonte,True,174.4679,177.028333
Itapipoca,Ibiapina,False,174.2365,169.031667
Itapipoca,Icapuí,False,328.3794,304.598333
Itapipoca,Icó,False,505.219,445.293333
Itapipoca,Iguatu,False,432.7643,451.126667
Itapipoca,Independência,False,327.8951,312.946667
Itapipoca,Ipu,False,201.941,193.805
Itapipoca,Ipueiras,False,226.7458,216.48
Itapipoca,Itaitinga,False,155.0783,147.91
Itapipoca,Itapajé,False,37.9254,36.811667
Itapipoca,Itapipoca,True,0.0,0.0
Itapipoca,Itarema,False,90.3726,88.305
Itapipoca,Jaguaribe,False,436.3198,392.803333
Itapipoca,Jaguaruana,False,309.6393,294.4
Itapipoca,Jardim,False,701.0478,599.915
Itapipoca,Juazeiro do Norte,True,652.8821,552.001667
Itapipoca,Lavras da Mangabeira,False,563.243,488.226667
Itapipoca,Limoeiro do Norte,False,321.9394,309.24
Itapipoca,Maracanaú,False,133.9001,127.928333
Itapipoca,Maranguape,False,136.2211,129.545
Itapipoca,Marco,False,89.064,84.94
Itapipoca,Massapê,False,115.6199,111.126667
Itapipoca,Mauriti,False,634.8414,545.963333
Itapipoca,Milagres,False,622.2782,533.788333
Itapipoca,Missão Velha,False,649.4481,556.205
Itapipoca,Mombaça,False,348.531,364.061667
Itapipoca,Morada Nova,False,289.3309,285.6
Itapipoca,Nova Russas,False,233.7619,224.666667
Itapipoca,Novo Oriente,False,324.3869,310.17
Itapipoca,Ocara,False,218.0734,198.63
Itapipoca,Pacajus,False,178.0112,170.78
Itapipoca,Pacatuba,False,147.6659,136.906667
Itapipoca,Paracuru,False,76.8701,79.861667
Itapipoca,Paraipaba,False,60.2483,59.471667
Itapipoca,Parambu,False,417.5526,396.601667
Itapipoca,Pedra Branca,False,302.7865,312.575
Itapipoca,Pentecoste,False,61.0221,69.668333
Itapipoca,Quixadá,True,281.7346,265.87
Itapipoca,Quixeramobim,False,288.2711,292.413333
Itapipoca,Redenção,False,182.1869,164.901667
Itapipoca,Russas,True,290.9639,278.133333
Itapipoca,Santa Quitéria,False,152.1536,148.26
Itapipoca,Santana do Acaraú,False,104.1074,99.166667
Itapipoca,Senador Pompeu,False,342.7894,351.778333
Itapipoca,Sobral,True,99.9409,98.01
Itapipoca,São Benedito,False,188.8739,184.611667
Itapipoca,São Gonçalo do Amarante,False,83.949,81.701667
Itapipoca,Tabuleiro do Norte,False,333.3855,320.223333
Itapipoca,Tamboril,False,217.6468,210.445
Itapipoca,Tauá,False,384.8907,356.848333
Itapipoca,Tianguá,False,188.7038,175.818333
Itapipoca,Trairi,False,54.2718,55.835
Itapipoca,Ubajara,False,181.6272,177.2
Itapipoca,Viçosa do Ceará,False,219.0891,197.676667
Itapipoca,Várzea Alegre,False,492.6669,516.086667
Itarema,Acaraú,False,24.635,22.533333
Itarema,Acopiara,False,475.8318,490.498333
Itarema,Amontada,False,55.9831,54.688333
Itarema,Aquiraz,False,231.3819,224.515
Itarema,Aracati,False,350.8665,333.3
Itarema,Aracoiaba,False,274.7638,254.42
Itarema,Aurora,False,663.8359,590.47
Itarema,Barbalha,False,738.4508,638.711667
Itarema,Baturité,False,286.6928,267.07
Itarema,Beberibe,False,284.6756,276.033333
Itarema,Bela Cruz,False,50.4311,46.228333
Itarema,Boa Viagem,False,341.5721,344.765
Itarema,Brejo Santo,False,718.1683,623.071667
Itarema,Camocim,False,143.1362,130.066667
Itarema,Campos Sales,False,653.0876,598.79
Itarema,Canindé,False,245.1001,253.115
Itarema,Caririaçu,False,699.8431,605.055
Itarema,Cascavel,False,263.938,256.436667
Itarema,Caucaia,True,194.3327,186.505
Itarema,Cedro,False,580.1801,550.456667
Itarema,Chorozinho,False,267.3416,259.05
Itarema,Crateús,True,346.16,323.491667
Itarema,Crato,False,738.4115,633.926667
Itarema,Cruz,False,33.3539,29.241667
Itarema,Eusébio,True,223.9696,215.278333
Itarema,Forquilha,False,141.23,128.886667
Itarema,Fortaleza,False,210.3303,205.651667
Itarema,Granja,False,116.6485,107.59
Itarema,Guaiúba,False,230.0565,216.475
Itarema,Guaraciaba do Norte,False,227.0051,218.351667
Itarema,Horizonte,True,249.024,250.535
Itarema,Ibiapina,False,206.6063,194.268333
Itarema,Icapuí,False,402.9355,378.105
Itarema,Icó,False,579.7752,518.8
Itarema,Iguatu,False,512.8713,528.63
Itarema,Independência,False,391.0858,365.913333
Itarema,Ipu,False,234.3108,219.041667
Itarema,Ipueiras,False,259.1156,241.716667
Itarema,Itaitinga,False,229.6344,221.416667
Itarema,Itapajé,False,125.0272,123.638333
Itarema,Itapipoca,True,87.4814,87.813333
Itarema,Itarema,False,0.0,0.0
Itarema,Jaguaribe,False,510.876,466.31
Itarema,Jaguaruana,False,384.1955,367.906667
Itarema,Jardim,False,775.6039,673.421667
Itarema,Juazeiro do Norte,True,727.4382,625.508333
Itarema,Lavras da Mangabeira,False,637.7992,561.733333
Itarema,Limoeiro do Norte,False,396.4956,382.746667
Itarema,Maracanaú,False,208.4562,201.435
Itarema,Maranguape,False,210.7772,203.051667
Itarema,Marco,False,59.0111,52.478333
Itarema,Massapê,False,117.6972,110.463333
Itarema,Mauriti,False,709.3976,619.47
Itarema,Milagres,False,696.8344,607.295
Itarema,Missão Velha,False,724.0043,629.711667
Itarema,Mombaça,False,428.6381,441.565
Itarema,Morada Nova,False,363.887,359.106667
Itarema,Nova Russas,False,289.6133,270.403333
Itarema,Novo Oriente,False,387.1026,361.17
Itarema,Ocara,False,292.6296,272.136667
Itarema,Pacajus,False,252.5674,244.286667
Itarema,Pacatuba,False,222.2221,210.413333
Itarema,Paracuru,False,141.416,141.488333
Itarema,Paraipaba,False,124.7941,121.098333
Itarema,Parambu,False,480.2683,447.601667
Itarema,Pedra Branca,False,382.8936,390.078333
Itarema,Pentecoste,False,146.711,153.193333
Itarema,Quixadá,True,356.2908,339.376667
Itarema,Quixeramobim,False,373.9599,375.938333
Itarema,Redenção,False,256.743,238.408333
Itarema,Russas,True,365.52,351.64
Itarema,Santa Quitéria,False,209.725,201.516667
Itarema,Santana do Acaraú,False,96.0585,87.09
Itarema,Senador Pompeu,False,428.4783,435.303333
Itarema,Sobral,True,131.9089,122.221667
Itarema,São Benedito,False,221.2437,209.848333
Itarema,São Gonçalo do Amarante,False,148.4949,143.328333
Itarema,Tabuleiro do Norte,False,407.9417,393.73
Itarema,Tamboril,False,275.2182,263.701667
Itarema,Tauá,False,463.8083,433.881667
Itarema,Tianguá,False,213.6075,197.086667
Itarema,Trairi,False,109.0621,106.99
Itarema,Ubajara,False,213.997,202.436667
Itarema,Viçosa do Ceará,False,187.8443,179.235
Itarema,Várzea Alegre,False,622.4201,590.55
Jaguaribe,Acaraú,False,533.623,482.641667
Jaguaribe,Acopiara,False,159.7994,141.725
Jaguaribe,Amontada,False,466.2528,420.356667
Jaguaribe,Aquiraz,False,300.113,263.683333
Jaguaribe,Aracati,False,212.9622,183.281667
Jaguaribe,Aracoiaba,False,265.8162,253.196667
Jaguaribe,Aurora,False,152.9599,124.16
Jaguaribe,Barbalha,False,227.5749,172.401667
Jaguaribe,Baturité,False,263.5386,264.09
Jaguaribe,Beberibe,False,249.2595,214.421667
Jaguaribe,Bela Cruz,False,528.7543,479.931667
Jaguaribe,Boa Viagem,False,212.334,214.268333
Jaguaribe,Brejo Santo,False,207.2923,156.761667
Jaguaribe,Camocim,False,561.5221,565.768333
Jaguaribe,Campos Sales,False,278.0134,247.705
Jaguaribe,Canindé,False,270.6889,279.936667
Jaguaribe,Caririaçu,False,188.9671,138.745
Jaguaribe,Cascavel,False,267.1031,230.603333
Jaguaribe,Caucaia,True,322.7084,286.005
Jaguaribe,Cedro,False,112.2995,93.288333
Jaguaribe,Chorozinho,False,244.9343,211.358333
Jaguaribe,Crateús,True,292.0874,282.385
Jaguaribe,Crato,False,227.5355,167.616667
Jaguaribe,Cruz,False,542.3419,489.35
Jaguaribe,Eusébio,True,300.513,265.578333
Jaguaribe,Forquilha,False,409.2443,428.141667
Jaguaribe,Fortaleza,False,309.8517,278.378333
Jaguaribe,Granja,False,525.8033,545.561667
Jaguaribe,Guaiúba,False,296.6688,263.36
Jaguaribe,Guaraciaba do Norte,False,423.9585,405.316667
Jaguaribe,Horizonte,True,268.7507,245.435
Jaguaribe,Ibiapina,False,460.6693,439.891667
Jaguaribe,Icapuí,False,263.9116,226.776667
Jaguaribe,Icó,False,68.8992,52.49
Jaguaribe,Iguatu,False,121.5717,101.788333
Jaguaribe,Independência,False,242.3256,235.368333
Jaguaribe,Ipu,False,399.197,382.321667
Jaguaribe,Ipueiras,False,373.8716,358.295
Jaguaribe,Itaitinga,False,284.5807,249.846667
Jaguaribe,Itapajé,False,429.2868,379.265
Jaguaribe,Itapipoca,True,435.5503,390.716667
Jaguaribe,Itarema,False,509.1736,464.516667
Jaguaribe,Jaguaribe,False,0.0,0.0
Jaguaribe,Jaguaruana,False,190.8749,159.178333
Jaguaribe,Jardim,False,264.7279,207.111667
Jaguaribe,Juazeiro do Norte,True,216.5622,159.198333
Jaguaribe,Lavras da Mangabeira,False,126.9232,95.423333
Jaguaribe,Limoeiro do Norte,False,124.9925,99.47
Jaguaribe,Maracanaú,False,310.266,272.543333
Jaguaribe,Maranguape,False,312.4244,274.823333
Jaguaribe,Marco,False,519.795,470.155
Jaguaribe,Massapê,False,447.2494,465.001667
Jaguaribe,Mauriti,False,198.5217,153.16
Jaguaribe,Milagres,False,185.9584,140.985
Jaguaribe,Missão Velha,False,213.1283,163.401667
Jaguaribe,Mombaça,False,159.0526,161.98
Jaguaribe,Morada Nova,False,144.5125,115.011667
Jaguaribe,Nova Russas,False,351.2088,336.811667
Jaguaribe,Novo Oriente,False,333.9846,320.185
Jaguaribe,Ocara,False,231.3891,220.543333
Jaguaribe,Pacajus,False,258.435,222.926667
Jaguaribe,Pacatuba,False,296.4727,261.128333
Jaguaribe,Paracuru,False,388.9849,349.065
Jaguaribe,Paraipaba,False,393.3933,354.015
Jaguaribe,Parambu,False,341.6363,300.791667
Jaguaribe,Pedra Branca,False,169.9035,168.04
Jaguaribe,Pentecoste,False,391.4521,349.845
Jaguaribe,Quixadá,True,174.4322,171.678333
Jaguaribe,Quixeramobim,False,173.4985,179.045
Jaguaribe,Redenção,False,278.3027,253.845
Jaguaribe,Russas,True,150.2744,122.461667
Jaguaribe,Santa Quitéria,False,343.0955,356.211667
Jaguaribe,Santana do Acaraú,False,453.8447,469.701667
Jaguaribe,Senador Pompeu,False,120.4503,119.105
Jaguaribe,Sobral,True,425.9048,444.75
Jaguaribe,São Benedito,False,446.3788,428.001667
Jaguaribe,São Gonçalo do Amarante,False,361.0005,322.028333
Jaguaribe,Tabuleiro do Norte,False,110.4021,85.753333
Jaguaribe,Tamboril,False,317.6192,328.785
Jaguaribe,Tauá,False,280.9066,255.335
Jaguaribe,Tianguá,False,486.5598,464.503333
Jaguaribe,Trairi,False,425.2488,385.833333
Jaguaribe,Ubajara,False,470.2546,449.673333
Jaguaribe,Viçosa do Ceará,False,517.5564,486.011667
Jaguaribe,Várzea Alegre,False,167.024,130.185
Jaguaruana,Acaraú,False,406.9236,384.491667
Jaguaruana,Acopiara,False,297.5593,289.17
Jaguaruana,Amontada,False,339.5533,322.206667
Jaguaruana,Aquiraz,False,166.8888,153.998333
Jaguaruana,Aracati,False,48.0489,49.801667
Jaguaruana,Aracoiaba,False,156.4224,161.743333
Jaguaruana,Aurora,False,343.9697,283.766667
Jaguaruana,Barbalha,False,418.5847,332.008333
Jaguaruana,Baturité,False,168.3514,174.393333
Jaguaruana,Beberibe,False,116.0353,104.736667
Jaguaruana,Bela Cruz,False,402.0549,381.781667
Jaguaruana,Boa Viagem,False,315.6447,302.275
Jaguaruana,Brejo Santo,False,398.3021,316.368333
Jaguaruana,Camocim,False,525.4248,492.025
Jaguaruana,Campos Sales,False,469.0231,407.311667
Jaguaruana,Canindé,False,232.5995,247.963333
Jaguaruana,Caririaçu,False,379.9769,298.351667
Jaguaruana,Cascavel,False,133.8789,120.918333
Jaguaruana,Caucaia,True,196.009,187.855
Jaguaruana,Cedro,False,303.3093,252.895
Jaguaruana,Chorozinho,False,118.2348,113.208333
Jaguaruana,Crateús,True,424.1652,408.09
Jaguaruana,Crato,False,418.5453,327.223333
Jaguaruana,Cruz,False,415.6424,391.2
Jaguaruana,Eusébio,True,173.9826,162.485
Jaguaruana,Forquilha,False,387.1659,354.276667
Jaguaruana,Fortaleza,False,183.1523,180.228333
Jaguaruana,Granja,False,498.9371,469.548333
Jaguaruana,Guaiúba,False,169.9694,165.21
Jaguaruana,Guaraciaba do Norte,False,417.1679,433.953333
Jaguaruana,Horizonte,True,142.0513,147.285
Jaguaruana,Ibiapina,False,476.6949,443.168333
Jaguaruana,Icapuí,False,61.2839,92.336667
Jaguaruana,Icó,False,259.909,212.096667
Jaguaruana,Iguatu,False,312.5815,261.395
Jaguaruana,Independência,False,374.4034,361.073333
Jaguaruana,Ipu,False,411.3721,416.626667
Jaguaruana,Ipueiras,False,418.7815,423.055
Jaguaruana,Itaitinga,False,157.8813,151.696667
Jaguaruana,Itapajé,False,302.5874,281.115
Jaguaruana,Itapipoca,True,308.8509,292.566667
Jaguaruana,Itarema,False,382.4742,366.366667
Jaguaruana,Jaguaribe,False,191.0098,159.606667
Jaguaruana,Jaguaruana,False,0.0,0.0
Jaguaruana,Jardim,False,455.7377,366.718333
Jaguaruana,Juazeiro do Norte,True,407.572,318.805
Jaguaruana,Lavras da Mangabeira,False,317.933,255.03
Jaguaruana,Limoeiro do Norte,False,76.6294,76.043333
Jaguaruana,Maracanaú,False,183.5665,174.393333
Jaguaruana,Maranguape,False,185.725,176.673333
Jaguaruana,Marco,False,393.0956,372.005
Jaguaruana,Massapê,False,426.1403,393.021667
Jaguaruana,Mauriti,False,389.5315,312.766667
Jaguaruana,Milagres,False,376.9682,300.591667
Jaguaruana,Missão Velha,False,404.1381,323.008333
Jaguaruana,Mombaça,False,300.3663,288.061667
Jaguaruana,Morada Nova,False,97.8539,93.181667
Jaguaruana,Nova Russas,False,418.6828,424.093333
Jaguaruana,Novo Oriente,False,466.0624,445.89
Jaguaruana,Ocara,False,127.2903,132.391667
Jaguaruana,Pacajus,False,131.7356,124.776667
Jaguaruana,Pacatuba,False,169.7733,162.978333
Jaguaruana,Paracuru,False,262.2855,250.915
Jaguaruana,Paraipaba,False,266.6939,255.865
Jaguaruana,Parambu,False,473.7141,426.496667
Jaguaruana,Pedra Branca,False,301.9813,293.745
Jaguaruana,Pentecoste,False,264.7527,251.695
Jaguaruana,Quixadá,True,176.6737,165.97
Jaguaruana,Quixeramobim,False,218.663,209.756667
Jaguaruana,Redenção,False,151.6033,155.695
Jaguaruana,Russas,True,45.6538,44.936667
Jaguaruana,Santa Quitéria,False,336.9524,347.591667
Jaguaruana,Santana do Acaraú,False,408.1389,386.231667
Jaguaruana,Senador Pompeu,False,261.764,245.186667
Jaguaruana,Sobral,True,404.7957,372.77
Jaguaruana,São Benedito,False,439.4575,456.173333
Jaguaruana,São Gonçalo do Amarante,False,234.301,223.878333
Jaguaruana,Tabuleiro do Norte,False,88.0755,87.026667
Jaguaruana,Tamboril,False,402.5677,409.871667
Jaguaruana,Tauá,False,412.9844,381.04
Jaguaruana,Tianguá,False,491.1622,449.955
Jaguaruana,Trairi,False,298.5494,287.683333
Jaguaruana,Ubajara,False,484.0856,451.336667
Jaguaruana,Viçosa do Ceará,False,521.5475,471.813333
Jaguaruana,Várzea Alegre,False,358.0338,289.791667
Jardim,Acaraú,False,704.9091,685.356667
Jardim,Acopiara,False,241.4479,217.465
Jardim,Amontada,False,732.1629,629.338333
Jardim,Aquiraz,False,566.0231,472.665
Jardim,Aracati,False,478.8723,392.263333
Jardim,Aracoiaba,False,454.1271,422.443333
Jardim,Aurora,False,120.127,107.173333
Jardim,Barbalha,False,37.1916,35.393333
Jardim,Baturité,False,461.6196,429.385
Jardim,Beberibe,False,515.1696,423.403333
Jardim,Bela Cruz,False,692.9422,675.39
Jardim,Boa Viagem,False,388.6849,361.085
Jardim,Brejo Santo,False,45.0733,57.263333
Jardim,Camocim,False,728.3305,696.64
Jardim,Campos Sales,False,194.3858,181.186667
Jardim,Canindé,False,468.7699,445.231667
Jardim,Caririaçu,False,76.9554,70.593333
Jardim,Cascavel,False,533.0133,439.585
Jardim,Caucaia,True,588.6186,494.986667
Jardim,Cedro,False,148.9659,127.226667
Jardim,Chorozinho,False,510.8444,420.34
Jardim,Crateús,True,404.0769,399.871667
Jardim,Crato,False,55.8008,57.823333
Jardim,Cruz,False,710.0239,690.175
Jardim,Eusébio,True,566.4231,474.56
Jardim,Forquilha,False,588.5793,577.498333
Jardim,Fortaleza,False,575.7619,487.36
Jardim,Granja,False,702.9725,677.366667
Jardim,Guaiúba,False,499.5193,464.208333
Jardim,Guaraciaba do Norte,False,538.3925,524.655
Jardim,Horizonte,True,534.6609,454.416667
Jardim,Ibiapina,False,575.1033,559.23
Jardim,Icapuí,False,455.7889,388.758333
Jardim,Icó,False,199.0685,159.141667
Jardim,Iguatu,False,203.2202,177.528333
Jardim,Independência,False,377.5297,359.066667
Jardim,Ipu,False,513.631,501.66
Jardim,Ipueiras,False,488.3056,477.633333
Jardim,Itaitinga,False,550.4908,458.828333
Jardim,Itapajé,False,595.8523,580.131667
Jardim,Itapipoca,True,701.4605,599.698333
Jardim,Itarema,False,775.0838,673.498333
Jardim,Jaguaribe,False,265.9102,208.981667
Jardim,Jaguaruana,False,456.7851,368.16
Jardim,Jardim,False,0.0,0.0
Jardim,Juazeiro do Norte,True,50.7094,51.631667
Jardim,Lavras da Mangabeira,False,138.8121,114.83
Jardim,Limoeiro do Norte,False,390.9027,308.451667
Jardim,Maracanaú,False,521.3893,480.315
Jardim,Maranguape,False,523.5477,482.595
Jardim,Marco,False,683.9829,665.613333
Jardim,Massapê,False,626.5844,614.358333
Jardim,Mauriti,False,89.0597,93.18
Jardim,Milagres,False,67.3598,74.291667
Jardim,Missão Velha,False,59.8083,52.743333
Jardim,Mombaça,False,289.01,268.578333
Jardim,Morada Nova,False,410.4227,323.993333
Jardim,Nova Russas,False,466.1678,458.163333
Jardim,Novo Oriente,False,359.6823,357.903333
Jardim,Ocara,False,447.0943,410.451667
Jardim,Pacajus,False,524.3451,431.908333
Jardim,Pacatuba,False,507.596,468.9
Jardim,Paracuru,False,654.8951,558.046667
Jardim,Paraipaba,False,659.3035,562.996667
Jardim,Parambu,False,330.5043,321.256667
Jardim,Pedra Branca,False,333.2561,317.71
Jardim,Pentecoste,False,577.6641,557.141667
Jardim,Quixadá,True,372.5133,336.973333
Jardim,Quixeramobim,False,371.5795,344.34
Jardim,Redenção,False,477.4645,450.485
Jardim,Russas,True,416.1845,331.443333
Jardim,Santa Quitéria,False,519.0102,502.813333
Jardim,Santana do Acaraú,False,633.1797,619.058333
Jardim,Senador Pompeu,False,318.5314,284.4
Jardim,Sobral,True,605.2398,594.106667
Jardim,São Benedito,False,560.8128,547.34
Jardim,São Gonçalo do Amarante,False,626.9106,531.01
Jardim,Tabuleiro do Norte,False,376.3123,294.735
Jardim,Tamboril,False,467.0663,459.545
Jardim,Tauá,False,270.706,276.123333
Jardim,Tianguá,False,600.9938,583.841667
Jardim,Trairi,False,691.159,594.815
Jardim,Ubajara,False,584.6886,569.011667
Jardim,Viçosa do Ceará,False,631.9904,605.35
Jardim,Várzea Alegre,False,130.6082,129.361667
Juazeiro do Norte,Acaraú,False,641.8603,637.808333
Juazeiro do Norte,Acopiara,False,190.9612,166.848333
Juazeiro do Norte,Amontada,False,681.6762,578.721667
Juazeiro do Norte,Aquiraz,False,515.5364,422.048333
Juazeiro do Norte,Aracati,False,428.3856,341.646667
Juazeiro do Norte,Aracoiaba,False,403.6404,371.826667
Juazeiro do Norte,Aurora,False,69.6403,56.556667
Juazeiro do Norte,Barbalha,False,13.4745,15.648333
Juazeiro do Norte,Baturité,False,411.1329,378.768333
Juazeiro do Norte,Beberibe,False,464.6829,372.786667
Juazeiro do Norte,Bela Cruz,False,629.8933,627.841667
Juazeiro do Norte,Boa Viagem,False,325.1999,313.321667
Juazeiro do Norte,Brejo Santo,False,63.2348,53.206667
Juazeiro do Norte,Camocim,False,682.3395,649.903333
Juazeiro do Norte,Campos Sales,False,148.3948,134.45
Juazeiro do Norte,Canindé,False,418.2833,394.615
Juazeiro do Norte,Caririaçu,False,26.4687,19.976667
Juazeiro do Norte,Cascavel,False,482.5266,388.968333
Juazeiro do Norte,Caucaia,True,538.1319,444.37
Juazeiro do Norte,Cedro,False,98.4792,76.61
Juazeiro do Norte,Chorozinho,False,460.3578,369.723333
Juazeiro do Norte,Crateús,True,358.0859,353.135
Juazeiro do Norte,Crato,False,13.8056,12.041667
Juazeiro do Norte,Cruz,False,646.9751,642.626667
Juazeiro do Norte,Eusébio,True,515.9364,423.943333
Juazeiro do Norte,Forquilha,False,525.5304,529.95
Juazeiro do Norte,Fortaleza,False,525.2752,436.743333
Juazeiro do Norte,Granja,False,656.9815,630.63
Juazeiro do Norte,Guaiúba,False,449.0326,413.591667
Juazeiro do Norte,Guaraciaba do Norte,False,492.4015,477.918333
Juazeiro do Norte,Horizonte,True,484.1742,403.8
Juazeiro do Norte,Ibiapina,False,529.1123,512.493333
Juazeiro do Norte,Icapuí,False,455.3051,358.063333
Juazeiro do Norte,Icó,False,148.5818,108.525
Juazeiro do Norte,Iguatu,False,152.7335,126.911667
Juazeiro do Norte,Independência,False,331.5387,312.33
Juazeiro do Norte,Ipu,False,467.64,454.923333
Juazeiro do Norte,Ipueiras,False,442.3146,430.896667
Juazeiro do Norte,Itaitinga,False,500.0041,408.211667
Juazeiro do Norte,Itapajé,False,545.3656,529.515
Juazeiro do Norte,Itapipoca,True,650.9738,549.081667
Juazeiro do Norte,Itarema,False,724.5971,622.881667
Juazeiro do Norte,Jaguaribe,False,215.4235,158.365
Juazeiro do Norte,Jaguaruana,False,406.2984,317.543333
Juazeiro do Norte,Jardim,False,50.6275,50.358333
Juazeiro do Norte,Juazeiro do Norte,True,0.0,0.0
Juazeiro do Norte,Lavras da Mangabeira,False,88.3254,64.213333
Juazeiro do Norte,Limoeiro do Norte,False,340.416,257.835
Juazeiro do Norte,Maracanaú,False,470.9026,429.698333
Juazeiro do Norte,Maranguape,False,473.061,431.978333
Juazeiro do Norte,Marco,False,620.934,618.065
Juazeiro do Norte,Massapê,False,563.5355,566.81
Juazeiro do Norte,Mauriti,False,73.3794,63.501667
Juazeiro do Norte,Milagres,False,50.5532,43.506667
Juazeiro do Norte,Missão Velha,False,24.0441,21.848333
Juazeiro do Norte,Mombaça,False,238.5233,217.961667
Juazeiro do Norte,Morada Nova,False,359.936,273.376667
Juazeiro do Norte,Nova Russas,False,420.1768,411.426667
Juazeiro do Norte,Novo Oriente,False,313.6913,311.166667
Juazeiro do Norte,Ocara,False,396.6076,359.835
Juazeiro do Norte,Pacajus,False,473.8584,381.291667
Juazeiro do Norte,Pacatuba,False,457.1093,418.283333
Juazeiro do Norte,Paracuru,False,604.4084,507.43
Juazeiro do Norte,Paraipaba,False,608.8168,512.38
Juazeiro do Norte,Parambu,False,284.5133,274.52
Juazeiro do Norte,Pedra Branca,False,282.7694,267.093333
Juazeiro do Norte,Pentecoste,False,527.1774,506.525
Juazeiro do Norte,Quixadá,True,322.0266,286.356667
Juazeiro do Norte,Quixeramobim,False,321.0928,293.723333
Juazeiro do Norte,Redenção,False,426.9778,399.868333
Juazeiro do Norte,Russas,True,365.6978,280.826667
Juazeiro do Norte,Santa Quitéria,False,455.9614,455.265
Juazeiro do Norte,Santana do Acaraú,False,570.1308,571.51
Juazeiro do Norte,Senador Pompeu,False,268.0447,233.783333
Juazeiro do Norte,Sobral,True,542.1909,546.558333
Juazeiro do Norte,São Benedito,False,514.8218,500.603333
Juazeiro do Norte,São Gonçalo do Amarante,False,576.4239,480.393333
Juazeiro do Norte,Tabuleiro do Norte,False,325.8256,244.118333
Juazeiro do Norte,Tamboril,False,421.0753,412.808333
Juazeiro do Norte,Tauá,False,224.715,229.386667
Juazeiro do Norte,Tianguá,False,555.0028,537.105
Juazeiro do Norte,Trairi,False,640.6723,544.198333
Juazeiro do Norte,Ubajara,False,538.6976,522.275
Juazeiro do Norte,Viçosa do Ceará,False,585.9994,558.613333
Juazeiro do Norte,Várzea Alegre,False,80.1215,78.745
Lavras da Mangabeira,Acaraú,False,660.6837,578.171667
Lavras da Mangabeira,Acopiara,False,130.4749,123.526667
Lavras da Mangabeira,Amontada,False,593.3134,515.886667
Lavras da Mangabeira,Aquiraz,False,427.1737,359.213333
Lavras da Mangabeira,Aracati,False,340.0229,278.811667
Lavras da Mangabeira,Aracoiaba,False,343.1238,320.518333
Lavras da Mangabeira,Aurora,False,27.338,30.361667
Lavras da Mangabeira,Barbalha,False,100.6132,78.316667
Lavras da Mangabeira,Baturité,False,350.6163,327.46
Lavras da Mangabeira,Beberibe,False,376.3202,309.951667
Lavras da Mangabeira,Bela Cruz,False,655.8151,575.461667
Lavras da Mangabeira,Boa Viagem,False,264.7136,270.0
Lavras da Mangabeira,Brejo Santo,False,121.5423,91.988333
Lavras da Mangabeira,Camocim,False,613.9018,621.5
Lavras da Mangabeira,Campos Sales,False,235.1631,195.94
Lavras da Mangabeira,Canindé,False,357.7667,343.306667
Lavras da Mangabeira,Caririaçu,False,62.0054,44.66
Lavras da Mangabeira,Cascavel,False,394.1638,326.133333
Lavras da Mangabeira,Caucaia,True,449.7691,381.535
Lavras da Mangabeira,Cedro,False,37.9929,33.288333
Lavras da Mangabeira,Chorozinho,False,371.995,306.888333
Lavras da Mangabeira,Crateús,True,344.467,338.116667
Lavras da Mangabeira,Crato,False,100.5738,73.531667
Lavras da Mangabeira,Cruz,False,669.4026,584.88
Lavras da Mangabeira,Eusébio,True,427.5737,361.108333
Lavras da Mangabeira,Forquilha,False,465.0441,486.628333
Lavras da Mangabeira,Fortaleza,False,436.9124,373.908333
Lavras da Mangabeira,Granja,False,588.5438,602.226667
Lavras da Mangabeira,Guaiúba,False,423.7296,358.89
Lavras da Mangabeira,Guaraciaba do Norte,False,476.3381,461.048333
Lavras da Mangabeira,Horizonte,True,395.8114,340.965
Lavras da Mangabeira,Ibiapina,False,513.0489,495.623333
Lavras da Mangabeira,Icapuí,False,366.9424,295.228333
Lavras da Mangabeira,Icó,False,60.2191,45.69
Lavras da Mangabeira,Iguatu,False,92.2472,83.59
Lavras da Mangabeira,Independência,False,294.7052,291.1
Lavras da Mangabeira,Ipu,False,451.5766,438.053333
Lavras da Mangabeira,Ipueiras,False,426.2512,414.026667
Lavras da Mangabeira,Itaitinga,False,411.6414,345.376667
Lavras da Mangabeira,Itapajé,False,556.3476,474.795
Lavras da Mangabeira,Itapipoca,True,562.6111,486.246667
Lavras da Mangabeira,Itarema,False,636.2343,560.046667
Lavras da Mangabeira,Jaguaribe,False,127.0607,95.53
Lavras da Mangabeira,Jaguaruana,False,317.9356,254.708333
Lavras da Mangabeira,Jardim,False,137.7662,113.026667
Lavras da Mangabeira,Juazeiro do Norte,True,89.6005,65.113333
Lavras da Mangabeira,Lavras da Mangabeira,False,0.0,0.0
Lavras da Mangabeira,Limoeiro do Norte,False,252.0533,195.0
Lavras da Mangabeira,Maracanaú,False,437.3267,368.073333
Lavras da Mangabeira,Maranguape,False,439.4851,370.353333
Lavras da Mangabeira,Marco,False,646.8557,565.685
Lavras da Mangabeira,Massapê,False,503.0492,523.488333
Lavras da Mangabeira,Mauriti,False,112.7716,88.386667
Lavras da Mangabeira,Milagres,False,100.2084,76.211667
Lavras da Mangabeira,Missão Velha,False,111.1237,85.503333
Lavras da Mangabeira,Mombaça,False,178.037,174.64
Lavras da Mangabeira,Morada Nova,False,271.5733,210.541667
Lavras da Mangabeira,Nova Russas,False,403.5884,392.543333
Lavras da Mangabeira,Novo Oriente,False,340.7067,338.24
Lavras da Mangabeira,Ocara,False,336.0911,308.526667
Lavras da Mangabeira,Pacajus,False,385.4957,318.456667
Lavras da Mangabeira,Pacatuba,False,423.5334,356.658333
Lavras da Mangabeira,Paracuru,False,516.0456,444.595
Lavras da Mangabeira,Paraipaba,False,520.4541,449.545
Lavras da Mangabeira,Parambu,False,311.5287,301.593333
Lavras da Mangabeira,Pedra Branca,False,222.2832,223.771667
Lavras da Mangabeira,Pentecoste,False,518.5128,445.375
Lavras da Mangabeira,Quixadá,True,261.51,235.048333
Lavras da Mangabeira,Quixeramobim,False,260.5762,242.415
Lavras da Mangabeira,Redenção,False,366.4612,348.56
Lavras da Mangabeira,Russas,True,277.3351,217.991667
Lavras da Mangabeira,Santa Quitéria,False,395.4751,411.943333
Lavras da Mangabeira,Santana do Acaraú,False,509.6446,528.188333
Lavras da Mangabeira,Senador Pompeu,False,207.5281,182.475
Lavras da Mangabeira,Sobral,True,481.7047,503.236667
Lavras da Mangabeira,São Benedito,False,498.7584,483.733333
Lavras da Mangabeira,São Gonçalo do Amarante,False,488.0612,417.558333
Lavras da Mangabeira,Tabuleiro do Norte,False,237.4628,181.283333
Lavras da Mangabeira,Tamboril,False,369.9988,384.516667
Lavras da Mangabeira,Tauá,False,251.7304,256.46
Lavras da Mangabeira,Tianguá,False,538.9394,520.235
Lavras da Mangabeira,Trairi,False,552.3096,481.363333
Lavras da Mangabeira,Ubajara,False,522.6343,505.405
Lavras da Mangabeira,Viçosa do Ceará,False,569.936,541.743333
Lavras da Mangabeira,Várzea Alegre,False,40.0623,36.1
Limoeiro do Norte,Acaraú,False,419.1453,399.043333
Limoeiro do Norte,Acopiara,False,238.7128,235.88
Limoeiro do Norte,Amontada,False,351.775,336.758333
Limoeiro do Norte,Aquiraz,False,185.6353,180.085
Limoeiro do Norte,Aracati,False,98.4845,99.683333
Limoeiro do Norte,Aracoiaba,False,168.6441,176.295
Limoeiro do Norte,Aurora,False,277.9941,223.771667
Limoeiro do Norte,Barbalha,False,352.609,272.013333
Limoeiro do Norte,Baturité,False,180.5731,188.945
Limoeiro do Norte,Beberibe,False,134.7817,130.823333
Limoeiro do Norte,Bela Cruz,False,414.2766,396.333333
Limoeiro do Norte,Boa Viagem,False,256.7981,248.985
Limoeiro do Norte,Brejo Santo,False,332.3265,256.373333
Limoeiro do Norte,Camocim,False,537.6465,506.576667
Limoeiro do Norte,Campos Sales,False,403.0475,347.316667
Limoeiro do Norte,Canindé,False,214.0838,220.938333
Limoeiro do Norte,Caririaçu,False,314.0013,238.356667
Limoeiro do Norte,Cascavel,False,152.6254,147.005
Limoeiro do Norte,Caucaia,True,208.2307,202.406667
Limoeiro do Norte,Cedro,False,237.3336,192.9
Limoeiro do Norte,Chorozinho,False,130.4565,127.76
Limoeiro do Norte,Crateús,True,365.3186,354.8
Limoeiro do Norte,Crato,False,352.5697,267.228333
Limoeiro do Norte,Cruz,False,427.8641,405.751667
Limoeiro do Norte,Eusébio,True,186.0353,181.98
Limoeiro do Norte,Forquilha,False,352.6392,369.143333
Limoeiro do Norte,Fortaleza,False,195.374,194.78
Limoeiro do Norte,Granja,False,511.1588,484.1
Limoeiro do Norte,Guaiúba,False,182.1911,179.761667
Limoeiro do Norte,Guaraciaba do Norte,False,398.6523,406.928333
Limoeiro do Norte,Horizonte,True,154.273,161.836667
Limoeiro do Norte,Ibiapina,False,435.2324,441.038333
Limoeiro do Norte,Icapuí,False,149.4338,143.178333
Limoeiro do Norte,Icó,False,193.9334,152.101667
Limoeiro do Norte,Iguatu,False,246.6059,201.4
Limoeiro do Norte,Independência,False,315.5568,307.783333
Limoeiro do Norte,Ipu,False,392.8564,389.601667
Limoeiro do Norte,Ipueiras,False,400.2659,396.03
Limoeiro do Norte,Itaitinga,False,170.1029,166.248333
Limoeiro do Norte,Itapajé,False,314.8091,295.666667
Limoeiro do Norte,Itapipoca,True,321.0726,307.118333
Limoeiro do Norte,Itarema,False,394.6959,380.918333
Limoeiro do Norte,Jaguaribe,False,125.0342,99.611667
Limoeiro do Norte,Jaguaruana,False,76.3972,75.58
Limoeiro do Norte,Jardim,False,389.762,306.723333
Limoeiro do Norte,Juazeiro do Norte,True,341.5963,258.81
Limoeiro do Norte,Lavras da Mangabeira,False,251.9574,195.035
Limoeiro do Norte,Limoeiro do Norte,False,0.0,0.0
Limoeiro do Norte,Maracanaú,False,195.7883,188.945
Limoeiro do Norte,Maranguape,False,197.9467,191.225
Limoeiro do Norte,Marco,False,405.3173,386.556667
Limoeiro do Norte,Massapê,False,390.6443,406.003333
Limoeiro do Norte,Mauriti,False,323.5558,252.771667
Limoeiro do Norte,Milagres,False,310.9926,240.596667
Limoeiro do Norte,Missão Velha,False,338.1625,263.013333
Limoeiro do Norte,Mombaça,False,241.5197,234.771667
Limoeiro do Norte,Morada Nova,False,39.0074,39.891667
Limoeiro do Norte,Nova Russas,False,379.1908,378.623333
Limoeiro do Norte,Novo Oriente,False,407.2159,392.6
Limoeiro do Norte,Ocara,False,125.8839,145.423333
Limoeiro do Norte,Pacajus,False,143.9573,139.328333
Limoeiro do Norte,Pacatuba,False,181.995,177.53
Limoeiro do Norte,Paracuru,False,274.5072,265.466667
Limoeiro do Norte,Paraipaba,False,278.9156,270.416667
Limoeiro do Norte,Parambu,False,414.8676,373.206667
Limoeiro do Norte,Pedra Branca,False,243.1348,240.455
Limoeiro do Norte,Pentecoste,False,276.9744,266.246667
Limoeiro do Norte,Quixadá,True,117.8272,112.68
Limoeiro do Norte,Quixeramobim,False,159.8164,156.466667
Limoeiro do Norte,Redenção,False,163.825,170.246667
Limoeiro do Norte,Russas,True,35.7967,38.863333
Limoeiro do Norte,Santa Quitéria,False,318.4368,320.566667
Limoeiro do Norte,Santana do Acaraú,False,420.3606,400.783333
Limoeiro do Norte,Senador Pompeu,False,202.9175,191.896667
Limoeiro do Norte,Sobral,True,369.2998,385.751667
Limoeiro do Norte,São Benedito,False,420.9419,429.148333
Limoeiro do Norte,São Gonçalo do Amarante,False,246.5228,238.43
Limoeiro do Norte,Tabuleiro do Norte,False,14.5678,15.6
Limoeiro do Norte,Tamboril,False,363.1754,364.941667
Limoeiro do Norte,Tauá,False,354.1379,327.75
Limoeiro do Norte,Tianguá,False,455.6662,462.936667
Limoeiro do Norte,Trairi,False,310.7711,302.235
Limoeiro do Norte,Ubajara,False,438.5571,450.723333
Limoeiro do Norte,Viçosa do Ceará,False,486.0516,484.795
Limoeiro do Norte,Várzea Alegre,False,292.0582,229.796667
Maracanaú,Acaraú,False,232.208,219.966667
Maracanaú,Acopiara,False,323.7979,335.601667
Maracanaú,Amontada,False,164.8378,157.681667
Maracanaú,Aquiraz,False,32.1643,37.446667
Maracanaú,Aracati,False,151.6488,146.231667
Maracanaú,Aracoiaba,False,67.3804,59.345
Maracanaú,Aurora,False,464.0673,398.605
Maracanaú,Barbalha,False,482.9238,444.511667
Maracanaú,Baturité,False,79.3095,71.995
Maracanaú,Beberibe,False,85.458,88.965
Maracanaú,Bela Cruz,False,227.3394,217.256667
Maracanaú,Boa Viagem,False,210.3553,207.008333
Maracanaú,Brejo Santo,False,518.3997,431.206667
Maracanaú,Camocim,False,350.7092,327.5
Maracanaú,Campos Sales,False,537.4869,466.563333
Maracanaú,Canindé,False,108.6405,110.645
Maracanaú,Caririaçu,False,444.3161,410.855
Maracanaú,Cascavel,False,64.7203,69.368333
Maracanaú,Caucaia,True,21.2934,23.33
Maracanaú,Cedro,False,372.7968,355.381667
Maracanaú,Chorozinho,False,67.573,67.185
Maracanaú,Crateús,True,345.2913,325.006667
Maracanaú,Crato,False,482.8845,439.726667
Maracanaú,Cruz,False,240.9269,226.675
Maracanaú,Eusébio,True,24.7519,28.21
Maracanaú,Forquilha,False,212.4504,189.751667
Maracanaú,Fortaleza,False,22.7558,31.615
Maracanaú,Granja,False,324.2215,305.023333
Maracanaú,Guaiúba,False,22.6732,21.4
Maracanaú,Guaraciaba do Norte,False,292.2215,296.055
Maracanaú,Horizonte,True,49.2554,58.67
Maracanaú,Ibiapina,False,301.9794,278.643333
Maracanaú,Icapuí,False,203.7179,191.036667
Maracanaú,Icó,False,380.0066,326.935
Maracanaú,Iguatu,False,341.3388,340.72
Maracanaú,Independência,False,295.5295,277.99
Maracanaú,Ipu,False,286.4256,278.728333
Maracanaú,Ipueiras,False,293.8351,285.156667
Maracanaú,Itaitinga,False,27.4086,26.553333
Maracanaú,Itapajé,False,127.8719,116.59
Maracanaú,Itapipoca,True,134.1353,128.041667
Maracanaú,Itarema,False,207.7586,201.841667
Maracanaú,Jaguaribe,False,311.1074,274.445
Maracanaú,Jaguaruana,False,184.4269,176.041667
Maracanaú,Jardim,False,520.0768,479.221667
Maracanaú,Juazeiro do Norte,True,471.9112,431.308333
Maracanaú,Lavras da Mangabeira,False,438.0306,369.868333
Maracanaú,Limoeiro do Norte,False,196.727,190.881667
Maracanaú,Maracanaú,False,0.0,0.0
Maracanaú,Maranguape,False,9.4027,10.275
Maracanaú,Marco,False,218.38,207.48
Maracanaú,Massapê,False,251.4247,228.496667
Maracanaú,Mauriti,False,509.629,427.605
Maracanaú,Milagres,False,497.0658,415.43
Maracanaú,Missão Velha,False,524.2357,437.846667
Maracanaú,Mombaça,False,284.2713,290.083333
Maracanaú,Morada Nova,False,164.1184,167.241667
Maracanaú,Nova Russas,False,293.7364,286.195
Maracanaú,Novo Oriente,False,387.1886,362.806667
Maracanaú,Ocara,False,85.2462,77.061667
Maracanaú,Pacajus,False,52.7988,52.421667
Maracanaú,Pacatuba,False,14.8388,15.338333
Maracanaú,Paracuru,False,87.5699,86.39
Maracanaú,Paraipaba,False,91.9784,91.34
Maracanaú,Parambu,False,394.8498,343.36
Maracanaú,Pedra Branca,False,252.0158,253.63
Maracanaú,Pentecoste,False,90.0371,87.17
Maracanaú,Quixadá,True,148.9075,144.301667
Maracanaú,Quixeramobim,False,191.5255,188.646667
Maracanaú,Redenção,False,49.3597,43.333333
Maracanaú,Russas,True,165.7514,159.775
Maracanaú,Santa Quitéria,False,212.0059,209.693333
Maracanaú,Santana do Acaraú,False,233.4234,221.706667
Maracanaú,Senador Pompeu,False,245.3234,249.528333
Maracanaú,Sobral,True,230.0802,208.245
Maracanaú,São Benedito,False,316.6168,294.223333
Maracanaú,São Gonçalo do Amarante,False,59.5855,59.353333
Maracanaú,Tabuleiro do Norte,False,208.1731,201.865
Maracanaú,Tamboril,False,277.6213,271.973333
Maracanaú,Tauá,False,334.12,297.903333
Maracanaú,Tianguá,False,316.4467,285.43
Maracanaú,Trairi,False,123.8339,123.158333
Maracanaú,Ubajara,False,309.3701,286.811667
Maracanaú,Viçosa do Ceará,False,346.832,307.288333
Maracanaú,Várzea Alegre,False,415.0368,395.475
Maranguape,Acaraú,False,235.8274,223.451667
Maranguape,Acopiara,False,325.0439,337.678333
Maranguape,Amontada,False,168.4572,161.166667
Maranguape,Aquiraz,False,39.905,43.653333
Maranguape,Aracati,False,159.3895,152.438333
Maranguape,Aracoiaba,False,68.6264,61.421667
Maranguape,Aurora,False,465.3132,400.681667
Maranguape,Barbalha,False,484.1698,446.588333
Maranguape,Baturité,False,80.5554,74.071667
Maranguape,Beberibe,False,93.1986,95.171667
Maranguape,Bela Cruz,False,230.9588,220.741667
Maranguape,Boa Viagem,False,200.5333,197.17
Maranguape,Brejo Santo,False,519.6457,433.283333
Maranguape,Camocim,False,354.3286,330.985
Maranguape,Campos Sales,False,527.6649,456.725
Maranguape,Canindé,False,98.8185,100.806667
Maranguape,Caririaçu,False,445.5621,412.931667
Maranguape,Cascavel,False,72.461,75.575
Maranguape,Caucaia,True,24.9128,26.815
Maranguape,Cedro,False,374.0428,357.458333
Maranguape,Chorozinho,False,68.819,69.261667
Maranguape,Crateús,True,335.4692,315.168333
Maranguape,Crato,False,484.1305,441.803333
Maranguape,Cruz,False,244.5463,230.16
Maranguape,Eusébio,True,32.4926,34.416667
Maranguape,Forquilha,False,216.0698,193.236667
Maranguape,Fortaleza,False,26.0084,35.32
Maranguape,Granja,False,327.8409,308.508333
Maranguape,Guaiúba,False,23.9192,23.476667
Maranguape,Guaraciaba do Norte,False,282.3994,286.216667
Maranguape,Horizonte,True,50.5014,60.746667
Maranguape,Ibiapina,False,305.5988,282.128333
Maranguape,Icapuí,False,211.4586,197.243333
Maranguape,Icó,False,381.2525,329.011667
Maranguape,Iguatu,False,342.5848,342.796667
Maranguape,Independência,False,285.7074,268.151667
Maranguape,Ipu,False,276.6036,268.89
Maranguape,Ipueiras,False,284.013,275.318333
Maranguape,Itaitinga,False,28.6546,28.63
Maranguape,Itapajé,False,131.4913,120.075
Maranguape,Itapipoca,True,137.7548,131.526667
Maranguape,Itarema,False,211.378,205.326667
Maranguape,Jaguaribe,False,312.3533,276.521667
Maranguape,Jaguaruana,False,185.6729,178.118333
Maranguape,Jardim,False,521.3228,481.298333
Maranguape,Juazeiro do Norte,True,473.1572,433.385
Maranguape,Lavras da Mangabeira,False,439.2766,371.945
Maranguape,Limoeiro do Norte,False,197.9729,192.958333
Maranguape,Maracanaú,False,10.2497,11.44
Maranguape,Maranguape,False,0.0,0.0
Maranguape,Marco,False,221.9995,210.965
Maranguape,Massapê,False,255.0441,231.981667
Maranguape,Mauriti,False,510.875,429.681667
Maranguape,Milagres,False,498.3118,417.506667
Maranguape,Missão Velha,False,525.4817,439.923333
Maranguape,Mombaça,False,285.5172,292.16
Maranguape,Morada Nova,False,165.3644,169.318333
Maranguape,Nova Russas,False,283.9143,276.356667
Maranguape,Novo Oriente,False,377.3665,352.968333
Maranguape,Ocara,False,86.4922,79.138333
Maranguape,Pacajus,False,54.0448,54.498333
Maranguape,Pacatuba,False,16.0848,17.415
Maranguape,Paracuru,False,91.1893,89.875
Maranguape,Paraipaba,False,95.5978,94.825
Maranguape,Parambu,False,385.0277,333.521667
Maranguape,Pedra Branca,False,242.1938,243.791667
Maranguape,Pentecoste,False,93.6565,90.655
Maranguape,Quixadá,True,150.1534,146.378333
Maranguape,Quixeramobim,False,192.7714,190.723333
Maranguape,Redenção,False,50.6057,45.41
Maranguape,Russas,True,166.9974,161.851667
Maranguape,Santa Quitéria,False,202.1839,199.855
Maranguape,Santana do Acaraú,False,237.0428,225.191667
Maranguape,Senador Pompeu,False,246.5694,251.605
Maranguape,Sobral,True,233.6996,211.73
Maranguape,São Benedito,False,320.2362,297.708333
Maranguape,São Gonçalo do Amarante,False,63.2049,62.838333
Maranguape,Tabuleiro do Norte,False,209.419,203.941667
Maranguape,Tamboril,False,267.7992,262.135
Maranguape,Tauá,False,324.298,288.065
Maranguape,Tianguá,False,320.0661,288.915
Maranguape,Trairi,False,127.4533,126.643333
Maranguape,Ubajara,False,312.9895,290.296667
Maranguape,Viçosa do Ceará,False,350.4514,310.773333
Maranguape,Várzea Alegre,False,416.2828,397.551667
Marco,Acaraú,False,35.5541,34.305
Marco,Acopiara,False,431.2575,452.555
Marco,Amontada,False,54.6721,51.545
Marco,Aquiraz,False,241.2037,231.39
Marco,Aracati,False,360.6882,340.175
Marco,Aracoiaba,False,284.5855,261.295
Marco,Aurora,False,673.6576,597.345
Marco,Barbalha,False,645.9796,628.988333
Marco,Baturité,False,296.5145,273.945
Marco,Beberibe,False,294.4973,282.908333
Marco,Bela Cruz,False,8.9497,10.99
Marco,Boa Viagem,False,296.9978,306.821667
Marco,Brejo Santo,False,727.99,629.946667
Marco,Camocim,False,136.0293,129.271667
Marco,Campos Sales,False,608.5134,560.846667
Marco,Canindé,False,234.1814,237.493333
Marco,Caririaçu,False,594.6302,597.591667
Marco,Cascavel,False,273.7597,263.311667
Marco,Caucaia,True,205.2244,194.515
Marco,Cedro,False,523.1109,542.118333
Marco,Chorozinho,False,277.1633,265.925
Marco,Crateús,True,301.5857,285.548333
Marco,Crato,False,625.9323,609.166667
Marco,Cruz,False,25.4623,26.565
Marco,Eusébio,True,233.7913,222.153333
Marco,Forquilha,False,96.6556,90.943333
Marco,Fortaleza,False,220.152,212.526667
Marco,Granja,False,109.5416,106.795
Marco,Guaiúba,False,239.8783,223.35
Marco,Guaraciaba do Norte,False,182.4308,180.408333
Marco,Horizonte,True,258.8458,257.41
Marco,Ibiapina,False,162.032,156.325
Marco,Icapuí,False,412.7573,384.98
Marco,Icó,False,589.5969,525.675
Marco,Iguatu,False,468.297,490.686667
Marco,Independência,False,346.5115,327.97
Marco,Ipu,False,189.7365,181.098333
Marco,Ipueiras,False,214.5413,203.773333
Marco,Itaitinga,False,239.4562,228.291667
Marco,Itapajé,False,123.7162,120.495
Marco,Itapipoca,True,86.1704,84.67
Marco,Itarema,False,58.899,56.0
Marco,Jaguaribe,False,520.6977,473.185
Marco,Jaguaruana,False,394.0172,374.781667
Marco,Jardim,False,683.1326,663.698333
Marco,Juazeiro do Norte,True,622.2253,618.045
Marco,Lavras da Mangabeira,False,647.6209,568.608333
Marco,Limoeiro do Norte,False,406.3173,389.621667
Marco,Maracanaú,False,218.278,208.31
Marco,Maranguape,False,220.5989,209.926667
Marco,Marco,False,0.0,0.0
Marco,Massapê,False,73.1229,72.52
Marco,Mauriti,False,719.2193,626.345
Marco,Milagres,False,706.6561,614.17
Marco,Missão Velha,False,733.826,636.586667
Marco,Mombaça,False,384.0638,403.621667
Marco,Morada Nova,False,373.7088,365.981667
Marco,Nova Russas,False,245.0389,232.46
Marco,Novo Oriente,False,342.5283,323.226667
Marco,Ocara,False,302.4513,279.011667
Marco,Pacajus,False,262.3891,251.161667
Marco,Pacatuba,False,232.0438,217.288333
Marco,Paracuru,False,159.5927,158.285
Marco,Paraipaba,False,142.9708,137.895
Marco,Parambu,False,435.6939,409.658333
Marco,Pedra Branca,False,338.3193,352.135
Marco,Pentecoste,False,145.4,150.05
Marco,Quixadá,True,332.5553,344.828333
Marco,Quixeramobim,False,364.7813,361.813333
Marco,Redenção,False,266.5648,245.283333
Marco,Russas,True,375.3418,358.515
Marco,Santa Quitéria,False,165.1507,163.573333
Marco,Santana do Acaraú,False,51.4842,49.146667
Marco,Senador Pompeu,False,389.4067,403.298333
Marco,Sobral,True,87.3346,84.278333
Marco,São Benedito,False,176.6694,171.905
Marco,São Gonçalo do Amarante,False,166.6716,160.125
Marco,Tabuleiro do Norte,False,417.7634,400.605
Marco,Tamboril,False,230.6438,225.758333
Marco,Tauá,False,419.2339,395.938333
Marco,Tianguá,False,169.0332,159.143333
Marco,Trairi,False,136.9943,134.258333
Marco,Ubajara,False,169.4227,164.493333
Marco,Viçosa do Ceará,False,180.7374,178.44
Marco,Várzea Alegre,False,528.1998,555.646667
Massapê,Acaraú,False,94.2296,92.403333
Massapê,Acopiara,False,371.3551,398.31
Massapê,Amontada,False,91.3463,89.17
Massapê,Aquiraz,False,271.7318,249.521667
Massapê,Aracati,False,391.2164,358.306667
Massapê,Aracoiaba,False,250.5015,268.931667
Massapê,Aurora,False,533.3611,548.486667
Massapê,Barbalha,False,586.0771,574.743333
Massapê,Baturité,False,257.994,275.873333
Massapê,Beberibe,False,325.0255,301.04
Massapê,Bela Cruz,False,82.2626,82.436667
Massapê,Boa Viagem,False,237.0954,252.576667
Massapê,Brejo Santo,False,613.6687,586.34
Massapê,Camocim,False,105.8926,104.118333
Massapê,Campos Sales,False,539.6454,498.236667
Massapê,Canindé,False,174.279,183.248333
Massapê,Caririaçu,False,534.7277,543.346667
Massapê,Cascavel,False,304.2879,281.443333
Massapê,Caucaia,True,235.7526,212.646667
Massapê,Cedro,False,463.2085,487.873333
Massapê,Chorozinho,False,307.6915,284.056667
Massapê,Crateús,True,232.7178,222.938333
Massapê,Crato,False,566.0298,554.921667
Massapê,Cruz,False,99.3444,97.221667
Massapê,Eusébio,True,264.3195,240.285
Massapê,Forquilha,False,36.7532,36.698333
Massapê,Fortaleza,False,250.6802,230.658333
Massapê,Granja,False,79.3358,82.788333
Massapê,Guaiúba,False,270.4064,241.481667
Massapê,Guaraciaba do Norte,False,113.5629,117.798333
Massapê,Horizonte,True,289.3739,275.541667
Massapê,Ibiapina,False,93.1641,93.715
Massapê,Icapuí,False,443.2854,403.111667
Massapê,Icó,False,474.4081,480.796667
Massapê,Iguatu,False,408.3945,436.441667
Massapê,Independência,False,277.6436,265.36
Massapê,Ipu,False,120.8686,118.488333
Massapê,Ipueiras,False,145.6734,141.163333
Massapê,Itaitinga,False,269.9843,246.423333
Massapê,Itapajé,False,122.7742,112.731667
Massapê,Itapipoca,True,112.7636,110.661667
Massapê,Itarema,False,110.0491,112.326667
Massapê,Jaguaribe,False,446.9331,462.12
Massapê,Jaguaruana,False,424.5454,392.913333
Massapê,Jardim,False,623.2301,609.453333
Massapê,Juazeiro do Norte,True,562.3228,563.8
Massapê,Lavras da Mangabeira,False,500.615,519.676667
Massapê,Limoeiro do Norte,False,390.2525,402.903333
Massapê,Maracanaú,False,248.8061,226.441667
Massapê,Maranguape,False,251.1271,228.058333
Massapê,Marco,False,73.3033,72.66
Massapê,Massapê,False,0.0,0.0
Massapê,Mauriti,False,604.898,582.738333
Massapê,Milagres,False,592.3348,570.563333
Massapê,Missão Velha,False,583.8459,584.19
Massapê,Mombaça,False,324.1613,349.376667
Massapê,Morada Nova,False,351.6588,364.745
Massapê,Nova Russas,False,176.171,169.85
Massapê,Novo Oriente,False,273.6604,260.616667
Massapê,Ocara,False,332.9795,297.143333
Massapê,Pacajus,False,292.9173,269.293333
Massapê,Pacatuba,False,262.572,235.42
Massapê,Paracuru,False,186.1859,184.276667
Massapê,Paraipaba,False,169.5641,163.886667
Massapê,Parambu,False,366.826,347.048333
Massapê,Pedra Branca,False,278.4168,297.89
Massapê,Pentecoste,False,171.7471,165.378333
Massapê,Quixadá,True,272.6528,290.583333
Massapê,Quixeramobim,False,304.8788,307.568333
Massapê,Redenção,False,297.0929,263.415
Massapê,Russas,True,405.8699,376.646667
Massapê,Santa Quitéria,False,105.2482,109.328333
Massapê,Santana do Acaraú,False,22.5617,25.985
Massapê,Senador Pompeu,False,329.5042,349.053333
Massapê,Sobral,True,20.1288,20.095
Massapê,São Benedito,False,107.8015,109.295
Massapê,São Gonçalo do Amarante,False,205.1819,183.93
Massapê,Tabuleiro do Norte,False,396.1729,407.65
Massapê,Tamboril,False,170.7414,171.513333
Massapê,Tauá,False,359.3315,341.693333
Massapê,Tianguá,False,95.9133,87.69
Massapê,Trairi,False,163.5876,160.25
Massapê,Ubajara,False,100.5548,101.883333
Massapê,Viçosa do Ceará,False,126.2987,109.548333
Massapê,Várzea Alegre,False,468.2973,501.401667
Mauriti,Acaraú,False,732.1581,635.986667
Mauriti,Acopiara,False,222.148,192.136667
Mauriti,Amontada,False,664.7879,573.701667
Mauriti,Aquiraz,False,498.6482,417.028333
Mauriti,Aracati,False,411.4974,336.626667
Mauriti,Aracoiaba,False,414.5983,378.333333
Mauriti,Aurora,False,83.9462,73.555
Mauriti,Barbalha,False,71.8625,59.393333
Mauriti,Baturité,False,422.0908,385.275
Mauriti,Beberibe,False,447.7947,367.766667
Mauriti,Bela Cruz,False,727.2895,633.276667
Mauriti,Boa Viagem,False,370.8862,335.453333
Mauriti,Brejo Santo,False,44.7296,38.305
Mauriti,Camocim,False,720.0744,686.953333
Mauriti,Campos Sales,False,220.7009,196.958333
Mauriti,Canindé,False,429.2411,401.121667
Mauriti,Caririaçu,False,97.705,81.865
Mauriti,Cascavel,False,465.6383,383.948333
Mauriti,Caucaia,True,521.2436,439.35
Mauriti,Cedro,False,150.9316,120.596667
Mauriti,Chorozinho,False,443.4695,364.703333
Mauriti,Crateús,True,450.6396,403.57
Mauriti,Crato,False,86.1117,74.55
Mauriti,Cruz,False,740.877,642.695
Mauriti,Eusébio,True,499.0482,418.923333
Mauriti,Forquilha,False,567.7965,549.326667
Mauriti,Fortaleza,False,508.3869,431.723333
Mauriti,Granja,False,684.3555,666.746667
Mauriti,Guaiúba,False,495.204,416.705
Mauriti,Guaraciaba do Norte,False,582.5108,526.501667
Mauriti,Horizonte,True,467.2859,398.78
Mauriti,Ibiapina,False,619.2215,561.076667
Mauriti,Icapuí,False,402.5996,330.173333
Mauriti,Icó,False,131.6935,103.505
Mauriti,Iguatu,False,183.9202,152.2
Mauriti,Independência,False,400.8778,356.553333
Mauriti,Ipu,False,557.7493,503.506667
Mauriti,Ipueiras,False,532.4238,479.48
Mauriti,Itaitinga,False,483.1159,403.191667
Mauriti,Itapajé,False,627.822,532.61
Mauriti,Itapipoca,True,634.0855,544.061667
Mauriti,Itarema,False,707.7088,617.861667
Mauriti,Jaguaribe,False,198.5352,153.345
Mauriti,Jaguaruana,False,389.4101,312.523333
Mauriti,Jardim,False,89.0454,93.268333
Mauriti,Juazeiro do Norte,True,73.2229,64.005
Mauriti,Lavras da Mangabeira,False,112.9002,88.646667
Mauriti,Limoeiro do Norte,False,323.5277,252.815
Mauriti,Maracanaú,False,508.8012,425.888333
Mauriti,Maranguape,False,510.9596,428.168333
Mauriti,Marco,False,718.3301,623.5
Mauriti,Massapê,False,605.8016,586.186667
Mauriti,Mauriti,False,0.0,0.0
Mauriti,Milagres,False,23.3957,22.528333
Mauriti,Missão Velha,False,50.5656,44.945
Mauriti,Mombaça,False,269.71,243.25
Mauriti,Morada Nova,False,343.0477,268.356667
Mauriti,Nova Russas,False,509.761,457.996667
Mauriti,Novo Oriente,False,385.9974,373.675
Mauriti,Ocara,False,407.5655,366.341667
Mauriti,Pacajus,False,456.9702,376.271667
Mauriti,Pacatuba,False,495.0079,414.473333
Mauriti,Paracuru,False,587.5201,502.41
Mauriti,Paraipaba,False,591.9285,507.36
Mauriti,Parambu,False,356.8193,337.028333
Mauriti,Pedra Branca,False,328.4558,289.225
Mauriti,Pentecoste,False,589.9873,503.19
Mauriti,Quixadá,True,332.9845,292.863333
Mauriti,Quixeramobim,False,332.0507,300.23
Mauriti,Redenção,False,437.9357,406.375
Mauriti,Russas,True,348.8096,275.806667
Mauriti,Santa Quitéria,False,501.6477,477.396667
Mauriti,Santana do Acaraú,False,612.397,590.886667
Mauriti,Senador Pompeu,False,279.0026,240.29
Mauriti,Sobral,True,584.457,565.935
Mauriti,São Benedito,False,604.931,549.186667
Mauriti,São Gonçalo do Amarante,False,559.5356,475.373333
Mauriti,Tabuleiro do Norte,False,308.9373,239.098333
Mauriti,Tamboril,False,476.1714,449.97
Mauriti,Tauá,False,297.0211,291.895
Mauriti,Tianguá,False,645.112,585.688333
Mauriti,Trairi,False,623.784,539.178333
Mauriti,Ubajara,False,628.8069,570.858333
Mauriti,Viçosa do Ceará,False,676.1086,607.196667
Mauriti,Várzea Alegre,False,153.001,123.408333
Milagres,Acaraú,False,719.6599,623.801667
Milagres,Acopiara,False,209.6497,179.951667
Milagres,Amontada,False,652.2896,561.516667
Milagres,Aquiraz,False,486.1499,404.843333
Milagres,Aracati,False,398.9991,324.441667
Milagres,Aracoiaba,False,402.1,366.148333
Milagres,Aurora,False,71.4479,61.37
Milagres,Barbalha,False,48.9942,39.1
Milagres,Baturité,False,409.5925,373.09
Milagres,Beberibe,False,435.2964,355.581667
Milagres,Bela Cruz,False,714.7913,621.091667
Milagres,Boa Viagem,False,358.3879,323.268333
Milagres,Brejo Santo,False,22.7045,18.981667
Milagres,Camocim,False,707.5761,674.768333
Milagres,Campos Sales,False,197.8326,176.665
Milagres,Canindé,False,416.7428,388.936667
Milagres,Caririaçu,False,74.8367,61.571667
Milagres,Cascavel,False,453.14,371.763333
Milagres,Caucaia,True,508.7453,427.165
Milagres,Cedro,False,138.4334,108.411667
Milagres,Chorozinho,False,430.9712,352.518333
Milagres,Crateús,True,438.1413,391.385
Milagres,Crato,False,63.2434,54.256667
Milagres,Cruz,False,728.3788,630.51
Milagres,Eusébio,True,486.5499,406.738333
Milagres,Forquilha,False,555.2982,537.141667
Milagres,Fortaleza,False,495.8886,419.538333
Milagres,Granja,False,671.8572,654.561667
Milagres,Guaiúba,False,482.7058,404.52
Milagres,Guaraciaba do Norte,False,570.0124,514.316667
Milagres,Horizonte,True,454.7876,386.595
Milagres,Ibiapina,False,606.7233,548.891667
Milagres,Icapuí,False,390.1013,317.988333
Milagres,Icó,False,119.1953,91.32
Milagres,Iguatu,False,171.422,140.015
Milagres,Independência,False,388.3795,344.368333
Milagres,Ipu,False,545.2509,491.321667
Milagres,Ipueiras,False,519.9255,467.295
Milagres,Itaitinga,False,470.6176,391.006667
Milagres,Itapajé,False,615.3238,520.425
Milagres,Itapipoca,True,621.5873,531.876667
Milagres,Itarema,False,695.2105,605.676667
Milagres,Jaguaribe,False,186.0369,141.16
Milagres,Jaguaruana,False,376.9118,300.338333
Milagres,Jardim,False,86.1472,73.81
Milagres,Juazeiro do Norte,True,50.3546,43.711667
Milagres,Lavras da Mangabeira,False,100.4019,76.461667
Milagres,Limoeiro do Norte,False,311.0294,240.63
Milagres,Maracanaú,False,496.3029,413.703333
Milagres,Maranguape,False,498.4613,415.983333
Milagres,Marco,False,705.8319,611.315
Milagres,Massapê,False,593.3033,574.001667
Milagres,Mauriti,False,23.3721,22.41
Milagres,Milagres,False,0.0,0.0
Milagres,Missão Velha,False,27.6974,24.651667
Milagres,Mombaça,False,257.2118,231.065
Milagres,Morada Nova,False,330.5494,256.171667
Milagres,Nova Russas,False,497.2627,445.811667
Milagres,Novo Oriente,False,363.1291,353.381667
Milagres,Ocara,False,395.0673,354.156667
Milagres,Pacajus,False,444.4719,364.086667
Milagres,Pacatuba,False,482.5096,402.288333
Milagres,Paracuru,False,575.0218,490.225
Milagres,Paraipaba,False,579.4303,495.175
Milagres,Parambu,False,333.9511,316.735
Milagres,Pedra Branca,False,315.9575,277.04
Milagres,Pentecoste,False,577.489,491.005
Milagres,Quixadá,True,320.4862,280.678333
Milagres,Quixeramobim,False,319.5524,288.045
Milagres,Redenção,False,425.4374,394.19
Milagres,Russas,True,336.3113,263.621667
Milagres,Santa Quitéria,False,489.1494,465.211667
Milagres,Santana do Acaraú,False,599.8987,578.701667
Milagres,Senador Pompeu,False,266.5043,228.105
Milagres,Sobral,True,571.9588,553.75
Milagres,São Benedito,False,592.4328,537.001667
Milagres,São Gonçalo do Amarante,False,547.0374,463.188333
Milagres,Tabuleiro do Norte,False,296.439,226.913333
Milagres,Tamboril,False,463.6731,437.785
Milagres,Tauá,False,274.1528,271.601667
Milagres,Tianguá,False,632.6138,573.503333
Milagres,Trairi,False,611.2858,526.993333
Milagres,Ubajara,False,616.3086,558.673333
Milagres,Viçosa do Ceará,False,663.6103,595.011667
Milagres,Várzea Alegre,False,140.5027,111.223333
Missão Velha,Acaraú,False,747.059,646.478333
Missão Velha,Acopiara,False,213.0299,187.095
Missão Velha,Amontada,False,679.6888,584.193333
Missão Velha,Aquiraz,False,513.549,427.52
Missão Velha,Aracati,False,426.3982,347.118333
Missão Velha,Aracoiaba,False,429.4991,388.825
Missão Velha,Aurora,False,47.2722,71.745
Missão Velha,Barbalha,False,22.6948,17.751667
Missão Velha,Baturité,False,436.9916,395.766667
Missão Velha,Beberibe,False,462.6955,378.258333
Missão Velha,Bela Cruz,False,742.1904,643.768333
Missão Velha,Boa Viagem,False,347.2686,333.568333
Missão Velha,Brejo Santo,False,40.6266,34.791667
Missão Velha,Camocim,False,705.4779,670.77
Missão Velha,Campos Sales,False,171.5332,155.316667
Missão Velha,Canindé,False,444.142,411.613333
Missão Velha,Caririaçu,False,48.5374,40.223333
Missão Velha,Cascavel,False,480.5392,394.44
Missão Velha,Caucaia,True,536.1444,449.841667
Missão Velha,Cedro,False,120.5479,96.856667
Missão Velha,Chorozinho,False,458.3703,375.195
Missão Velha,Crateús,True,381.2243,374.001667
Missão Velha,Crato,False,36.944,32.908333
Missão Velha,Cruz,False,755.7779,653.186667
Missão Velha,Eusébio,True,513.949,429.415
Missão Velha,Forquilha,False,547.5991,550.196667
Missão Velha,Fortaleza,False,523.2878,442.215
Missão Velha,Granja,False,680.12,651.496667
Missão Velha,Guaiúba,False,510.1049,427.196667
Missão Velha,Guaraciaba do Norte,False,515.5399,498.785
Missão Velha,Horizonte,True,482.1868,409.271667
Missão Velha,Ibiapina,False,552.2508,533.36
Missão Velha,Icapuí,False,417.5004,340.665
Missão Velha,Icó,False,146.5944,113.996667
Missão Velha,Iguatu,False,174.8022,147.158333
Missão Velha,Independência,False,354.6772,333.196667
Missão Velha,Ipu,False,490.7784,475.79
Missão Velha,Ipueiras,False,465.453,451.763333
Missão Velha,Itaitinga,False,498.0167,413.683333
Missão Velha,Itapajé,False,642.7229,543.101667
Missão Velha,Itapipoca,True,648.9864,554.553333
Missão Velha,Itarema,False,722.6096,628.353333
Missão Velha,Jaguaribe,False,213.436,163.836667
Missão Velha,Jaguaruana,False,404.3109,323.015
Missão Velha,Jardim,False,59.8478,52.461667
Missão Velha,Juazeiro do Norte,True,24.0552,22.363333
Missão Velha,Lavras da Mangabeira,False,110.3941,84.46
Missão Velha,Limoeiro do Norte,False,338.4286,263.306667
Missão Velha,Maracanaú,False,523.702,436.38
Missão Velha,Maranguape,False,525.8604,438.66
Missão Velha,Marco,False,733.231,633.991667
Missão Velha,Massapê,False,585.6042,587.056667
Missão Velha,Mauriti,False,50.7712,45.086667
Missão Velha,Milagres,False,27.945,25.091667
Missão Velha,Missão Velha,False,0.0,0.0
Missão Velha,Mombaça,False,260.592,238.208333
Missão Velha,Morada Nova,False,357.9486,278.848333
Missão Velha,Nova Russas,False,443.3153,432.293333
Missão Velha,Novo Oriente,False,336.8297,332.033333
Missão Velha,Ocara,False,422.4664,376.833333
Missão Velha,Pacajus,False,471.871,386.763333
Missão Velha,Pacatuba,False,509.9087,424.965
Missão Velha,Paracuru,False,602.4209,512.901667
Missão Velha,Paraipaba,False,606.8294,517.851667
Missão Velha,Parambu,False,307.6517,295.386667
Missão Velha,Pedra Branca,False,304.8381,287.34
Missão Velha,Pentecoste,False,604.8881,513.681667
Missão Velha,Quixadá,True,347.8853,303.355
Missão Velha,Quixeramobim,False,346.9516,310.721667
Missão Velha,Redenção,False,452.8365,416.866667
Missão Velha,Russas,True,363.7104,286.298333
Missão Velha,Santa Quitéria,False,478.0301,475.511667
Missão Velha,Santana do Acaraú,False,592.1995,591.756667
Missão Velha,Senador Pompeu,False,293.9034,250.781667
Missão Velha,Sobral,True,564.2596,566.805
Missão Velha,São Benedito,False,537.9603,521.47
Missão Velha,São Gonçalo do Amarante,False,574.4365,485.865
Missão Velha,Tabuleiro do Norte,False,323.8381,249.59
Missão Velha,Tamboril,False,444.2138,433.675
Missão Velha,Tauá,False,247.8534,250.253333
Missão Velha,Tianguá,False,578.1413,557.971667
Missão Velha,Trairi,False,638.6849,549.67
Missão Velha,Ubajara,False,561.836,543.141667
Missão Velha,Viçosa do Ceará,False,609.1378,579.48
Missão Velha,Várzea Alegre,False,102.1902,98.991667
Mombaça,Acaraú,False,404.9189,422.981667
Mombaça,Acopiara,False,49.0355,52.12
Mombaça,Amontada,False,379.5002,395.046667
Mombaça,Aquiraz,False,299.6771,309.008333
Mombaça,Aracati,False,322.0123,311.546667
Mombaça,Aracoiaba,False,217.4267,232.2
Mombaça,Aurora,False,211.0415,202.296667
Mombaça,Barbalha,False,251.0159,230.813333
Mombaça,Baturité,False,224.9192,239.141667
Mombaça,Beberibe,False,295.5959,303.033333
Mombaça,Bela Cruz,False,392.9519,413.015
Mombaça,Boa Viagem,False,88.2585,98.495
Mombaça,Brejo Santo,False,278.2881,245.211667
Mombaça,Camocim,False,437.4466,449.995
Mombaça,Campos Sales,False,243.0122,236.963333
Mombaça,Canindé,False,191.067,196.938333
Mombaça,Caririaçu,False,212.4081,197.156667
Mombaça,Cascavel,False,276.7477,285.598333
Mombaça,Caucaia,True,296.408,297.733333
Mombaça,Cedro,False,140.8889,141.683333
Mombaça,Chorozinho,False,236.686,245.551667
Mombaça,Crateús,True,168.0119,166.611667
Mombaça,Crato,False,250.9765,226.028333
Mombaça,Cruz,False,410.0337,427.8
Mombaça,Eusébio,True,292.2647,299.771667
Mombaça,Forquilha,False,288.589,315.123333
Mombaça,Fortaleza,False,300.4992,310.645
Mombaça,Granja,False,412.0887,430.721667
Mombaça,Guaiúba,False,262.8189,273.965
Mombaça,Guaraciaba do Norte,False,299.883,289.543333
Mombaça,Horizonte,True,260.5025,279.628333
Mombaça,Ibiapina,False,336.5938,324.118333
Mombaça,Icapuí,False,372.9617,355.041667
Mombaça,Icó,False,139.0275,139.668333
Mombaça,Iguatu,False,86.0749,90.251667
Mombaça,Independência,False,118.2501,119.595
Mombaça,Ipu,False,275.1215,266.548333
Mombaça,Ipueiras,False,249.7961,242.521667
Mombaça,Itaitinga,False,276.3324,284.04
Mombaça,Itapajé,False,318.1493,331.838333
Mombaça,Itapipoca,True,348.7978,365.406667
Mombaça,Itarema,False,420.7384,442.905
Mombaça,Jaguaribe,False,159.1374,161.986667
Mombaça,Jaguaruana,False,299.9251,287.443333
Mombaça,Jardim,False,288.1689,265.523333
Mombaça,Juazeiro do Norte,True,240.0032,217.61
Mombaça,Lavras da Mangabeira,False,178.2954,173.486667
Mombaça,Limoeiro do Norte,False,241.3154,234.575
Mombaça,Maracanaú,False,284.6889,290.071667
Mombaça,Maranguape,False,286.8473,292.351667
Mombaça,Marco,False,383.9926,403.238333
Mombaça,Massapê,False,326.5941,351.983333
Mombaça,Mauriti,False,269.5175,241.61
Mombaça,Milagres,False,256.9542,229.435
Mombaça,Missão Velha,False,261.5264,238.0
Mombaça,Mombaça,False,0.0,0.0
Mombaça,Morada Nova,False,205.173,198.191667
Mombaça,Nova Russas,False,227.1333,221.038333
Mombaça,Novo Oriente,False,180.3166,187.595
Mombaça,Ocara,False,210.3939,220.208333
Mombaça,Pacajus,False,250.1867,257.12
Mombaça,Pacatuba,False,270.8956,278.656667
Mombaça,Paracuru,False,350.6807,356.376667
Mombaça,Paraipaba,False,355.0892,361.326667
Mombaça,Parambu,False,152.07,151.271667
Mombaça,Pedra Branca,False,45.828,52.266667
Mombaça,Pentecoste,False,299.9612,308.848333
Mombaça,Quixadá,True,135.8129,146.73
Mombaça,Quixeramobim,False,93.4604,103.106667
Mombaça,Redenção,False,240.7641,260.241667
Mombaça,Russas,True,259.3245,250.726667
Mombaça,Santa Quitéria,False,219.02,240.438333
Mombaça,Santana do Acaraú,False,333.1894,356.683333
Mombaça,Senador Pompeu,False,38.8716,44.33
Mombaça,Sobral,True,305.2496,331.731667
Mombaça,São Benedito,False,322.3033,312.228333
Mombaça,São Gonçalo do Amarante,False,334.936,334.296667
Mombaça,Tabuleiro do Norte,False,232.573,223.5
Mombaça,Tamboril,False,193.5437,213.011667
Mombaça,Tauá,False,91.3403,105.815
Mombaça,Tianguá,False,362.4843,348.73
Mombaça,Trairi,False,364.0868,393.128333
Mombaça,Ubajara,False,346.1791,333.9
Mombaça,Viçosa do Ceará,False,393.4809,370.238333
Mombaça,Várzea Alegre,False,145.9777,155.211667
Morada Nova,Acaraú,False,386.5772,375.421667
Morada Nova,Acopiara,False,202.6322,199.656667
Morada Nova,Amontada,False,319.2069,313.136667
Morada Nova,Aquiraz,False,160.8795,167.595
Morada Nova,Aracati,False,119.8576,116.98
Morada Nova,Aracoiaba,False,121.9837,140.111667
Morada Nova,Aurora,False,297.5237,239.293333
Morada Nova,Barbalha,False,372.1387,287.535
Morada Nova,Baturité,False,133.9128,152.761667
Morada Nova,Beberibe,False,139.1207,141.835
Morada Nova,Bela Cruz,False,381.7086,372.711667
Morada Nova,Boa Viagem,False,218.4708,211.02
Morada Nova,Brejo Santo,False,351.8561,271.895
Morada Nova,Camocim,False,457.4276,469.928333
Morada Nova,Campos Sales,False,358.1454,349.081667
Morada Nova,Canindé,False,175.7565,182.973333
Morada Nova,Caririaçu,False,333.5309,253.878333
Morada Nova,Cascavel,False,137.9502,144.185
Morada Nova,Caucaia,True,175.6626,178.785
Morada Nova,Cedro,False,256.8633,208.421667
Morada Nova,Chorozinho,False,97.8885,104.138333
Morada Nova,Crateús,True,326.9913,316.835
Morada Nova,Crato,False,372.0993,282.75
Morada Nova,Cruz,False,395.2961,382.13
Morada Nova,Eusébio,True,153.4672,158.358333
Morada Nova,Forquilha,False,314.3118,331.178333
Morada Nova,Fortaleza,False,162.8059,171.158333
Morada Nova,Granja,False,430.8708,448.598333
Morada Nova,Guaiúba,False,149.6231,156.14
Morada Nova,Guaraciaba do Norte,False,360.325,368.963333
Morada Nova,Horizonte,True,121.7049,138.215
Morada Nova,Ibiapina,False,396.9051,403.073333
Morada Nova,Icapuí,False,170.807,160.475
Morada Nova,Icó,False,213.463,167.623333
Morada Nova,Iguatu,False,199.9783,200.996667
Morada Nova,Independência,False,277.2295,269.818333
Morada Nova,Ipu,False,354.5291,351.636667
Morada Nova,Ipueiras,False,361.9386,358.065
Morada Nova,Itaitinga,False,137.5349,142.626667
Morada Nova,Itapajé,False,282.2411,272.045
Morada Nova,Itapipoca,True,288.5045,283.496667
Morada Nova,Itarema,False,362.1278,357.296667
Morada Nova,Jaguaribe,False,144.5638,115.133333
Morada Nova,Jaguaruana,False,97.7703,92.876667
Morada Nova,Jardim,False,409.2917,322.245
Morada Nova,Juazeiro do Norte,True,361.126,274.331667
Morada Nova,Lavras da Mangabeira,False,271.487,210.556667
Morada Nova,Limoeiro do Norte,False,39.1606,40.008333
Morada Nova,Maracanaú,False,163.2202,165.323333
Morada Nova,Maranguape,False,165.3786,167.603333
Morada Nova,Marco,False,372.7492,362.935
Morada Nova,Massapê,False,352.3169,368.038333
Morada Nova,Mauriti,False,343.0855,268.293333
Morada Nova,Milagres,False,330.5222,256.118333
Morada Nova,Missão Velha,False,357.6921,278.535
Morada Nova,Mombaça,False,205.4392,198.548333
Morada Nova,Morada Nova,False,0.0,0.0
Morada Nova,Nova Russas,False,340.8634,340.658333
Morada Nova,Novo Oriente,False,368.8886,354.635
Morada Nova,Ocara,False,87.5566,107.458333
Morada Nova,Pacajus,False,111.3892,115.706667
Morada Nova,Pacatuba,False,149.4269,153.908333
Morada Nova,Paracuru,False,241.9391,241.845
Morada Nova,Paraipaba,False,246.3476,246.795
Morada Nova,Parambu,False,376.5403,335.241667
Morada Nova,Pedra Branca,False,204.8075,202.49
Morada Nova,Pentecoste,False,244.4063,242.625
Morada Nova,Quixadá,True,79.4998,74.715
Morada Nova,Quixeramobim,False,121.4891,118.501667
Morada Nova,Redenção,False,131.2569,146.625
Morada Nova,Russas,True,57.1698,56.16
Morada Nova,Santa Quitéria,False,280.1094,282.601667
Morada Nova,Santana do Acaraú,False,358.9123,372.738333
Morada Nova,Senador Pompeu,False,166.837,155.673333
Morada Nova,Sobral,True,330.9724,347.786667
Morada Nova,São Benedito,False,382.6145,391.183333
Morada Nova,São Gonçalo do Amarante,False,213.9547,214.808333
Morada Nova,Tabuleiro do Norte,False,45.081,44.755
Morada Nova,Tamboril,False,324.8481,326.976667
Morada Nova,Tauá,False,315.8106,289.785
Morada Nova,Tianguá,False,417.3389,424.971667
Morada Nova,Trairi,False,278.2031,278.613333
Morada Nova,Ubajara,False,400.2298,412.758333
Morada Nova,Viçosa do Ceará,False,447.7242,446.83
Morada Nova,Várzea Alegre,False,311.5878,245.318333
Nova Russas,Acaraú,False,266.1294,251.878333
Nova Russas,Acopiara,False,274.4017,270.148333
Nova Russas,Amontada,False,238.9628,226.305
Nova Russas,Aquiraz,False,323.7293,311.273333
Nova Russas,Aracati,False,401.8589,398.013333
Nova Russas,Aracoiaba,False,262.3779,262.706667
Nova Russas,Aurora,False,436.4078,420.325
Nova Russas,Barbalha,False,428.0577,421.448333
Nova Russas,Baturité,False,269.8704,269.648333
Nova Russas,Beberibe,False,377.023,362.791667
Nova Russas,Bela Cruz,False,254.1625,241.911667
Nova Russas,Boa Viagem,False,122.4793,129.873333
Nova Russas,Brejo Santo,False,518.2439,461.45
Nova Russas,Camocim,False,270.3268,247.415
Nova Russas,Campos Sales,False,372.4425,338.006667
Nova Russas,Canindé,False,186.1553,177.023333
Nova Russas,Caririaçu,False,437.7743,415.185
Nova Russas,Cascavel,False,356.2854,343.195
Nova Russas,Caucaia,True,292.3288,278.608333
Nova Russas,Cedro,False,366.2551,359.711667
Nova Russas,Chorozinho,False,302.5763,315.748333
Nova Russas,Crateús,True,64.1869,62.146667
Nova Russas,Crato,False,408.0104,401.626667
Nova Russas,Cruz,False,271.2443,256.696667
Nova Russas,Eusébio,True,316.317,302.036667
Nova Russas,Forquilha,False,151.3018,151.62
Nova Russas,Fortaleza,False,302.4425,291.851667
Nova Russas,Granja,False,244.9688,228.141667
Nova Russas,Guaiúba,False,290.1171,285.933333
Nova Russas,Guaraciaba do Norte,False,80.3888,75.43
Nova Russas,Horizonte,True,331.9163,331.503333
Nova Russas,Ibiapina,False,117.0996,110.005
Nova Russas,Icapuí,False,453.9279,442.818333
Nova Russas,Icó,False,378.9833,355.906667
Nova Russas,Iguatu,False,311.4412,308.28
Nova Russas,Independência,False,109.9656,103.163333
Nova Russas,Ipu,False,55.6273,52.435
Nova Russas,Ipueiras,False,30.3019,28.408333
Nova Russas,Itaitinga,False,310.0695,299.386667
Nova Russas,Itapajé,False,207.4619,189.54
Nova Russas,Itapipoca,True,229.5415,224.563333
Nova Russas,Itarema,False,281.9489,271.801667
Nova Russas,Jaguaribe,False,351.5084,337.23
Nova Russas,Jaguaruana,False,418.4997,423.121667
Nova Russas,Jardim,False,465.2107,456.158333
Nova Russas,Juazeiro do Norte,True,419.6575,411.76
Nova Russas,Lavras da Mangabeira,False,403.6616,391.515
Nova Russas,Limoeiro do Norte,False,379.4385,378.876667
Nova Russas,Maracanaú,False,293.8876,286.463333
Nova Russas,Maranguape,False,284.1399,276.946667
Nova Russas,Marco,False,245.2031,232.135
Nova Russas,Massapê,False,178.0319,171.61
Nova Russas,Mauriti,False,509.4733,457.848333
Nova Russas,Milagres,False,496.91,445.673333
Nova Russas,Missão Velha,False,443.7016,433.608333
Nova Russas,Mombaça,False,227.208,221.215
Nova Russas,Morada Nova,False,340.8448,340.718333
Nova Russas,Nova Russas,False,0.0,0.0
Nova Russas,Novo Oriente,False,106.4575,100.386667
Nova Russas,Ocara,False,298.5024,298.296667
Nova Russas,Pacajus,False,322.0964,318.853333
Nova Russas,Pacatuba,False,297.4997,288.171667
Nova Russas,Paracuru,False,297.0366,266.433333
Nova Russas,Paraipaba,False,301.445,271.383333
Nova Russas,Parambu,False,199.6231,186.818333
Nova Russas,Pedra Branca,False,181.8012,169.961667
Nova Russas,Pentecoste,False,256.4348,242.186667
Nova Russas,Quixadá,True,262.1958,266.94
Nova Russas,Quixeramobim,False,219.8434,223.316667
Nova Russas,Redenção,False,285.7153,290.748333
Nova Russas,Russas,True,397.4476,395.028333
Nova Russas,Santa Quitéria,False,81.7328,76.935
Nova Russas,Santana do Acaraú,False,194.4,185.58
Nova Russas,Senador Pompeu,False,232.5508,220.891667
Nova Russas,Sobral,True,157.406,152.458333
Nova Russas,São Benedito,False,102.8091,98.115
Nova Russas,São Gonçalo do Amarante,False,289.8696,260.738333
Nova Russas,Tabuleiro do Norte,False,385.3589,383.623333
Nova Russas,Tamboril,False,41.6144,40.068333
Nova Russas,Tauá,False,195.8839,183.198333
Nova Russas,Tianguá,False,142.9901,134.616667
Nova Russas,Trairi,False,280.3654,274.151667
Nova Russas,Ubajara,False,126.6849,119.786667
Nova Russas,Viçosa do Ceará,False,173.9867,156.125
Nova Russas,Várzea Alegre,False,371.3439,373.24
Novo Oriente,Acaraú,False,364.4509,343.2
Novo Oriente,Acopiara,False,212.7105,217.708333
Novo Oriente,Amontada,False,337.2843,317.626667
Novo Oriente,Aquiraz,False,417.2346,388.526667
Novo Oriente,Aracati,False,468.0313,451.166667
Novo Oriente,Aracoiaba,False,354.6301,338.888333
Novo Oriente,Aurora,False,382.2203,366.178333
Novo Oriente,Barbalha,False,321.6002,321.061667
Novo Oriente,Baturité,False,362.1226,345.83
Novo Oriente,Beberibe,False,450.4225,438.265
Novo Oriente,Bela Cruz,False,352.4839,333.233333
Novo Oriente,Boa Viagem,False,177.0057,156.346667
Novo Oriente,Brejo Santo,False,376.4348,364.58
Novo Oriente,Camocim,False,368.6482,338.736667
Novo Oriente,Campos Sales,False,265.9851,237.62
Novo Oriente,Canindé,False,280.4931,255.066667
Novo Oriente,Caririaçu,False,339.0487,329.598333
Novo Oriente,Cascavel,False,449.7906,420.448333
Novo Oriente,Caucaia,True,385.8341,355.861667
Novo Oriente,Cedro,False,304.0593,306.641667
Novo Oriente,Chorozinho,False,391.5126,380.783333
Novo Oriente,Crateús,True,44.3946,41.968333
Novo Oriente,Crato,False,301.5529,301.24
Novo Oriente,Cruz,False,369.5657,348.018333
Novo Oriente,Eusébio,True,409.8222,379.29
Novo Oriente,Forquilha,False,241.8583,236.846667
Novo Oriente,Fortaleza,False,395.9477,369.105
Novo Oriente,Granja,False,343.2903,319.463333
Novo Oriente,Guaiúba,False,383.6223,363.186667
Novo Oriente,Guaraciaba do Norte,False,178.7102,166.751667
Novo Oriente,Horizonte,True,425.4216,408.756667
Novo Oriente,Ibiapina,False,215.421,201.326667
Novo Oriente,Icapuí,False,520.1003,495.971667
Novo Oriente,Icó,False,302.198,304.626667
Novo Oriente,Iguatu,False,249.2454,255.21
Novo Oriente,Independência,False,92.6453,86.701667
Novo Oriente,Ipu,False,153.9487,143.756667
Novo Oriente,Ipueiras,False,128.6233,119.73
Novo Oriente,Itaitinga,False,403.5748,376.64
Novo Oriente,Itapajé,False,298.0185,274.766667
Novo Oriente,Itapipoca,True,320.098,309.79
Novo Oriente,Itarema,False,380.2704,363.123333
Novo Oriente,Jaguaribe,False,334.1881,320.768333
Novo Oriente,Jaguaruana,False,474.9758,446.225
Novo Oriente,Jardim,False,358.7532,355.771667
Novo Oriente,Juazeiro do Norte,True,313.2,311.373333
Novo Oriente,Lavras da Mangabeira,False,341.4658,338.445
Novo Oriente,Limoeiro do Norte,False,416.3661,393.356667
Novo Oriente,Maracanaú,False,387.3928,363.716667
Novo Oriente,Maranguape,False,377.6452,354.2
Novo Oriente,Marco,False,343.5246,323.456667
Novo Oriente,Massapê,False,276.3533,262.931667
Novo Oriente,Mauriti,False,386.5793,374.875
Novo Oriente,Milagres,False,363.7532,354.88
Novo Oriente,Missão Velha,False,337.2441,333.221667
Novo Oriente,Mombaça,False,180.5548,188.101667
Novo Oriente,Morada Nova,False,369.2884,355.74
Novo Oriente,Nova Russas,False,106.4855,100.26
Novo Oriente,Novo Oriente,False,0.0,0.0
Novo Oriente,Ocara,False,365.2206,355.44
Novo Oriente,Pacajus,False,405.0133,392.351667
Novo Oriente,Pacatuba,False,391.0049,365.425
Novo Oriente,Paracuru,False,387.5931,351.66
Novo Oriente,Paraipaba,False,392.0016,356.61
Novo Oriente,Parambu,False,93.1657,86.431667
Novo Oriente,Pedra Branca,False,164.4809,153.5
Novo Oriente,Pentecoste,False,346.9914,327.413333
Novo Oriente,Quixadá,True,290.6395,281.961667
Novo Oriente,Quixeramobim,False,248.287,238.338333
Novo Oriente,Redenção,False,377.9675,366.93
Novo Oriente,Russas,True,434.3753,409.508333
Novo Oriente,Santa Quitéria,False,172.2894,162.161667
Novo Oriente,Santana do Acaraú,False,292.7214,276.901667
Novo Oriente,Senador Pompeu,False,215.2306,204.43
Novo Oriente,Sobral,True,255.7275,243.78
Novo Oriente,São Benedito,False,201.1305,189.436667
Novo Oriente,São Gonçalo do Amarante,False,380.4262,345.965
Novo Oriente,Tabuleiro do Norte,False,407.6237,382.281667
Novo Oriente,Tamboril,False,107.3841,101.641667
Novo Oriente,Tauá,False,89.4264,82.811667
Novo Oriente,Tianguá,False,241.3115,225.938333
Novo Oriente,Trairi,False,370.9219,359.378333
Novo Oriente,Ubajara,False,225.0063,211.108333
Novo Oriente,Viçosa do Ceará,False,272.3081,247.446667
Novo Oriente,Várzea Alegre,False,297.2477,313.863333
Ocara,Acaraú,False,316.4153,291.201667
Ocara,Acopiara,False,249.7747,265.101667
Ocara,Amontada,False,249.0451,228.916667
Ocara,Aquiraz,False,97.2117,99.883333
Ocara,Aracati,False,110.7393,106.81
Ocara,Aracoiaba,False,36.4086,37.115
Ocara,Aurora,False,361.5677,336.956667
Ocara,Barbalha,False,408.9007,374.011667
Ocara,Baturité,False,48.3377,49.765
Ocara,Beberibe,False,93.1305,93.908333
Ocara,Bela Cruz,False,311.5467,288.491667
Ocara,Boa Viagem,False,214.484,210.665
Ocara,Brejo Santo,False,415.9001,369.558333
Ocara,Camocim,False,434.9165,398.735
Ocara,Campos Sales,False,425.4828,418.305
Ocara,Canindé,False,112.5857,123.335
Ocara,Caririaçu,False,370.2929,340.355
Ocara,Cascavel,False,74.2823,76.473333
Ocara,Caucaia,True,105.5007,94.565
Ocara,Cedro,False,298.7736,284.881667
Ocara,Chorozinho,False,34.2206,36.426667
Ocara,Crateús,True,323.0045,316.48
Ocara,Crato,False,408.8613,369.226667
Ocara,Cruz,False,325.1342,297.91
Ocara,Eusébio,True,89.7993,90.646667
Ocara,Forquilha,False,296.6577,260.986667
Ocara,Fortaleza,False,101.2083,97.501667
Ocara,Granja,False,408.4288,376.258333
Ocara,Guaiúba,False,63.528,60.821667
Ocara,Guaraciaba do Norte,False,297.1542,309.325
Ocara,Horizonte,True,58.0371,70.503333
Ocara,Ibiapina,False,333.7343,343.435
Ocara,Icapuí,False,162.8083,151.615
Ocara,Icó,False,276.6395,264.015
Ocara,Iguatu,False,267.3156,270.22
Ocara,Independência,False,273.2427,269.463333
Ocara,Ipu,False,291.3583,291.998333
Ocara,Ipueiras,False,298.7678,298.426667
Ocara,Itaitinga,False,73.867,74.915
Ocara,Itapajé,False,212.0792,187.825
Ocara,Itapipoca,True,218.3426,199.276667
Ocara,Itarema,False,291.9659,273.076667
Ocara,Jaguaribe,False,231.5936,220.955
Ocara,Jaguaruana,False,127.3801,131.918333
Ocara,Jardim,False,446.0537,408.721667
Ocara,Juazeiro do Norte,True,397.888,360.808333
Ocara,Lavras da Mangabeira,False,335.531,308.22
Ocara,Limoeiro do Norte,False,126.1904,145.83
Ocara,Maracanaú,False,85.3981,76.928333
Ocara,Maranguape,False,87.5565,79.208333
Ocara,Marco,False,302.5873,278.715
Ocara,Massapê,False,335.632,299.731667
Ocara,Mauriti,False,407.1295,365.956667
Ocara,Milagres,False,394.5662,353.781667
Ocara,Missão Velha,False,421.7361,376.198333
Ocara,Mombaça,False,210.2481,219.583333
Ocara,Morada Nova,False,87.5968,107.671667
Ocara,Nova Russas,False,298.6691,299.465
Ocara,Novo Oriente,False,364.9018,354.28
Ocara,Ocara,False,0.0,0.0
Ocara,Pacajus,False,47.7214,47.995
Ocara,Pacatuba,False,71.6048,65.513333
Ocara,Paracuru,False,171.7772,157.625
Ocara,Paraipaba,False,176.1857,162.575
Ocara,Parambu,False,372.5534,334.886667
Ocara,Pedra Branca,False,200.8206,202.135
Ocara,Pentecoste,False,174.2444,158.405
Ocara,Quixadá,True,74.5951,73.845
Ocara,Quixeramobim,False,117.5023,118.146667
Ocara,Redenção,False,41.4733,47.098333
Ocara,Russas,True,108.7046,115.651667
Ocara,Santa Quitéria,False,216.9387,222.963333
Ocara,Santana do Acaraú,False,317.6307,292.941667
Ocara,Senador Pompeu,False,171.3002,179.028333
Ocara,Sobral,True,314.2874,279.48
Ocara,São Benedito,False,319.4437,331.545
Ocara,São Gonçalo do Amarante,False,143.7928,130.588333
Ocara,Tabuleiro do Norte,False,132.1108,150.576667
Ocara,Tamboril,False,282.554,285.243333
Ocara,Tauá,False,311.8238,289.43
Ocara,Tianguá,False,400.6539,356.665
Ocara,Trairi,False,208.0412,194.393333
Ocara,Ubajara,False,337.059,353.12
Ocara,Viçosa do Ceará,False,431.0393,378.523333
Ocara,Várzea Alegre,False,341.0136,324.975
Pacajus,Acaraú,False,275.3284,260.59
Pacajus,Acopiara,False,289.8403,302.191667
Pacajus,Amontada,False,207.9582,198.305
Pacajus,Aquiraz,False,49.6308,52.763333
Pacajus,Aracati,False,115.7266,100.188333
Pacajus,Aracoiaba,False,56.1836,60.351667
Pacajus,Aurora,False,412.0078,347.86
Pacajus,Barbalha,False,486.6228,396.101667
Pacajus,Baturité,False,68.1127,73.001667
Pacajus,Beberibe,False,46.1146,47.166667
Pacajus,Bela Cruz,False,270.4598,257.88
Pacajus,Boa Viagem,False,234.0755,243.085
Pacajus,Brejo Santo,False,466.3403,380.461667
Pacajus,Camocim,False,393.8297,368.123333
Pacajus,Campos Sales,False,465.5483,455.395
Pacajus,Canindé,False,132.3607,146.571667
Pacajus,Caririaçu,False,448.0151,362.445
Pacajus,Cascavel,False,27.2664,29.731667
Pacajus,Caucaia,True,64.4139,63.953333
Pacajus,Cedro,False,371.3474,316.988333
Pacajus,Chorozinho,False,15.5136,16.44
Pacajus,Crateús,True,363.0701,353.57
Pacajus,Crato,False,486.5835,391.316667
Pacajus,Cruz,False,284.0473,267.298333
Pacajus,Eusébio,True,42.2184,43.526667
Pacajus,Forquilha,False,255.5708,230.375
Pacajus,Fortaleza,False,51.5572,56.326667
Pacajus,Granja,False,367.342,345.646667
Pacajus,Guaiúba,False,44.6421,44.24
Pacajus,Guaraciaba do Norte,False,316.9292,332.561667
Pacajus,Horizonte,True,10.4562,23.383333
Pacajus,Ibiapina,False,345.0998,319.266667
Pacajus,Icapuí,False,167.7957,144.993333
Pacajus,Icó,False,327.9472,276.19
Pacajus,Iguatu,False,307.3812,307.31
Pacajus,Independência,False,313.3083,306.553333
Pacajus,Ipu,False,311.1333,315.235
Pacajus,Ipueiras,False,318.5428,321.663333
Pacajus,Itaitinga,False,26.2861,27.795
Pacajus,Itapajé,False,170.9923,157.213333
Pacajus,Itapipoca,True,177.2558,168.665
Pacajus,Itarema,False,250.879,242.465
Pacajus,Jaguaribe,False,259.048,223.7
Pacajus,Jaguaruana,False,132.3675,125.296667
Pacajus,Jardim,False,523.7758,430.811667
Pacajus,Juazeiro do Norte,True,475.6102,382.898333
Pacajus,Lavras da Mangabeira,False,385.9712,319.123333
Pacajus,Limoeiro do Norte,False,144.6676,140.136667
Pacajus,Maracanaú,False,51.9714,50.491667
Pacajus,Maranguape,False,54.1298,52.771667
Pacajus,Marco,False,261.5005,248.103333
Pacajus,Massapê,False,294.5451,269.12
Pacajus,Mauriti,False,457.5697,376.86
Pacajus,Milagres,False,445.0064,364.685
Pacajus,Missão Velha,False,472.1763,387.101667
Pacajus,Mombaça,False,250.3137,256.673333
Pacajus,Morada Nova,False,112.059,116.496667
Pacajus,Nova Russas,False,318.4441,322.701667
Pacajus,Novo Oriente,False,404.9674,391.37
Pacajus,Ocara,False,47.8865,48.37
Pacajus,Pacajus,False,0.0,0.0
Pacajus,Pacatuba,False,38.1781,39.076667
Pacajus,Paracuru,False,130.6904,127.013333
Pacajus,Paraipaba,False,135.0988,131.963333
Pacajus,Parambu,False,412.6191,371.976667
Pacajus,Pedra Branca,False,240.8863,239.225
Pacajus,Pentecoste,False,133.1576,127.793333
Pacajus,Quixadá,True,114.6607,110.935
Pacajus,Quixeramobim,False,157.5679,155.236667
Pacajus,Redenção,False,39.6885,45.993333
Pacajus,Russas,True,113.692,109.03
Pacajus,Santa Quitéria,False,236.7136,246.2
Pacajus,Santana do Acaraú,False,276.5438,262.33
Pacajus,Senador Pompeu,False,211.3658,216.118333
Pacajus,Sobral,True,273.2006,248.868333
Pacajus,São Benedito,False,359.7372,334.846667
Pacajus,São Gonçalo do Amarante,False,102.7059,99.976667
Pacajus,Tabuleiro do Norte,False,156.1137,151.12
Pacajus,Tamboril,False,302.329,308.48
Pacajus,Tauá,False,351.8894,326.52
Pacajus,Tianguá,False,359.5671,326.053333
Pacajus,Trairi,False,166.9543,163.781667
Pacajus,Ubajara,False,352.4905,327.435
Pacajus,Viçosa do Ceará,False,389.9524,347.911667
Pacajus,Várzea Alegre,False,426.072,353.885
Pacatuba,Acaraú,False,246.1104,229.19
Pacatuba,Acopiara,False,310.0049,323.485
Pacatuba,Amontada,False,178.7402,166.905
Pacatuba,Aquiraz,False,41.8928,41.965
Pacatuba,Aracati,False,153.993,138.816667
Pacatuba,Aracoiaba,False,53.5874,47.228333
Pacatuba,Aurora,False,450.2742,386.488333
Pacatuba,Barbalha,False,469.1308,432.395
Pacatuba,Baturité,False,65.5164,59.878333
Pacatuba,Beberibe,False,79.9436,82.708333
Pacatuba,Bela Cruz,False,241.2418,226.48
Pacatuba,Boa Viagem,False,214.8598,209.836667
Pacatuba,Brejo Santo,False,504.6067,419.09
Pacatuba,Camocim,False,364.6116,336.723333
Pacatuba,Campos Sales,False,541.9914,469.391667
Pacatuba,Canindé,False,113.145,113.473333
Pacatuba,Caririaçu,False,430.5231,398.738333
Pacatuba,Cascavel,False,59.2059,63.111667
Pacatuba,Caucaia,True,35.1958,32.553333
Pacatuba,Cedro,False,359.0038,343.265
Pacatuba,Chorozinho,False,53.78,55.068333
Pacatuba,Crateús,True,349.7958,327.835
Pacatuba,Crato,False,469.0915,427.61
Pacatuba,Cruz,False,254.8293,235.898333
Pacatuba,Eusébio,True,34.4804,32.728333
Pacatuba,Forquilha,False,226.3528,198.975
Pacatuba,Fortaleza,False,30.9034,35.49
Pacatuba,Granja,False,338.1239,314.246667
Pacatuba,Guaiúba,False,8.8802,9.283333
Pacatuba,Guaraciaba do Norte,False,296.726,298.883333
Pacatuba,Horizonte,True,35.4624,46.553333
Pacatuba,Ibiapina,False,315.8818,287.866667
Pacatuba,Icapuí,False,206.062,183.621667
Pacatuba,Icó,False,366.2135,314.818333
Pacatuba,Iguatu,False,327.5458,328.603333
Pacatuba,Independência,False,300.034,280.818333
Pacatuba,Ipu,False,290.9301,281.556667
Pacatuba,Ipueiras,False,298.3396,287.985
Pacatuba,Itaitinga,False,13.6155,14.436667
Pacatuba,Itapajé,False,141.7743,125.813333
Pacatuba,Itapipoca,True,148.0377,137.265
Pacatuba,Itarema,False,221.661,211.065
Pacatuba,Jaguaribe,False,297.3143,262.328333
Pacatuba,Jaguaruana,False,170.6338,163.925
Pacatuba,Jardim,False,506.2838,467.105
Pacatuba,Juazeiro do Norte,True,458.1182,419.191667
Pacatuba,Lavras da Mangabeira,False,424.2376,357.751667
Pacatuba,Limoeiro do Norte,False,182.9339,178.765
Pacatuba,Maracanaú,False,15.0932,14.916667
Pacatuba,Maranguape,False,17.2516,17.196667
Pacatuba,Marco,False,232.2824,216.703333
Pacatuba,Massapê,False,265.3271,237.72
Pacatuba,Mauriti,False,495.836,415.488333
Pacatuba,Milagres,False,483.2728,403.313333
Pacatuba,Missão Velha,False,510.4427,425.73
Pacatuba,Mombaça,False,270.4782,277.966667
Pacatuba,Morada Nova,False,150.3254,155.125
Pacatuba,Nova Russas,False,298.2409,289.023333
Pacatuba,Novo Oriente,False,391.6931,365.635
Pacatuba,Ocara,False,71.4532,64.945
Pacatuba,Pacajus,False,39.0057,40.305
Pacatuba,Pacatuba,False,0.0,0.0
Pacatuba,Paracuru,False,101.4723,95.613333
Pacatuba,Paraipaba,False,105.8808,100.563333
Pacatuba,Parambu,False,399.3543,346.188333
Pacatuba,Pedra Branca,False,256.5203,256.458333
Pacatuba,Pentecoste,False,103.9395,96.393333
Pacatuba,Quixadá,True,135.1144,132.185
Pacatuba,Quixeramobim,False,177.7324,176.53
Pacatuba,Redenção,False,35.5667,31.216667
Pacatuba,Russas,True,151.9584,147.658333
Pacatuba,Santa Quitéria,False,216.5104,212.521667
Pacatuba,Santana do Acaraú,False,247.3258,230.93
Pacatuba,Senador Pompeu,False,231.5304,237.411667
Pacatuba,Sobral,True,243.9825,217.468333
Pacatuba,São Benedito,False,330.5192,303.446667
Pacatuba,São Gonçalo do Amarante,False,73.4879,68.576667
Pacatuba,Tabuleiro do Norte,False,194.38,189.748333
Pacatuba,Tamboril,False,282.1258,274.801667
Pacatuba,Tauá,False,338.6245,300.731667
Pacatuba,Tianguá,False,330.349,294.653333
Pacatuba,Trairi,False,137.7363,132.381667
Pacatuba,Ubajara,False,323.2725,296.035
Pacatuba,Viçosa do Ceará,False,360.7343,316.511667
Pacatuba,Várzea Alegre,False,401.2438,383.358333
Paracuru,Acaraú,False,164.8087,159.186667
Paracuru,Acopiara,False,397.9427,403.971667
Paracuru,Amontada,False,104.8009,107.488333
Paracuru,Aquiraz,False,111.1748,108.935
Paracuru,Aracati,False,230.6593,217.72
Paracuru,Aracoiaba,False,154.5566,138.84
Paracuru,Aurora,False,543.6288,474.89
Paracuru,Barbalha,False,618.2437,523.131667
Paracuru,Baturité,False,166.4856,151.49
Paracuru,Beberibe,False,164.4685,160.453333
Paracuru,Bela Cruz,False,167.3025,167.063333
Paracuru,Boa Viagem,False,263.3439,256.93
Paracuru,Brejo Santo,False,597.9612,507.491667
Paracuru,Camocim,False,283.3098,266.72
Paracuru,Campos Sales,False,590.4755,516.485
Paracuru,Canindé,False,161.6291,160.566667
Paracuru,Caririaçu,False,579.6359,489.475
Paracuru,Cascavel,False,143.7308,140.856667
Paracuru,Caucaia,True,74.1255,70.925
Paracuru,Cedro,False,459.973,434.876667
Paracuru,Chorozinho,False,147.1344,143.47
Paracuru,Crateús,True,346.7684,313.518333
Paracuru,Crato,False,618.2044,518.346667
Paracuru,Cruz,False,173.5276,165.895
Paracuru,Eusébio,True,103.7624,99.698333
Paracuru,Forquilha,False,175.857,153.033333
Paracuru,Fortaleza,False,90.1231,90.071667
Paracuru,Granja,False,256.8222,244.243333
Paracuru,Guaiúba,False,109.8494,100.895
Paracuru,Guaraciaba do Norte,False,272.9761,260.798333
Paracuru,Horizonte,True,128.8169,134.955
Paracuru,Ibiapina,False,243.5157,241.378333
Paracuru,Icapuí,False,282.7284,262.525
Paracuru,Icó,False,459.568,403.22
Paracuru,Iguatu,False,428.5149,420.215
Paracuru,Independência,False,348.5181,327.911667
Paracuru,Ipu,False,291.1032,258.788333
Paracuru,Ipueiras,False,298.5126,265.216667
Paracuru,Itaitinga,False,109.4273,105.836667
Paracuru,Itapajé,False,91.2786,79.871667
Paracuru,Itapipoca,True,75.1196,79.246667
Paracuru,Itarema,False,140.3593,141.061667
Paracuru,Jaguaribe,False,390.6688,350.73
Paracuru,Jaguaruana,False,263.9883,252.326667
Paracuru,Jardim,False,655.3968,557.841667
Paracuru,Juazeiro do Norte,True,607.2311,509.928333
Paracuru,Lavras da Mangabeira,False,517.5921,446.153333
Paracuru,Limoeiro do Norte,False,276.2884,267.166667
Paracuru,Maracanaú,False,88.2491,85.855
Paracuru,Maranguape,False,90.5701,87.471667
Paracuru,Marco,False,158.3432,157.286667
Paracuru,Massapê,False,184.8991,183.473333
Paracuru,Mauriti,False,589.1905,503.89
Paracuru,Milagres,False,576.6273,491.715
Paracuru,Missão Velha,False,603.7972,514.131667
Paracuru,Mombaça,False,350.7489,355.038333
Paracuru,Morada Nova,False,243.6799,243.526667
Paracuru,Nova Russas,False,298.4139,266.255
Paracuru,Novo Oriente,False,389.039,351.758333
Paracuru,Ocara,False,172.4224,156.556667
Paracuru,Pacajus,False,132.3602,128.706667
Paracuru,Pacatuba,False,102.015,94.833333
Paracuru,Paracuru,False,0.0,0.0
Paracuru,Paraipaba,False,15.7445,20.301667
Paracuru,Parambu,False,447.8383,393.281667
Paracuru,Pedra Branca,False,305.0044,303.551667
Paracuru,Pentecoste,False,53.4438,50.451667
Paracuru,Quixadá,True,236.0836,223.796667
Paracuru,Quixeramobim,False,278.7017,268.141667
Paracuru,Redenção,False,136.5359,122.828333
Paracuru,Russas,True,245.3129,236.06
Paracuru,Santa Quitéria,False,216.8056,189.848333
Paracuru,Santana do Acaraú,False,173.3866,171.513333
Paracuru,Senador Pompeu,False,332.4996,329.023333
Paracuru,Sobral,True,169.22,170.356667
Paracuru,São Benedito,False,258.1531,256.958333
Paracuru,São Gonçalo do Amarante,False,28.2877,27.748333
Paracuru,Tabuleiro do Norte,False,287.7345,278.15
Paracuru,Tamboril,False,282.2988,252.033333
Paracuru,Tauá,False,387.1086,347.825
Paracuru,Tianguá,False,257.9829,248.165
Paracuru,Trairi,False,56.4345,62.378333
Paracuru,Ubajara,False,250.9063,249.546667
Paracuru,Viçosa do Ceará,False,288.3683,270.023333
Paracuru,Várzea Alegre,False,502.213,474.97
Paraipaba,Acaraú,False,149.0641,138.885
Paraipaba,Acopiara,False,402.4198,408.968333
Paraipaba,Amontada,False,89.0564,87.186667
Paraipaba,Aquiraz,False,115.652,113.931667
Paraipaba,Aracati,False,235.1365,222.716667
Paraipaba,Aracoiaba,False,159.0338,143.836667
Paraipaba,Aurora,False,548.1059,479.886667
Paraipaba,Barbalha,False,622.7208,528.128333
Paraipaba,Baturité,False,170.9628,156.486667
Paraipaba,Beberibe,False,168.9456,165.45
Paraipaba,Bela Cruz,False,151.558,146.761667
Paraipaba,Boa Viagem,False,267.8211,261.926667
Paraipaba,Brejo Santo,False,602.4383,512.488333
Paraipaba,Camocim,False,267.5653,246.418333
Paraipaba,Campos Sales,False,594.9528,521.481667
Paraipaba,Canindé,False,166.1063,165.563333
Paraipaba,Caririaçu,False,584.1131,494.471667
Paraipaba,Cascavel,False,148.208,145.853333
Paraipaba,Caucaia,True,78.6027,75.921667
Paraipaba,Cedro,False,464.4502,439.873333
Paraipaba,Chorozinho,False,151.6116,148.466667
Paraipaba,Crateús,True,351.2456,318.515
Paraipaba,Crato,False,622.6815,523.343333
Paraipaba,Cruz,False,157.783,145.593333
Paraipaba,Eusébio,True,108.2396,104.695
Paraipaba,Forquilha,False,162.3948,155.695
Paraipaba,Fortaleza,False,94.6003,95.068333
Paraipaba,Granja,False,241.0776,223.941667
Paraipaba,Guaiúba,False,114.3266,105.891667
Paraipaba,Guaraciaba do Norte,False,248.1699,245.16
Paraipaba,Horizonte,True,133.294,139.951667
Paraipaba,Ibiapina,False,227.7711,221.076667
Paraipaba,Icapuí,False,287.2056,267.521667
Paraipaba,Icó,False,464.0452,408.216667
Paraipaba,Iguatu,False,432.9921,425.211667
Paraipaba,Independência,False,352.9953,332.908333
Paraipaba,Ipu,False,255.4756,245.85
Paraipaba,Ipueiras,False,280.2804,268.525
Paraipaba,Itaitinga,False,113.9045,110.833333
Paraipaba,Itapajé,False,95.7558,84.868333
Paraipaba,Itapipoca,True,59.3751,58.945
Paraipaba,Itarema,False,124.6147,120.76
Paraipaba,Jaguaribe,False,395.146,355.726667
Paraipaba,Jaguaruana,False,268.4655,257.323333
Paraipaba,Jardim,False,659.8739,562.838333
Paraipaba,Juazeiro do Norte,True,611.7082,514.925
Paraipaba,Lavras da Mangabeira,False,522.0692,451.15
Paraipaba,Limoeiro do Norte,False,280.7656,272.163333
Paraipaba,Maracanaú,False,92.7263,90.851667
Paraipaba,Maranguape,False,95.0473,92.468333
Paraipaba,Marco,False,142.5987,136.985
Paraipaba,Massapê,False,169.1545,163.171667
Paraipaba,Mauriti,False,593.6676,508.886667
Paraipaba,Milagres,False,581.1044,496.711667
Paraipaba,Missão Velha,False,608.2743,519.128333
Paraipaba,Mombaça,False,355.2261,360.035
Paraipaba,Morada Nova,False,248.157,248.523333
Paraipaba,Nova Russas,False,302.8911,271.251667
Paraipaba,Novo Oriente,False,393.5161,356.755
Paraipaba,Ocara,False,176.8996,161.553333
Paraipaba,Pacajus,False,136.8374,133.703333
Paraipaba,Pacatuba,False,106.4921,99.83
Paraipaba,Paracuru,False,16.6218,20.39
Paraipaba,Paraipaba,False,0.0,0.0
Paraipaba,Parambu,False,452.3155,398.278333
Paraipaba,Pedra Branca,False,309.4816,308.548333
Paraipaba,Pentecoste,False,57.921,55.448333
Paraipaba,Quixadá,True,240.5608,228.793333
Paraipaba,Quixeramobim,False,283.1788,273.138333
Paraipaba,Redenção,False,141.0131,127.825
Paraipaba,Russas,True,249.79,241.056667
Paraipaba,Santa Quitéria,False,221.2828,194.845
Paraipaba,Santana do Acaraú,False,157.642,151.211667
Paraipaba,Senador Pompeu,False,336.9768,334.02
Paraipaba,Sobral,True,153.4755,150.055
Paraipaba,São Benedito,False,242.4085,236.656667
Paraipaba,São Gonçalo do Amarante,False,32.7649,32.745
Paraipaba,Tabuleiro do Norte,False,292.2117,283.146667
Paraipaba,Tamboril,False,286.776,257.03
Paraipaba,Tauá,False,391.5858,352.821667
Paraipaba,Tianguá,False,242.2384,227.863333
Paraipaba,Trairi,False,40.69,42.076667
Paraipaba,Ubajara,False,235.1618,229.245
Paraipaba,Viçosa do Ceará,False,272.6237,249.721667
Paraipaba,Várzea Alegre,False,506.6902,479.966667
Parambu,Acaraú,False,457.6014,429.528333
Parambu,Acopiara,False,183.543,180.84
Parambu,Amontada,False,430.4348,403.955
Parambu,Aquiraz,False,424.8473,368.778333
Parambu,Aracati,False,475.634,431.465
Parambu,Aracoiaba,False,362.2429,319.14
Parambu,Aurora,False,353.0528,329.31
Parambu,Barbalha,False,292.4327,284.193333
Parambu,Baturité,False,369.7353,326.081667
Parambu,Beberibe,False,458.0253,418.563333
Parambu,Bela Cruz,False,445.6344,419.561667
Parambu,Boa Viagem,False,184.6184,136.598333
Parambu,Brejo Santo,False,347.2673,327.711667
Parambu,Camocim,False,461.7987,425.065
Parambu,Campos Sales,False,173.0831,151.881667
Parambu,Canindé,False,288.1058,235.318333
Parambu,Caririaçu,False,309.8812,292.73
Parambu,Cascavel,False,457.4033,400.7
Parambu,Caucaia,True,393.4468,336.113333
Parambu,Cedro,False,274.8918,269.773333
Parambu,Chorozinho,False,399.1154,361.081667
Parambu,Crateús,True,137.5451,128.296667
Parambu,Crato,False,272.3854,264.371667
Parambu,Cruz,False,462.7162,434.346667
Parambu,Eusébio,True,417.4349,359.541667
Parambu,Forquilha,False,335.0088,323.175
Parambu,Fortaleza,False,403.5604,349.356667
Parambu,Granja,False,436.4408,405.791667
Parambu,Guaiúba,False,391.235,343.438333
Parambu,Guaraciaba do Norte,False,271.8607,253.08
Parambu,Horizonte,True,433.0343,389.008333
Parambu,Ibiapina,False,308.5715,287.655
Parambu,Icapuí,False,527.7031,476.27
Parambu,Icó,False,273.0305,267.758333
Parambu,Iguatu,False,220.0779,218.341667
Parambu,Independência,False,173.4633,134.58
Parambu,Ipu,False,247.0992,230.085
Parambu,Ipueiras,False,221.7738,206.058333
Parambu,Itaitinga,False,411.1875,356.891667
Parambu,Itapajé,False,391.169,361.095
Parambu,Itapipoca,True,413.2485,396.118333
Parambu,Itarema,False,473.4209,449.451667
Parambu,Jaguaribe,False,341.7909,301.066667
Parambu,Jaguaruana,False,482.5785,426.523333
Parambu,Jardim,False,329.5857,318.903333
Parambu,Juazeiro do Norte,True,284.0325,274.505
Parambu,Lavras da Mangabeira,False,312.2983,301.576667
Parambu,Limoeiro do Norte,False,423.9688,373.655
Parambu,Maracanaú,False,395.0055,343.968333
Parambu,Maranguape,False,385.2579,334.451667
Parambu,Marco,False,436.6751,409.785
Parambu,Massapê,False,369.5038,349.26
Parambu,Mauriti,False,357.4118,338.006667
Parambu,Milagres,False,334.5857,318.011667
Parambu,Missão Velha,False,308.0766,296.353333
Parambu,Mombaça,False,152.2855,151.616667
Parambu,Morada Nova,False,376.8912,336.038333
Parambu,Nova Russas,False,199.636,186.588333
Parambu,Novo Oriente,False,93.1505,86.328333
Parambu,Ocara,False,372.8233,335.738333
Parambu,Pacajus,False,412.6161,372.65
Parambu,Pacatuba,False,398.6177,345.676667
Parambu,Paracuru,False,447.7194,394.756667
Parambu,Paraipaba,False,452.1279,399.706667
Parambu,Parambu,False,0.0,0.0
Parambu,Pedra Branca,False,172.0837,133.798333
Parambu,Pentecoste,False,396.9999,347.228333
Parambu,Quixadá,True,298.2423,262.26
Parambu,Quixeramobim,False,255.8898,218.636667
Parambu,Redenção,False,385.5803,347.181667
Parambu,Russas,True,441.978,389.806667
Parambu,Santa Quitéria,False,265.4398,248.49
Parambu,Santana do Acaraú,False,385.8719,363.23
Parambu,Senador Pompeu,False,222.8334,184.728333
Parambu,Sobral,True,348.8779,330.108333
Parambu,São Benedito,False,294.281,275.765
Parambu,São Gonçalo do Amarante,False,431.9748,372.676667
Parambu,Tabuleiro do Norte,False,415.2265,362.58
Parambu,Tamboril,False,200.5346,187.97
Parambu,Tauá,False,66.6395,51.636667
Parambu,Tianguá,False,334.462,312.266667
Parambu,Trairi,False,461.1255,431.508333
Parambu,Ubajara,False,318.1568,297.436667
Parambu,Viçosa do Ceará,False,365.4586,333.775
Parambu,Várzea Alegre,False,268.0802,276.995
Pedra Branca,Acaraú,False,359.1039,371.523333
Pedra Branca,Acopiara,False,92.8906,101.256667
Pedra Branca,Amontada,False,333.6852,343.588333
Pedra Branca,Aquiraz,False,281.9936,278.94
Pedra Branca,Aracati,False,303.8404,298.736667
Pedra Branca,Aracoiaba,False,208.0625,215.001667
Pedra Branca,Aurora,False,254.8966,251.433333
Pedra Branca,Barbalha,False,294.871,279.95
Pedra Branca,Baturité,False,215.555,221.943333
Pedra Branca,Beberibe,False,286.2317,285.835
Pedra Branca,Bela Cruz,False,347.1369,361.556667
Pedra Branca,Boa Viagem,False,42.4435,47.036667
Pedra Branca,Brejo Santo,False,336.7328,292.558333
Pedra Branca,Camocim,False,391.6316,398.536667
Pedra Branca,Campos Sales,False,314.7209,257.005
Pedra Branca,Canindé,False,145.2521,145.48
Pedra Branca,Caririaçu,False,256.2632,246.293333
Pedra Branca,Cascavel,False,267.3835,268.4
Pedra Branca,Caucaia,True,250.5931,246.275
Pedra Branca,Cedro,False,184.744,190.82
Pedra Branca,Chorozinho,False,227.3218,228.353333
Pedra Branca,Crateús,True,122.5347,115.395
Pedra Branca,Crato,False,294.8316,275.165
Pedra Branca,Cruz,False,364.2187,376.341667
Pedra Branca,Eusébio,True,274.5812,269.703333
Pedra Branca,Forquilha,False,242.774,263.665
Pedra Branca,Fortaleza,False,260.7067,259.518333
Pedra Branca,Granja,False,366.2738,379.263333
Pedra Branca,Guaiúba,False,248.3813,253.6
Pedra Branca,Guaraciaba do Norte,False,254.4058,238.326667
Pedra Branca,Horizonte,True,251.1382,262.43
Pedra Branca,Ibiapina,False,291.1166,272.901667
Pedra Branca,Icapuí,False,355.9094,343.541667
Pedra Branca,Icó,False,197.4722,187.015
Pedra Branca,Iguatu,False,129.93,139.388333
Pedra Branca,Independência,False,72.7729,68.378333
Pedra Branca,Ipu,False,229.6443,215.331667
Pedra Branca,Ipueiras,False,204.3189,191.305
Pedra Branca,Itaitinga,False,266.9682,266.841667
Pedra Branca,Itapajé,False,272.3344,280.38
Pedra Branca,Itapipoca,True,302.9828,313.948333
Pedra Branca,Itarema,False,374.9234,391.446667
Pedra Branca,Jaguaribe,False,169.9973,168.338333
Pedra Branca,Jaguaruana,False,310.7849,293.795
Pedra Branca,Jardim,False,332.024,314.66
Pedra Branca,Juazeiro do Norte,True,283.8583,266.746667
Pedra Branca,Lavras da Mangabeira,False,222.1505,222.623333
Pedra Branca,Limoeiro do Norte,False,252.1752,240.926667
Pedra Branca,Maracanaú,False,252.1518,254.13
Pedra Branca,Maranguape,False,242.4041,244.613333
Pedra Branca,Marco,False,338.1776,351.78
Pedra Branca,Massapê,False,280.7791,300.525
Pedra Branca,Mauriti,False,327.9622,288.956667
Pedra Branca,Milagres,False,315.3989,276.781667
Pedra Branca,Missão Velha,False,305.3815,287.136667
Pedra Branca,Mombaça,False,45.6968,52.323333
Pedra Branca,Morada Nova,False,205.0975,203.31
Pedra Branca,Nova Russas,False,181.6561,169.821667
Pedra Branca,Novo Oriente,False,164.432,153.195
Pedra Branca,Ocara,False,201.0297,203.01
Pedra Branca,Pacajus,False,240.8225,239.921667
Pedra Branca,Pacatuba,False,255.7639,255.838333
Pedra Branca,Paracuru,False,304.8657,304.918333
Pedra Branca,Paraipaba,False,309.2742,309.868333
Pedra Branca,Parambu,False,172.0837,133.801667
Pedra Branca,Pedra Branca,False,0.0,0.0
Pedra Branca,Pentecoste,False,254.1462,257.39
Pedra Branca,Quixadá,True,126.4486,129.531667
Pedra Branca,Quixeramobim,False,84.0961,85.908333
Pedra Branca,Redenção,False,231.3998,243.043333
Pedra Branca,Russas,True,270.1844,257.078333
Pedra Branca,Santa Quitéria,False,173.205,188.98
Pedra Branca,Santana do Acaraú,False,287.3744,305.225
Pedra Branca,Senador Pompeu,False,51.0397,52.0
Pedra Branca,Sobral,True,259.4345,280.273333
Pedra Branca,São Benedito,False,276.8261,261.011667
Pedra Branca,São Gonçalo do Amarante,False,289.1211,282.838333
Pedra Branca,Tabuleiro do Norte,False,243.4328,229.851667
Pedra Branca,Tamboril,False,147.7287,161.553333
Pedra Branca,Tauá,False,111.354,88.345
Pedra Branca,Tianguá,False,317.0071,297.513333
Pedra Branca,Trairi,False,318.2718,341.67
Pedra Branca,Ubajara,False,300.7019,282.683333
Pedra Branca,Viçosa do Ceará,False,348.0037,319.021667
Pedra Branca,Várzea Alegre,False,189.8328,204.348333
Pentecoste,Acaraú,False,166.3906,169.681667
Pentecoste,Acopiara,False,346.6841,357.091667
Pentecoste,Amontada,False,91.922,100.14
Pentecoste,Aquiraz,False,112.5934,110.093333
Pentecoste,Aracati,False,232.0779,218.878333
Pentecoste,Aracoiaba,False,155.9752,139.998333
Pentecoste,Aurora,False,545.0473,476.048333
Pentecoste,Barbalha,False,541.0208,519.735
Pentecoste,Baturité,False,167.9042,152.648333
Pentecoste,Beberibe,False,165.887,161.611667
Pentecoste,Bela Cruz,False,154.4236,159.715
Pentecoste,Boa Viagem,False,212.0853,210.05
Pentecoste,Brejo Santo,False,599.3798,508.65
Pentecoste,Camocim,False,279.2853,269.543333
Pentecoste,Campos Sales,False,539.217,469.605
Pentecoste,Canindé,False,110.3705,113.686667
Pentecoste,Caririaçu,False,502.4131,486.078333
Pentecoste,Cascavel,False,145.1494,142.015
Pentecoste,Caucaia,True,76.6142,73.218333
Pentecoste,Cedro,False,430.8938,430.605
Pentecoste,Chorozinho,False,148.553,144.628333
Pentecoste,Crateús,True,306.1116,289.393333
Pentecoste,Crato,False,542.5484,514.173333
Pentecoste,Cruz,False,171.5054,174.5
Pentecoste,Eusébio,True,105.181,100.856667
Pentecoste,Forquilha,False,135.2003,128.908333
Pentecoste,Fortaleza,False,91.5417,91.23
Pentecoste,Granja,False,252.7285,248.213333
Pentecoste,Guaiúba,False,111.268,102.053333
Pentecoste,Guaraciaba do Norte,False,232.3193,236.673333
Pentecoste,Horizonte,True,130.2354,136.113333
Pentecoste,Ibiapina,False,224.7293,217.8
Pentecoste,Icapuí,False,284.1469,263.683333
Pentecoste,Icó,False,460.9866,404.378333
Pentecoste,Iguatu,False,383.7236,395.223333
Pentecoste,Independência,False,297.2595,281.031667
Pentecoste,Ipu,False,250.4464,234.663333
Pentecoste,Ipueiras,False,257.8558,241.091667
Pentecoste,Itaitinga,False,110.8459,106.995
Pentecoste,Itapajé,False,50.6218,55.746667
Pentecoste,Itapipoca,True,61.2196,70.5
Pentecoste,Itarema,False,148.024,153.123333
Pentecoste,Jaguaribe,False,392.0874,351.888333
Pentecoste,Jaguaruana,False,265.4069,253.485
Pentecoste,Jardim,False,578.1739,554.445
Pentecoste,Juazeiro do Norte,True,530.0082,506.531667
Pentecoste,Lavras da Mangabeira,False,519.0106,447.311667
Pentecoste,Limoeiro do Norte,False,277.707,268.325
Pentecoste,Maracanaú,False,89.6677,87.013333
Pentecoste,Maranguape,False,91.9887,88.63
Pentecoste,Marco,False,145.4643,149.938333
Pentecoste,Massapê,False,174.1746,167.653333
Pentecoste,Mauriti,False,590.6091,505.048333
Pentecoste,Milagres,False,578.0458,492.873333
Pentecoste,Missão Velha,False,605.2158,515.29
Pentecoste,Mombaça,False,299.4904,308.158333
Pentecoste,Morada Nova,False,245.0984,244.685
Pentecoste,Nova Russas,False,257.7572,242.13
Pentecoste,Novo Oriente,False,348.3822,327.633333
Pentecoste,Ocara,False,173.841,157.715
Pentecoste,Pacajus,False,133.7788,129.865
Pentecoste,Pacatuba,False,103.4335,95.991667
Pentecoste,Paracuru,False,53.2104,50.196667
Pentecoste,Paraipaba,False,57.6189,55.146667
Pentecoste,Parambu,False,396.5798,346.401667
Pentecoste,Pedra Branca,False,253.7458,256.671667
Pentecoste,Pentecoste,False,0.0,0.0
Pentecoste,Quixadá,True,207.0044,219.525
Pentecoste,Quixeramobim,False,239.2304,236.51
Pentecoste,Redenção,False,137.9545,123.986667
Pentecoste,Russas,True,246.7314,237.218333
Pentecoste,Santa Quitéria,False,176.1488,165.723333
Pentecoste,Santana do Acaraú,False,160.5076,164.165
Pentecoste,Senador Pompeu,False,293.7487,295.875
Pentecoste,Sobral,True,152.8301,147.401667
Pentecoste,São Benedito,False,239.3667,233.38
Pentecoste,São Gonçalo do Amarante,False,46.0434,44.501667
Pentecoste,Tabuleiro do Norte,False,289.1531,279.308333
Pentecoste,Tamboril,False,241.642,227.908333
Pentecoste,Tauá,False,335.8501,300.945
Pentecoste,Tianguá,False,239.1965,224.586667
Pentecoste,Trairi,False,89.4744,86.965
Pentecoste,Ubajara,False,232.12,225.968333
Pentecoste,Viçosa do Ceará,False,269.5819,246.445
Pentecoste,Várzea Alegre,False,443.6263,460.183333
Quixadá,Acaraú,False,380.1306,358.095
Quixadá,Acopiara,False,175.1392,191.89
Quixadá,Amontada,False,312.7604,295.81
Quixadá,Aquiraz,False,163.8642,162.278333
Quixadá,Aracati,False,177.3918,169.205
Quixadá,Aracoiaba,False,81.8512,85.95
Quixadá,Aurora,False,286.9322,263.745
Quixadá,Barbalha,False,334.2652,300.8
Quixadá,Baturité,False,89.3437,92.891667
Quixadá,Beberibe,False,159.783,156.303333
Quixadá,Bela Cruz,False,339.4123,354.835
Quixadá,Boa Viagem,False,139.8484,137.453333
Quixadá,Brejo Santo,False,341.2646,296.346667
Quixadá,Camocim,False,378.1652,395.693333
Quixadá,Campos Sales,False,350.8472,345.093333
Quixadá,Canindé,False,96.4941,108.738333
Quixadá,Caririaçu,False,295.6574,267.143333
Quixadá,Cascavel,False,140.9348,138.868333
Quixadá,Caucaia,True,169.216,161.458333
Quixadá,Cedro,False,224.1381,211.67
Quixadá,Chorozinho,False,100.8731,98.821667
Quixadá,Crateús,True,248.3689,243.268333
Quixadá,Crato,False,334.2258,296.015
Quixadá,Cruz,False,388.8495,364.803333
Quixadá,Eusébio,True,156.4518,153.041667
Quixadá,Forquilha,False,235.0494,256.943333
Quixadá,Fortaleza,False,164.9237,164.395
Quixadá,Granja,False,351.6084,374.363333
Quixadá,Guaiúba,False,127.2434,127.715
Quixadá,Guaraciaba do Norte,False,281.0625,294.728333
Quixadá,Horizonte,True,124.6896,132.898333
Quixadá,Ibiapina,False,317.6426,328.838333
Quixadá,Icapuí,False,229.4608,214.01
Quixadá,Icó,False,202.004,190.803333
Quixadá,Iguatu,False,192.68,197.008333
Quixadá,Independência,False,198.6071,196.251667
Quixadá,Ipu,False,275.2667,277.401667
Quixadá,Ipueiras,False,282.6761,283.83
Quixadá,Itaitinga,False,140.5195,137.31
Quixadá,Itapajé,False,223.5764,243.638333
Quixadá,Itapipoca,True,282.058,266.17
Quixadá,Itarema,False,355.6813,339.97
Quixadá,Jaguaribe,False,174.529,172.126667
Quixadá,Jaguaruana,False,176.47,165.818333
Quixadá,Jardim,False,371.4182,335.51
Quixadá,Juazeiro do Norte,True,323.2525,287.596667
Quixadá,Lavras da Mangabeira,False,260.8955,235.008333
Quixadá,Limoeiro do Norte,False,117.8603,112.95
Quixadá,Maracanaú,False,149.1134,143.821667
Quixadá,Maranguape,False,151.2718,146.101667
Quixadá,Marco,False,330.453,345.058333
Quixadá,Massapê,False,273.0545,293.803333
Quixadá,Mauriti,False,332.494,292.745
Quixadá,Milagres,False,319.9307,280.57
Quixadá,Missão Velha,False,347.1006,302.986667
Quixadá,Mombaça,False,135.6125,146.371667
Quixadá,Morada Nova,False,79.2666,74.791667
Quixadá,Nova Russas,False,262.2411,267.091667
Quixadá,Novo Oriente,False,290.2662,281.068333
Quixadá,Ocara,False,74.5811,73.478333
Quixadá,Pacajus,False,114.3739,110.39
Quixadá,Pacatuba,False,135.3201,132.406667
Quixadá,Paracuru,False,235.4925,224.518333
Quixadá,Paraipaba,False,239.901,229.468333
Quixadá,Parambu,False,297.9179,261.675
Quixadá,Pedra Branca,False,126.1851,128.923333
Quixadá,Pentecoste,False,205.3882,220.648333
Quixadá,Quixadá,True,0.0,0.0
Quixadá,Quixeramobim,False,42.8668,44.935
Quixadá,Redenção,False,105.1886,113.991667
Quixadá,Russas,True,135.8695,129.101667
Quixadá,Santa Quitéria,False,200.847,208.366667
Quixadá,Santana do Acaraú,False,279.6499,298.503333
Quixadá,Senador Pompeu,False,96.6647,105.816667
Quixadá,Sobral,True,251.71,273.551667
Quixadá,São Benedito,False,303.3521,316.948333
Quixadá,São Gonçalo do Amarante,False,207.5081,197.481667
Quixadá,Tabuleiro do Norte,False,123.7807,117.696667
Quixadá,Tamboril,False,246.2257,253.41
Quixadá,Tauá,False,237.1882,216.218333
Quixadá,Tianguá,False,338.0764,350.736667
Quixadá,Trairi,False,271.7565,261.286667
Quixadá,Ubajara,False,320.9673,338.523333
Quixadá,Viçosa do Ceará,False,368.4618,372.595
Quixadá,Várzea Alegre,False,266.3781,251.763333
Quixeramobim,Acaraú,False,385.9821,382.25
Quixeramobim,Acopiara,False,133.6223,150.441667
Quixeramobim,Amontada,False,319.53,324.295
Quixeramobim,Aquiraz,False,207.1967,208.625
Quixeramobim,Aracati,False,220.7242,215.551667
Quixeramobim,Aracoiaba,False,124.9463,131.816667
Quixeramobim,Aurora,False,286.5249,272.376667
Quixeramobim,Barbalha,False,333.8578,309.431667
Quixeramobim,Baturité,False,132.4388,138.758333
Quixeramobim,Beberibe,False,203.1155,202.65
Quixeramobim,Bela Cruz,False,374.0151,372.283333
Quixeramobim,Boa Viagem,False,97.8832,94.578333
Quixeramobim,Brejo Santo,False,340.8573,304.978333
Quixeramobim,Camocim,False,412.7679,413.141667
Quixeramobim,Campos Sales,False,327.5989,335.285
Quixeramobim,Canindé,False,131.0968,126.186667
Quixeramobim,Caririaçu,False,295.2501,275.775
Quixeramobim,Cascavel,False,184.2673,185.215
Quixeramobim,Caucaia,True,212.3111,207.325
Quixeramobim,Cedro,False,223.7308,220.301667
Quixeramobim,Chorozinho,False,144.2056,145.168333
Quixeramobim,Crateús,True,206.4037,200.393333
Quixeramobim,Crato,False,333.8185,304.646667
Quixeramobim,Cruz,False,391.0969,387.068333
Quixeramobim,Eusébio,True,199.7843,199.388333
Quixeramobim,Forquilha,False,269.6522,274.391667
Quixeramobim,Fortaleza,False,208.0187,210.261667
Quixeramobim,Granja,False,386.2112,391.811667
Quixeramobim,Guaiúba,False,170.3385,173.581667
Quixeramobim,Guaraciaba do Norte,False,300.2392,298.45
Quixeramobim,Horizonte,True,168.022,179.245
Quixeramobim,Ibiapina,False,336.95,333.025
Quixeramobim,Icapuí,False,272.7933,260.356667
Quixeramobim,Icó,False,201.5967,199.435
Quixeramobim,Iguatu,False,170.6617,188.573333
Quixeramobim,Independência,False,156.6419,153.376667
Quixeramobim,Ipu,False,275.4777,275.455
Quixeramobim,Ipueiras,False,250.1523,251.428333
Quixeramobim,Itaitinga,False,183.852,183.656667
Quixeramobim,Itapajé,False,258.1791,261.086667
Quixeramobim,Itapipoca,True,288.8276,294.655
Quixeramobim,Itarema,False,375.632,377.278333
Quixeramobim,Jaguaribe,False,174.1218,180.758333
Quixeramobim,Jaguaruana,False,219.1847,211.151667
Quixeramobim,Jardim,False,371.0108,344.141667
Quixeramobim,Juazeiro do Norte,True,322.8452,296.228333
Quixeramobim,Lavras da Mangabeira,False,260.4882,243.64
Quixeramobim,Limoeiro do Norte,False,160.575,158.283333
Quixeramobim,Maracanaú,False,192.2085,189.688333
Quixeramobim,Maranguape,False,194.3669,191.968333
Quixeramobim,Marco,False,365.0558,362.506667
Quixeramobim,Massapê,False,307.6573,311.251667
Quixeramobim,Mauriti,False,332.0867,301.376667
Quixeramobim,Milagres,False,319.5234,289.201667
Quixeramobim,Missão Velha,False,346.6933,311.618333
Quixeramobim,Mombaça,False,93.6473,103.496667
Quixeramobim,Morada Nova,False,121.9814,120.125
Quixeramobim,Nova Russas,False,220.2759,224.216667
Quixeramobim,Novo Oriente,False,248.301,238.193333
Quixeramobim,Ocara,False,117.9135,119.825
Quixeramobim,Pacajus,False,157.7063,156.736667
Quixeramobim,Pacatuba,False,178.4152,178.273333
Quixeramobim,Paracuru,False,278.5876,270.385
Quixeramobim,Paraipaba,False,282.9961,275.335
Quixeramobim,Parambu,False,255.9527,218.8
Quixeramobim,Pedra Branca,False,84.2199,86.048333
Quixeramobim,Pentecoste,False,239.991,238.096667
Quixeramobim,Quixadá,True,43.3324,46.346667
Quixeramobim,Quixeramobim,False,0.0,0.0
Quixeramobim,Redenção,False,148.2837,159.858333
Quixeramobim,Russas,True,178.5842,174.435
Quixeramobim,Santa Quitéria,False,183.5251,223.278333
Quixeramobim,Santana do Acaraú,False,314.2526,315.951667
Quixeramobim,Senador Pompeu,False,55.1477,64.368333
Quixeramobim,Sobral,True,286.3127,291.0
Quixeramobim,São Benedito,False,322.6595,321.135
Quixeramobim,São Gonçalo do Amarante,False,250.6032,243.348333
Quixeramobim,Tabuleiro do Norte,False,166.4955,163.03
Quixeramobim,Tamboril,False,204.2605,210.535
Quixeramobim,Tauá,False,195.223,173.343333
Quixeramobim,Tianguá,False,362.8405,357.636667
Quixeramobim,Trairi,False,314.8516,307.153333
Quixeramobim,Ubajara,False,346.5353,342.806667
Quixeramobim,Viçosa do Ceará,False,393.8371,379.145
Quixeramobim,Várzea Alegre,False,230.5645,253.533333
Redenção,Acaraú,False,281.0929,257.973333
Redenção,Acopiara,False,279.7634,305.296667
Redenção,Amontada,False,213.7227,195.688333
Redenção,Aquiraz,False,76.8753,70.748333
Redenção,Aracati,False,135.0777,130.748333
Redenção,Aracoiaba,False,23.3459,29.04
Redenção,Aurora,False,391.5563,377.151667
Redenção,Barbalha,False,438.8893,414.206667
Redenção,Baturité,False,35.2749,41.69
Redenção,Beberibe,False,84.6181,91.475
Redenção,Bela Cruz,False,276.2243,255.263333
Redenção,Boa Viagem,False,201.2378,211.773333
Redenção,Brejo Santo,False,445.8888,409.753333
Redenção,Camocim,False,399.5941,365.506667
Redenção,Campos Sales,False,455.4714,458.5
Redenção,Canindé,False,99.523,115.26
Redenção,Caririaçu,False,400.2815,380.55
Redenção,Cascavel,False,65.7699,74.04
Redenção,Caucaia,True,70.1783,61.336667
Redenção,Cedro,False,328.7623,325.076667
Redenção,Chorozinho,False,35.7951,48.483333
Redenção,Crateús,True,336.1737,329.771667
Redenção,Crato,False,438.85,409.421667
Redenção,Cruz,False,289.8118,264.681667
Redenção,Eusébio,True,69.4629,61.511667
Redenção,Forquilha,False,261.3353,227.758333
Redenção,Fortaleza,False,65.886,64.273333
Redenção,Granja,False,373.1064,343.03
Redenção,Guaiúba,False,28.2057,27.593333
Redenção,Guaraciaba do Norte,False,284.0914,301.25
Redenção,Horizonte,True,46.0292,64.638333
Redenção,Ibiapina,False,350.8643,316.65
Redenção,Icapuí,False,187.1468,175.553333
Redenção,Icó,False,306.6281,304.21
Redenção,Iguatu,False,297.3042,310.415
Redenção,Independência,False,286.4119,282.755
Redenção,Ipu,False,278.2956,283.923333
Redenção,Ipueiras,False,285.705,290.351667
Redenção,Itaitinga,False,47.2143,42.406667
Redenção,Itapajé,False,176.7568,154.596667
Redenção,Itapipoca,True,183.0203,166.048333
Redenção,Itarema,False,256.6435,239.848333
Redenção,Jaguaribe,False,278.3991,254.26
Redenção,Jaguaruana,False,151.7186,155.856667
Redenção,Jardim,False,476.0423,448.916667
Redenção,Juazeiro do Norte,True,427.8766,401.003333
Redenção,Lavras da Mangabeira,False,365.5197,348.415
Redenção,Limoeiro do Norte,False,164.0186,170.696667
Redenção,Maracanaú,False,50.0757,43.7
Redenção,Maranguape,False,52.2341,45.98
Redenção,Marco,False,267.2649,245.486667
Redenção,Massapê,False,300.3096,266.503333
Redenção,Mauriti,False,437.1181,406.151667
Redenção,Milagres,False,424.5548,393.976667
Redenção,Missão Velha,False,451.7248,416.393333
Redenção,Mombaça,False,240.2367,259.778333
Redenção,Morada Nova,False,131.4101,147.056667
Redenção,Nova Russas,False,285.6063,291.39
Redenção,Novo Oriente,False,378.071,367.571667
Redenção,Ocara,False,41.2117,46.756667
Redenção,Pacajus,False,39.2089,45.561667
Redenção,Pacatuba,False,36.2824,32.285
Redenção,Paracuru,False,136.4548,124.396667
Redenção,Paraipaba,False,140.8633,129.346667
Redenção,Parambu,False,385.7322,348.125
Redenção,Pedra Branca,False,230.8093,242.33
Redenção,Pentecoste,False,138.922,125.176667
Redenção,Quixadá,True,104.8729,113.996667
Redenção,Quixeramobim,False,147.4909,158.341667
Redenção,Redenção,False,0.0,0.0
Redenção,Russas,True,133.0431,139.59
Redenção,Santa Quitéria,False,203.8759,214.888333
Redenção,Santana do Acaraú,False,282.3083,259.713333
Redenção,Senador Pompeu,False,201.2888,219.223333
Redenção,Sobral,True,278.9651,246.251667
Redenção,São Benedito,False,306.381,323.47
Redenção,São Gonçalo do Amarante,False,108.4704,97.36
Redenção,Tabuleiro do Norte,False,175.4648,181.68
Redenção,Tamboril,False,269.4912,277.168333
Redenção,Tauá,False,325.0025,302.668333
Redenção,Tianguá,False,365.3316,323.436667
Redenção,Trairi,False,172.7188,161.165
Redenção,Ubajara,False,358.255,324.818333
Redenção,Viçosa do Ceará,False,395.7169,345.295
Redenção,Várzea Alegre,False,371.0023,365.17
Russas,Acaraú,False,387.4973,367.01
Russas,Acopiara,False,256.5634,251.658333
Russas,Amontada,False,320.1271,304.725
Russas,Aquiraz,False,153.9873,148.051667
Russas,Aracati,False,66.8365,67.65
Russas,Aracoiaba,False,136.9961,144.261667
Russas,Aurora,False,302.9738,246.255
Russas,Barbalha,False,377.5888,294.496667
Russas,Baturité,False,148.9251,156.911667
Russas,Beberibe,False,103.1338,98.79
Russas,Bela Cruz,False,382.6286,364.3
Russas,Boa Viagem,False,274.6488,264.763333
Russas,Brejo Santo,False,357.3062,278.856667
Russas,Camocim,False,505.9985,474.543333
Russas,Campos Sales,False,428.0273,369.8
Russas,Canindé,False,213.1732,230.481667
Russas,Caririaçu,False,338.981,260.84
Russas,Cascavel,False,120.9774,114.971667
Russas,Caucaia,True,176.5827,170.373333
Russas,Cedro,False,262.3134,215.383333
Russas,Chorozinho,False,98.8086,95.726667
Russas,Crateús,True,383.1693,370.578333
Russas,Crato,False,377.5494,289.711667
Russas,Cruz,False,396.2162,373.718333
Russas,Eusébio,True,154.3873,149.946667
Russas,Forquilha,False,367.7396,336.795
Russas,Fortaleza,False,163.726,162.746667
Russas,Granja,False,479.5108,452.066667
Russas,Guaiúba,False,150.5432,147.728333
Russas,Guaraciaba do Norte,False,397.7417,416.471667
Russas,Horizonte,True,122.625,129.803333
Russas,Ibiapina,False,457.2687,425.686667
Russas,Icapuí,False,117.7859,111.145
Russas,Icó,False,218.9131,174.585
Russas,Iguatu,False,271.5856,223.883333
Russas,Independência,False,333.4075,323.561667
Russas,Ipu,False,391.9458,399.145
Russas,Ipueiras,False,399.3553,405.573333
Russas,Itaitinga,False,138.455,134.215
Russas,Itapajé,False,283.1612,263.633333
Russas,Itapipoca,True,289.4246,275.085
Russas,Itarema,False,363.0479,348.885
Russas,Jaguaribe,False,150.0139,122.095
Russas,Jaguaruana,False,44.7492,43.546667
Russas,Jardim,False,414.7418,329.206667
Russas,Juazeiro do Norte,True,366.5761,281.293333
Russas,Lavras da Mangabeira,False,276.9371,217.518333
Russas,Limoeiro do Norte,False,35.6335,38.531667
Russas,Maracanaú,False,164.1403,156.911667
Russas,Maranguape,False,166.2987,159.191667
Russas,Marco,False,373.6693,354.523333
Russas,Massapê,False,406.714,375.54
Russas,Mauriti,False,348.5356,275.255
Russas,Milagres,False,335.9723,263.08
Russas,Missão Velha,False,363.1422,285.496667
Russas,Mombaça,False,259.3704,250.55
Russas,Morada Nova,False,56.858,55.67
Russas,Nova Russas,False,397.0414,394.401667
Russas,Novo Oriente,False,425.0665,408.378333
Russas,Ocara,False,107.864,114.91
Russas,Pacajus,False,112.3093,107.295
Russas,Pacatuba,False,150.347,145.496667
Russas,Paracuru,False,242.8592,233.433333
Russas,Paraipaba,False,247.2677,238.383333
Russas,Parambu,False,432.7183,388.985
Russas,Pedra Branca,False,260.9854,256.233333
Russas,Pentecoste,False,245.3264,234.213333
Russas,Quixadá,True,135.6778,128.458333
Russas,Quixeramobim,False,177.6671,172.245
Russas,Redenção,False,132.177,138.213333
Russas,Russas,True,0.0,0.0
Russas,Santa Quitéria,False,317.5261,330.11
Russas,Santana do Acaraú,False,388.7127,368.75
Russas,Senador Pompeu,False,220.7682,207.675
Russas,Sobral,True,385.3694,355.288333
Russas,São Benedito,False,420.0312,438.691667
Russas,São Gonçalo do Amarante,False,214.8748,206.396667
Russas,Tabuleiro do Norte,False,47.0796,49.515
Russas,Tamboril,False,381.0261,380.72
Russas,Tauá,False,371.9885,343.528333
Russas,Tianguá,False,471.7359,432.473333
Russas,Trairi,False,279.1232,270.201667
Russas,Ubajara,False,464.6594,433.855
Russas,Viçosa do Ceará,False,502.1213,454.331667
Russas,Várzea Alegre,False,317.0379,252.28
Santa Quitéria,Acaraú,False,185.971,182.903333
Santa Quitéria,Acopiara,False,266.1957,289.476667
Santa Quitéria,Amontada,False,158.8044,157.33
Santa Quitéria,Aquiraz,False,241.9939,234.618333
Santa Quitéria,Aracati,False,320.1234,321.358333
Santa Quitéria,Aracoiaba,False,180.6424,186.051667
Santa Quitéria,Aurora,False,428.2018,439.653333
Santa Quitéria,Barbalha,False,480.9178,465.91
Santa Quitéria,Baturité,False,188.1349,192.993333
Santa Quitéria,Beberibe,False,295.2876,286.136667
Santa Quitéria,Bela Cruz,False,174.0041,172.936667
Santa Quitéria,Boa Viagem,False,131.936,143.743333
Santa Quitéria,Brejo Santo,False,510.038,480.778333
Santa Quitéria,Camocim,False,220.5321,211.826667
Santa Quitéria,Campos Sales,False,438.3073,400.025
Santa Quitéria,Canindé,False,104.4199,100.368333
Santa Quitéria,Caririaçu,False,429.5684,434.513333
Santa Quitéria,Cascavel,False,274.5499,266.54
Santa Quitéria,Caucaia,True,210.5934,201.953333
Santa Quitéria,Cedro,False,358.0491,379.04
Santa Quitéria,Chorozinho,False,220.8408,239.093333
Santa Quitéria,Crateús,True,130.0516,124.165
Santa Quitéria,Crato,False,460.8705,446.088333
Santa Quitéria,Cruz,False,191.0859,187.721667
Santa Quitéria,Eusébio,True,234.5815,225.381667
Santa Quitéria,Forquilha,False,69.6411,75.045
Santa Quitéria,Fortaleza,False,220.707,215.196667
Santa Quitéria,Granja,False,186.2001,192.465
Santa Quitéria,Guaiúba,False,208.3816,209.278333
Santa Quitéria,Guaraciaba do Norte,False,80.1822,86.761667
Santa Quitéria,Horizonte,True,250.1809,254.848333
Santa Quitéria,Ibiapina,False,116.7623,120.871667
Santa Quitéria,Icapuí,False,372.1924,366.163333
Santa Quitéria,Icó,False,370.7773,375.235
Santa Quitéria,Iguatu,False,303.2352,327.608333
Santa Quitéria,Independência,False,175.8303,165.181667
Santa Quitéria,Ipu,False,74.3864,69.435
Santa Quitéria,Ipueiras,False,81.7958,75.863333
Santa Quitéria,Itaitinga,False,228.3341,222.731667
Santa Quitéria,Itapajé,False,125.8013,112.965
Santa Quitéria,Itapipoca,True,147.8808,147.988333
Santa Quitéria,Itarema,False,201.7906,202.826667
Santa Quitéria,Jaguaribe,False,343.3024,356.558333
Santa Quitéria,Jaguaruana,False,336.7643,346.466667
Santa Quitéria,Jardim,False,518.0708,500.62
Santa Quitéria,Juazeiro do Norte,True,457.1635,454.966667
Santa Quitéria,Lavras da Mangabeira,False,395.4556,410.843333
Santa Quitéria,Limoeiro do Norte,False,320.3934,320.023333
Santa Quitéria,Maracanaú,False,212.1521,209.808333
Santa Quitéria,Maranguape,False,202.4045,200.291667
Santa Quitéria,Marco,False,165.0448,163.16
Santa Quitéria,Massapê,False,107.6463,111.905
Santa Quitéria,Mauriti,False,501.2673,477.176667
Santa Quitéria,Milagres,False,488.7041,465.001667
Santa Quitéria,Missão Velha,False,478.6867,475.356667
Santa Quitéria,Mombaça,False,219.002,240.543333
Santa Quitéria,Morada Nova,False,281.7998,281.865
Santa Quitéria,Nova Russas,False,81.6972,76.901667
Santa Quitéria,Novo Oriente,False,172.3222,162.405
Santa Quitéria,Ocara,False,216.7669,221.641667
Santa Quitéria,Pacajus,False,240.3609,242.198333
Santa Quitéria,Pacatuba,False,215.7643,211.516667
Santa Quitéria,Paracuru,False,215.3759,189.858333
Santa Quitéria,Paraipaba,False,219.7843,194.808333
Santa Quitéria,Parambu,False,265.4878,248.836667
Santa Quitéria,Pedra Branca,False,173.2574,189.056667
Santa Quitéria,Pentecoste,False,174.7741,165.611667
Santa Quitéria,Quixadá,True,202.7938,207.703333
Santa Quitéria,Quixeramobim,False,183.298,222.488333
Santa Quitéria,Redenção,False,203.9798,214.093333
Santa Quitéria,Russas,True,318.0888,330.2
Santa Quitéria,Santa Quitéria,False,0.0,0.0
Santa Quitéria,Santana do Acaraú,False,114.2416,116.605
Santa Quitéria,Senador Pompeu,False,224.3449,240.22
Santa Quitéria,Sobral,True,86.3017,91.653333
Santa Quitéria,São Benedito,False,102.4718,108.981667
Santa Quitéria,São Gonçalo do Amarante,False,208.2089,184.163333
Santa Quitéria,Tabuleiro do Norte,False,326.3138,324.77
Santa Quitéria,Tamboril,False,65.582,62.68
Santa Quitéria,Tauá,False,254.1721,232.86
Santa Quitéria,Tianguá,False,136.3923,145.386667
Santa Quitéria,Trairi,False,198.7047,197.576667
Santa Quitéria,Ubajara,False,120.087,130.556667
Santa Quitéria,Viçosa do Ceará,False,167.3888,166.895
Santa Quitéria,Várzea Alegre,False,363.1379,392.568333
Santana do Acaraú,Acaraú,False,72.5636,68.695
Santana do Acaraú,Acopiara,False,380.6075,405.701667
Santana do Acaraú,Amontada,False,69.6803,65.461667
Santana do Acaraú,Aquiraz,False,256.2118,245.306667
Santana do Acaraú,Aracati,False,375.6964,354.091667
Santana do Acaraú,Aracoiaba,False,299.5937,275.211667
Santana do Acaraú,Aurora,False,542.6135,555.878333
Santana do Acaraú,Barbalha,False,595.3296,582.135
Santana do Acaraú,Baturité,False,267.2464,283.265
Santana do Acaraú,Beberibe,False,309.5055,296.825
Santana do Acaraú,Bela Cruz,False,60.5966,58.728333
Santana do Acaraú,Boa Viagem,False,246.3478,259.968333
Santana do Acaraú,Brejo Santo,False,622.9211,593.731667
Santana do Acaraú,Camocim,False,128.424,128.801667
Santana do Acaraú,Campos Sales,False,557.8633,513.993333
Santana do Acaraú,Canindé,False,183.5314,190.64
Santana do Acaraú,Caririaçu,False,543.9801,550.738333
Santana do Acaraú,Cascavel,False,288.7679,277.228333
Santana do Acaraú,Caucaia,True,220.2326,208.431667
Santana do Acaraú,Cedro,False,472.4609,495.265
Santana do Acaraú,Chorozinho,False,292.1715,279.841667
Santana do Acaraú,Crateús,True,250.9356,238.695
Santana do Acaraú,Crato,False,575.2823,562.313333
Santana do Acaraú,Cruz,False,77.6784,73.513333
Santana do Acaraú,Eusébio,True,248.7995,236.07
Santana do Acaraú,Forquilha,False,46.0056,44.09
Santana do Acaraú,Fortaleza,False,235.1602,226.443333
Santana do Acaraú,Granja,False,101.8672,107.471667
Santana do Acaraú,Guaiúba,False,254.8864,237.266667
Santana do Acaraú,Guaraciaba do Norte,False,131.7807,133.555
Santana do Acaraú,Horizonte,True,273.8539,271.326667
Santana do Acaraú,Ibiapina,False,111.3819,109.471667
Santana do Acaraú,Icapuí,False,427.7654,398.896667
Santana do Acaraú,Icó,False,483.6605,488.188333
Santana do Acaraú,Iguatu,False,417.6469,443.833333
Santana do Acaraú,Independência,False,295.8614,281.116667
Santana do Acaraú,Ipu,False,139.0864,134.245
Santana do Acaraú,Ipueiras,False,163.8912,156.92
Santana do Acaraú,Itaitinga,False,254.4643,242.208333
Santana do Acaraú,Itapajé,False,132.0266,120.123333
Santana do Acaraú,Itapipoca,True,101.1786,98.586667
Santana do Acaraú,Itarema,False,88.3831,88.618333
Santana do Acaraú,Jaguaribe,False,456.1856,469.511667
Santana do Acaraú,Jaguaruana,False,409.0254,388.698333
Santana do Acaraú,Jardim,False,632.4826,616.845
Santana do Acaraú,Juazeiro do Norte,True,571.5753,571.191667
Santana do Acaraú,Lavras da Mangabeira,False,509.8674,527.068333
Santana do Acaraú,Limoeiro do Norte,False,421.3255,403.538333
Santana do Acaraú,Maracanaú,False,233.2861,222.226667
Santana do Acaraú,Maranguape,False,235.6071,223.843333
Santana do Acaraú,Marco,False,51.6373,48.951667
Santana do Acaraú,Massapê,False,22.5344,25.75
Santana do Acaraú,Mauriti,False,614.1504,590.13
Santana do Acaraú,Milagres,False,601.5872,577.955
Santana do Acaraú,Missão Velha,False,593.0984,591.581667
Santana do Acaraú,Mombaça,False,333.4138,356.768333
Santana do Acaraú,Morada Nova,False,360.9113,372.136667
Santana do Acaraú,Nova Russas,False,194.3888,185.606667
Santana do Acaraú,Novo Oriente,False,291.8782,276.373333
Santana do Acaraú,Ocara,False,317.4595,292.928333
Santana do Acaraú,Pacajus,False,277.3973,265.078333
Santana do Acaraú,Pacatuba,False,247.052,231.205
Santana do Acaraú,Paracuru,False,174.6008,172.201667
Santana do Acaraú,Paraipaba,False,157.979,151.811667
Santana do Acaraú,Parambu,False,385.0438,362.805
Santana do Acaraú,Pedra Branca,False,287.6692,305.281667
Santana do Acaraú,Pentecoste,False,160.4082,163.966667
Santana do Acaraú,Quixadá,True,281.9053,297.975
Santana do Acaraú,Quixeramobim,False,314.1312,314.96
Santana do Acaraú,Redenção,False,281.5729,259.2
Santana do Acaraú,Russas,True,390.3499,372.431667
Santana do Acaraú,Santa Quitéria,False,114.5006,116.72
Santana do Acaraú,Santana do Acaraú,False,0.0,0.0
Santana do Acaraú,Senador Pompeu,False,338.7566,356.445
Santana do Acaraú,Sobral,True,36.6845,37.425
Santana do Acaraú,São Benedito,False,126.0193,125.051667
Santana do Acaraú,São Gonçalo do Amarante,False,181.6798,174.041667
Santana do Acaraú,Tabuleiro do Norte,False,432.7716,414.521667
Santana do Acaraú,Tamboril,False,179.9938,178.905
Santana do Acaraú,Tauá,False,368.5839,349.085
Santana do Acaraú,Tianguá,False,118.4447,112.373333
Santana do Acaraú,Trairi,False,152.0025,148.175
Santana do Acaraú,Ubajara,False,118.7726,117.64
Santana do Acaraú,Viçosa do Ceará,False,148.8301,134.231667
Santana do Acaraú,Várzea Alegre,False,477.5497,508.793333
Senador Pompeu,Acaraú,False,410.1702,422.643333
Senador Pompeu,Acopiara,False,78.6275,87.383333
Senador Pompeu,Amontada,False,373.6355,382.895
Senador Pompeu,Aquiraz,False,260.4658,267.816667
Senador Pompeu,Aracati,False,283.323,268.73
Senador Pompeu,Aracoiaba,False,178.2154,191.008333
Senador Pompeu,Aurora,False,232.8512,210.788333
Senador Pompeu,Barbalha,False,280.1842,247.843333
Senador Pompeu,Baturité,False,185.7079,197.95
Senador Pompeu,Beberibe,False,256.3846,261.841667
Senador Pompeu,Bela Cruz,False,398.2032,412.676667
Senador Pompeu,Boa Viagem,False,93.5098,98.156667
Senador Pompeu,Brejo Santo,False,287.1836,243.39
Senador Pompeu,Camocim,False,442.6979,449.656667
Senador Pompeu,Campos Sales,False,272.6043,272.226667
Senador Pompeu,Canindé,False,185.2023,184.786667
Senador Pompeu,Caririaçu,False,241.5764,214.186667
Senador Pompeu,Cascavel,False,237.5365,244.406667
Senador Pompeu,Caucaia,True,265.5803,266.516667
Senador Pompeu,Cedro,False,170.0572,158.713333
Senador Pompeu,Chorozinho,False,197.4747,204.36
Senador Pompeu,Crateús,True,173.2632,166.273333
Senador Pompeu,Crato,False,280.1448,243.058333
Senador Pompeu,Cruz,False,415.285,427.461667
Senador Pompeu,Eusébio,True,253.0535,258.58
Senador Pompeu,Forquilha,False,293.8403,314.785
Senador Pompeu,Fortaleza,False,261.2879,269.453333
Senador Pompeu,Granja,False,417.34,430.383333
Senador Pompeu,Guaiúba,False,223.6076,232.773333
Senador Pompeu,Guaraciaba do Norte,False,305.1343,289.205
Senador Pompeu,Horizonte,True,221.2912,238.436667
Senador Pompeu,Ibiapina,False,341.8451,323.78
Senador Pompeu,Icapuí,False,334.2724,312.225
Senador Pompeu,Icó,False,147.923,137.846667
Senador Pompeu,Iguatu,False,115.667,125.515
Senador Pompeu,Independência,False,123.5014,119.256667
Senador Pompeu,Ipu,False,280.3728,266.21
Senador Pompeu,Ipueiras,False,255.0474,242.183333
Senador Pompeu,Itaitinga,False,237.1212,242.848333
Senador Pompeu,Itapajé,False,312.2847,319.686667
Senador Pompeu,Itapipoca,True,342.9331,353.255
Senador Pompeu,Itarema,False,429.7375,435.878333
Senador Pompeu,Jaguaribe,False,120.4481,119.17
Senador Pompeu,Jaguaruana,False,261.2357,244.626667
Senador Pompeu,Jardim,False,317.3372,282.553333
Senador Pompeu,Juazeiro do Norte,True,269.1715,234.64
Senador Pompeu,Lavras da Mangabeira,False,206.8145,182.051667
Senador Pompeu,Limoeiro do Norte,False,202.626,191.758333
Senador Pompeu,Maracanaú,False,245.4776,248.88
Senador Pompeu,Maranguape,False,247.636,251.16
Senador Pompeu,Marco,False,389.2439,402.9
Senador Pompeu,Massapê,False,331.8454,351.645
Senador Pompeu,Mauriti,False,278.413,239.788333
Senador Pompeu,Milagres,False,265.8498,227.613333
Senador Pompeu,Missão Velha,False,293.0196,250.03
Senador Pompeu,Mombaça,False,38.9071,44.325
Senador Pompeu,Morada Nova,False,166.4837,155.375
Senador Pompeu,Nova Russas,False,232.3846,220.7
Senador Pompeu,Novo Oriente,False,215.1604,204.073333
Senador Pompeu,Ocara,False,171.1827,179.016667
Senador Pompeu,Pacajus,False,210.9755,215.928333
Senador Pompeu,Pacatuba,False,231.6843,237.465
Senador Pompeu,Paracuru,False,331.8568,329.576667
Senador Pompeu,Paraipaba,False,336.2652,334.526667
Senador Pompeu,Parambu,False,222.8121,184.68
Senador Pompeu,Pedra Branca,False,51.0793,51.928333
Senador Pompeu,Pentecoste,False,294.0965,296.696667
Senador Pompeu,Quixadá,True,96.6016,105.538333
Senador Pompeu,Quixeramobim,False,54.6589,62.883333
Senador Pompeu,Redenção,False,201.5528,219.05
Senador Pompeu,Russas,True,220.6352,207.91
Senador Pompeu,Santa Quitéria,False,224.2713,240.1
Senador Pompeu,Santana do Acaraú,False,338.4407,356.345
Senador Pompeu,Senador Pompeu,False,0.0,0.0
Senador Pompeu,Sobral,True,310.5008,331.393333
Senador Pompeu,São Benedito,False,327.5546,311.89
Senador Pompeu,São Gonçalo do Amarante,False,303.8723,302.54
Senador Pompeu,Tabuleiro do Norte,False,193.8837,180.683333
Senador Pompeu,Tamboril,False,198.795,212.673333
Senador Pompeu,Tauá,False,162.0824,139.223333
Senador Pompeu,Tianguá,False,367.7356,348.391667
Senador Pompeu,Trairi,False,368.1207,366.345
Senador Pompeu,Ubajara,False,351.4304,333.561667
Senador Pompeu,Viçosa do Ceará,False,398.7322,369.9
Senador Pompeu,Várzea Alegre,False,175.5698,190.475
Sobral,Acaraú,False,108.6758,104.093333
Sobral,Acopiara,False,352.8258,380.68
Sobral,Amontada,False,83.1331,80.095
Sobral,Aquiraz,False,253.2025,231.891667
Sobral,Aracati,False,372.6871,340.676667
Sobral,Aracoiaba,False,231.9722,251.301667
Sobral,Aurora,False,514.8318,530.856667
Sobral,Barbalha,False,567.5478,557.113333
Sobral,Baturité,False,239.4647,258.243333
Sobral,Beberibe,False,306.4962,283.41
Sobral,Bela Cruz,False,96.7088,94.126667
Sobral,Boa Viagem,False,218.566,234.946667
Sobral,Brejo Santo,False,595.1394,568.71
Sobral,Camocim,False,125.0203,124.706667
Sobral,Campos Sales,False,521.0801,480.128333
Sobral,Canindé,False,155.7496,165.618333
Sobral,Caririaçu,False,516.1984,525.716667
Sobral,Cascavel,False,285.7586,263.813333
Sobral,Caucaia,True,217.2233,195.016667
Sobral,Cedro,False,444.6792,470.243333
Sobral,Chorozinho,False,289.1622,266.426667
Sobral,Crateús,True,214.1524,204.83
Sobral,Crato,False,547.5005,537.291667
Sobral,Cruz,False,113.7906,108.911667
Sobral,Eusébio,True,245.7902,222.655
Sobral,Forquilha,False,18.2239,19.068333
Sobral,Fortaleza,False,232.1508,213.028333
Sobral,Granja,False,98.4635,103.376667
Sobral,Guaiúba,False,251.8771,223.851667
Sobral,Guaraciaba do Norte,False,94.9975,99.69
Sobral,Horizonte,True,270.8446,257.911667
Sobral,Ibiapina,False,74.5987,75.606667
Sobral,Icapuí,False,424.7561,385.481667
Sobral,Icó,False,455.8788,463.166667
Sobral,Iguatu,False,389.8652,418.811667
Sobral,Independência,False,259.0782,247.251667
Sobral,Ipu,False,102.3032,100.38
Sobral,Ipueiras,False,127.108,123.055
Sobral,Itaitinga,False,251.455,228.793333
Sobral,Itapajé,False,104.2449,95.101667
Sobral,Itapipoca,True,98.4265,98.233333
Sobral,Itarema,False,124.4953,124.016667
Sobral,Jaguaribe,False,428.4038,444.49
Sobral,Jaguaruana,False,406.0161,375.283333
Sobral,Jardim,False,604.7008,591.823333
Sobral,Juazeiro do Norte,True,543.7935,546.17
Sobral,Lavras da Mangabeira,False,482.0857,502.046667
Sobral,Limoeiro do Norte,False,371.7232,385.273333
Sobral,Maracanaú,False,230.2768,208.811667
Sobral,Maranguape,False,232.5978,210.428333
Sobral,Marco,False,87.7495,84.35
Sobral,Massapê,False,19.9096,22.816667
Sobral,Mauriti,False,586.3687,565.108333
Sobral,Milagres,False,573.8054,552.933333
Sobral,Missão Velha,False,565.3166,566.56
Sobral,Mombaça,False,305.632,331.746667
Sobral,Morada Nova,False,333.1295,347.115
Sobral,Nova Russas,False,157.6057,151.741667
Sobral,Novo Oriente,False,255.095,242.508333
Sobral,Ocara,False,314.4502,279.513333
Sobral,Pacajus,False,274.388,251.663333
Sobral,Pacatuba,False,244.0427,217.79
Sobral,Paracuru,False,171.8488,171.848333
Sobral,Paraipaba,False,155.227,151.458333
Sobral,Parambu,False,348.2607,328.94
Sobral,Pedra Branca,False,259.8875,280.26
Sobral,Pentecoste,False,153.2178,147.748333
Sobral,Quixadá,True,254.1235,272.953333
Sobral,Quixeramobim,False,286.3494,289.938333
Sobral,Redenção,False,278.5636,245.785
Sobral,Russas,True,387.3406,359.016667
Sobral,Santa Quitéria,False,86.7189,91.698333
Sobral,Santana do Acaraú,False,36.9464,37.795
Sobral,Senador Pompeu,False,310.9749,331.423333
Sobral,Sobral,True,0.0,0.0
Sobral,São Benedito,False,89.2361,91.186667
Sobral,São Gonçalo do Amarante,False,186.6526,166.3
Sobral,Tabuleiro do Norte,False,377.6436,390.02
Sobral,Tamboril,False,152.2121,153.883333
Sobral,Tauá,False,340.8022,324.063333
Sobral,Tianguá,False,89.066,82.393333
Sobral,Trairi,False,149.2505,147.821667
Sobral,Ubajara,False,81.9894,83.775
Sobral,Viçosa do Ceará,False,119.4513,104.251667
Sobral,Várzea Alegre,False,449.7679,483.771667
São Benedito,Acaraú,False,197.955,191.056667
São Benedito,Acopiara,False,368.6437,360.235
São Benedito,Amontada,False,170.7884,165.483333
São Benedito,Aquiraz,False,339.3986,317.286667
São Benedito,Aracati,False,458.8832,426.071667
São Benedito,Aracoiaba,False,283.2003,294.835
São Benedito,Aurora,False,530.6498,510.411667
São Benedito,Barbalha,False,521.8246,509.568333
São Benedito,Baturité,False,290.6928,301.776667
São Benedito,Beberibe,False,392.6923,368.805
São Benedito,Bela Cruz,False,185.988,181.09
São Benedito,Boa Viagem,False,224.7889,226.525
São Benedito,Brejo Santo,False,612.486,551.536667
São Benedito,Camocim,False,168.0692,153.131667
São Benedito,Campos Sales,False,466.2094,426.126667
São Benedito,Canindé,False,206.9777,209.151667
São Benedito,Caririaçu,False,532.0164,505.271667
São Benedito,Cascavel,False,371.9547,349.208333
São Benedito,Caucaia,True,303.4194,280.411667
São Benedito,Cedro,False,460.4971,449.798333
São Benedito,Chorozinho,False,323.3986,347.876667
São Benedito,Crateús,True,159.2818,150.828333
São Benedito,Crato,False,501.7773,489.746667
São Benedito,Cruz,False,203.0698,195.875
São Benedito,Eusébio,True,331.9863,308.05
São Benedito,Forquilha,False,104.42,104.463333
São Benedito,Fortaleza,False,318.3469,298.423333
São Benedito,Granja,False,142.7113,133.858333
São Benedito,Guaiúba,False,338.0732,309.246667
São Benedito,Guaraciaba do Norte,False,23.2699,23.851667
São Benedito,Horizonte,True,357.0407,343.306667
São Benedito,Ibiapina,False,14.8421,15.721667
São Benedito,Icapuí,False,510.9522,470.876667
São Benedito,Icó,False,473.2253,445.993333
São Benedito,Iguatu,False,405.6832,398.366667
São Benedito,Independência,False,204.2076,193.25
São Benedito,Ipu,False,50.1567,48.931667
São Benedito,Ipueiras,False,72.2374,69.053333
São Benedito,Itaitinga,False,337.6511,314.188333
São Benedito,Itapajé,False,190.441,180.496667
São Benedito,Itapipoca,True,186.0818,183.621667
São Benedito,Itarema,False,213.7745,210.98
São Benedito,Jaguaribe,False,445.7504,427.316667
São Benedito,Jaguaruana,False,439.3221,455.25
São Benedito,Jardim,False,558.9776,544.278333
São Benedito,Juazeiro do Norte,True,513.4244,499.88
São Benedito,Lavras da Mangabeira,False,497.9036,481.601667
São Benedito,Limoeiro do Norte,False,422.9513,428.806667
São Benedito,Maracanaú,False,316.4729,294.206667
São Benedito,Maranguape,False,318.7939,295.823333
São Benedito,Marco,False,177.0287,171.313333
São Benedito,Massapê,False,109.8574,110.788333
São Benedito,Mauriti,False,603.7153,547.935
São Benedito,Milagres,False,591.1521,535.76
São Benedito,Missão Velha,False,537.4684,521.728333
São Benedito,Mombaça,False,321.45,311.301667
São Benedito,Morada Nova,False,384.3576,390.648333
São Benedito,Nova Russas,False,102.7351,97.74
São Benedito,Novo Oriente,False,200.2244,188.506667
São Benedito,Ocara,False,319.3248,330.425
São Benedito,Pacajus,False,360.5841,337.058333
São Benedito,Pacatuba,False,330.2388,303.185
São Benedito,Paracuru,False,259.5041,257.236667
São Benedito,Paraipaba,False,242.8823,236.846667
São Benedito,Parambu,False,293.3901,274.938333
São Benedito,Pedra Branca,False,276.0433,260.048333
São Benedito,Pentecoste,False,239.4139,233.143333
São Benedito,Quixadá,True,305.3516,316.486667
São Benedito,Quixeramobim,False,322.153,319.968333
São Benedito,Redenção,False,306.5376,322.876667
São Benedito,Russas,True,420.6467,438.983333
São Benedito,Santa Quitéria,False,102.5552,109.063333
São Benedito,Santana do Acaraú,False,126.2255,124.758333
São Benedito,Senador Pompeu,False,326.7929,310.978333
São Benedito,Sobral,True,89.2316,91.636667
São Benedito,São Benedito,False,0.0,0.0
São Benedito,São Gonçalo do Amarante,False,272.8487,251.695
São Benedito,Tabuleiro do Norte,False,428.8717,433.553333
São Benedito,Tamboril,False,143.924,136.72
São Benedito,Tauá,False,289.6508,271.318333
São Benedito,Tianguá,False,40.7325,40.333333
São Benedito,Trairi,False,236.9058,233.21
São Benedito,Ubajara,False,24.4273,25.503333
São Benedito,Viçosa do Ceará,False,71.7291,61.841667
São Benedito,Várzea Alegre,False,465.5859,463.326667
São Gonçalo do Amarante,Acaraú,False,172.886,161.353333
São Gonçalo do Amarante,Acopiara,False,381.3834,381.663333
São Gonçalo do Amarante,Amontada,False,112.8783,109.655
São Gonçalo do Amarante,Aquiraz,False,82.2003,82.215
São Gonçalo do Amarante,Aracati,False,201.6848,191.0
São Gonçalo do Amarante,Aracoiaba,False,125.5821,112.12
São Gonçalo do Amarante,Aurora,False,514.6542,448.17
São Gonçalo do Amarante,Barbalha,False,589.2692,496.411667
São Gonçalo do Amarante,Baturité,False,137.5111,124.77
São Gonçalo do Amarante,Beberibe,False,135.4939,133.733333
São Gonçalo do Amarante,Bela Cruz,False,175.3799,169.23
São Gonçalo do Amarante,Boa Viagem,False,246.7846,234.621667
São Gonçalo do Amarante,Brejo Santo,False,568.9866,480.771667
São Gonçalo do Amarante,Camocim,False,291.3872,268.886667
São Gonçalo do Amarante,Campos Sales,False,573.9163,494.176667
São Gonçalo do Amarante,Canindé,False,145.0698,138.258333
São Gonçalo do Amarante,Caririaçu,False,550.6614,462.755
São Gonçalo do Amarante,Cascavel,False,114.7563,114.136667
São Gonçalo do Amarante,Caucaia,True,46.175,45.156667
São Gonçalo do Amarante,Cedro,False,430.9985,408.156667
São Gonçalo do Amarante,Chorozinho,False,118.1599,116.75
São Gonçalo do Amarante,Crateús,True,339.3356,307.283333
São Gonçalo do Amarante,Crato,False,589.2299,491.626667
São Gonçalo do Amarante,Cruz,False,181.6049,168.061667
São Gonçalo do Amarante,Eusébio,True,74.7879,72.978333
São Gonçalo do Amarante,Forquilha,False,168.4243,146.798333
São Gonçalo do Amarante,Fortaleza,False,61.1486,63.351667
São Gonçalo do Amarante,Granja,False,264.8995,246.41
São Gonçalo do Amarante,Guaiúba,False,80.8749,74.175
São Gonçalo do Amarante,Guaraciaba do Norte,False,265.5433,254.563333
São Gonçalo do Amarante,Horizonte,True,99.8423,108.235
São Gonçalo do Amarante,Ibiapina,False,257.9533,235.69
São Gonçalo do Amarante,Icapuí,False,253.7538,235.805
São Gonçalo do Amarante,Icó,False,430.5935,376.5
São Gonçalo do Amarante,Iguatu,False,399.5404,393.495
São Gonçalo do Amarante,Independência,False,331.9588,305.603333
São Gonçalo do Amarante,Ipu,False,283.6704,252.553333
São Gonçalo do Amarante,Ipueiras,False,291.0798,258.981667
São Gonçalo do Amarante,Itaitinga,False,80.4528,79.116667
São Gonçalo do Amarante,Itapajé,False,83.8458,73.636667
São Gonçalo do Amarante,Itapipoca,True,83.1969,81.413333
São Gonçalo do Amarante,Itarema,False,148.4366,143.228333
São Gonçalo do Amarante,Jaguaribe,False,361.6943,324.01
São Gonçalo do Amarante,Jaguaruana,False,235.0138,225.606667
São Gonçalo do Amarante,Jardim,False,626.4223,531.121667
São Gonçalo do Amarante,Juazeiro do Norte,True,578.2566,483.208333
São Gonçalo do Amarante,Lavras da Mangabeira,False,488.6175,419.433333
São Gonçalo do Amarante,Limoeiro do Norte,False,247.3139,240.446667
São Gonçalo do Amarante,Maracanaú,False,59.2746,59.135
São Gonçalo do Amarante,Maranguape,False,61.5956,60.751667
São Gonçalo do Amarante,Marco,False,166.4205,159.453333
São Gonçalo do Amarante,Massapê,False,192.9764,185.64
São Gonçalo do Amarante,Mauriti,False,560.2159,477.17
São Gonçalo do Amarante,Milagres,False,547.6527,464.995
São Gonçalo do Amarante,Missão Velha,False,574.8226,487.411667
São Gonçalo do Amarante,Mombaça,False,334.1896,332.73
São Gonçalo do Amarante,Morada Nova,False,214.7053,216.806667
São Gonçalo do Amarante,Nova Russas,False,290.9812,260.02
São Gonçalo do Amarante,Novo Oriente,False,381.6062,345.523333
São Gonçalo do Amarante,Ocara,False,143.4479,129.836667
São Gonçalo do Amarante,Pacajus,False,103.3857,101.986667
São Gonçalo do Amarante,Pacatuba,False,73.0404,68.113333
São Gonçalo do Amarante,Paracuru,False,28.2479,27.776667
São Gonçalo do Amarante,Paraipaba,False,32.6564,32.726667
São Gonçalo do Amarante,Parambu,False,431.279,370.973333
São Gonçalo do Amarante,Pedra Branca,False,288.4451,281.243333
São Gonçalo do Amarante,Pentecoste,False,46.011,44.216667
São Gonçalo do Amarante,Quixadá,True,207.1091,197.076667
São Gonçalo do Amarante,Quixeramobim,False,249.7271,241.421667
São Gonçalo do Amarante,Redenção,False,107.5614,96.108333
São Gonçalo do Amarante,Russas,True,216.3383,209.34
São Gonçalo do Amarante,Santa Quitéria,False,209.3728,183.613333
São Gonçalo do Amarante,Santana do Acaraú,False,181.4639,173.68
São Gonçalo do Amarante,Senador Pompeu,False,303.5251,302.303333
São Gonçalo do Amarante,Sobral,True,186.0541,165.291667
São Gonçalo do Amarante,São Benedito,False,272.5907,251.27
São Gonçalo do Amarante,São Gonçalo do Amarante,False,0.0,0.0
São Gonçalo do Amarante,Tabuleiro do Norte,False,258.76,251.43
São Gonçalo do Amarante,Tamboril,False,274.866,245.798333
São Gonçalo do Amarante,Tauá,False,370.5493,325.516667
São Gonçalo do Amarante,Tianguá,False,272.4206,242.476667
São Gonçalo do Amarante,Trairi,False,64.5119,64.545
São Gonçalo do Amarante,Ubajara,False,265.344,243.858333
São Gonçalo do Amarante,Viçosa do Ceará,False,302.8058,264.335
São Gonçalo do Amarante,Várzea Alegre,False,473.2385,448.25
Tabuleiro do Norte,Acaraú,False,430.9259,410.29
Tabuleiro do Norte,Acopiara,False,229.9919,224.81
Tabuleiro do Norte,Amontada,False,363.5557,348.005
Tabuleiro do Norte,Aquiraz,False,197.4159,191.331667
Tabuleiro do Norte,Aracati,False,110.2651,110.93
Tabuleiro do Norte,Aracoiaba,False,166.4707,182.973333
Tabuleiro do Norte,Aurora,False,263.4052,210.01
Tabuleiro do Norte,Barbalha,False,338.0202,258.251667
Tabuleiro do Norte,Baturité,False,178.3998,195.623333
Tabuleiro do Norte,Beberibe,False,146.5624,142.07
Tabuleiro do Norte,Bela Cruz,False,426.0573,407.58
Tabuleiro do Norte,Boa Viagem,False,262.9578,253.881667
Tabuleiro do Norte,Brejo Santo,False,317.7376,242.611667
Tabuleiro do Norte,Camocim,False,501.9146,512.79
Tabuleiro do Norte,Campos Sales,False,388.4586,333.555
Tabuleiro do Norte,Canindé,False,220.2435,225.835
Tabuleiro do Norte,Caririaçu,False,299.4124,224.595
Tabuleiro do Norte,Cascavel,False,164.4061,158.251667
Tabuleiro do Norte,Caucaia,True,220.0113,213.653333
Tabuleiro do Norte,Cedro,False,222.7447,179.138333
Tabuleiro do Norte,Chorozinho,False,142.2372,139.006667
Tabuleiro do Norte,Crateús,True,365.8336,344.106667
Tabuleiro do Norte,Crato,False,337.9808,253.466667
Tabuleiro do Norte,Cruz,False,439.6448,416.998333
Tabuleiro do Norte,Eusébio,True,197.8159,193.226667
Tabuleiro do Norte,Forquilha,False,358.7988,374.04
Tabuleiro do Norte,Fortaleza,False,207.1546,206.026667
Tabuleiro do Norte,Granja,False,475.3578,491.46
Tabuleiro do Norte,Guaiúba,False,193.9718,191.008333
Tabuleiro do Norte,Guaraciaba do Norte,False,404.812,411.825
Tabuleiro do Norte,Horizonte,True,166.0537,173.083333
Tabuleiro do Norte,Ibiapina,False,441.3921,445.935
Tabuleiro do Norte,Icapuí,False,161.2145,154.425
Tabuleiro do Norte,Icó,False,179.3445,138.34
Tabuleiro do Norte,Iguatu,False,232.017,187.638333
Tabuleiro do Norte,Independência,False,316.0718,297.09
Tabuleiro do Norte,Ipu,False,399.0161,394.498333
Tabuleiro do Norte,Ipueiras,False,406.4256,400.926667
Tabuleiro do Norte,Itaitinga,False,181.8836,177.495
Tabuleiro do Norte,Itapajé,False,326.5898,306.913333
Tabuleiro do Norte,Itapipoca,True,332.8533,318.365
Tabuleiro do Norte,Itarema,False,406.4765,392.165
Tabuleiro do Norte,Jaguaribe,False,110.4453,85.85
Tabuleiro do Norte,Jaguaruana,False,88.1778,86.826667
Tabuleiro do Norte,Jardim,False,375.1732,292.961667
Tabuleiro do Norte,Juazeiro do Norte,True,327.0075,245.048333
Tabuleiro do Norte,Lavras da Mangabeira,False,237.3685,181.273333
Tabuleiro do Norte,Limoeiro do Norte,False,14.7048,15.553333
Tabuleiro do Norte,Maracanaú,False,207.5689,200.191667
Tabuleiro do Norte,Maranguape,False,209.7273,202.471667
Tabuleiro do Norte,Marco,False,417.0979,397.803333
Tabuleiro do Norte,Massapê,False,396.8039,410.9
Tabuleiro do Norte,Mauriti,False,308.9669,239.01
Tabuleiro do Norte,Milagres,False,296.4037,226.835
Tabuleiro do Norte,Missão Velha,False,323.5736,249.251667
Tabuleiro do Norte,Mombaça,False,232.7988,223.701667
Tabuleiro do Norte,Morada Nova,False,45.167,44.788333
Tabuleiro do Norte,Nova Russas,False,385.3504,383.52
Tabuleiro do Norte,Novo Oriente,False,407.7309,381.906667
Tabuleiro do Norte,Ocara,False,132.0435,150.32
Tabuleiro do Norte,Pacajus,False,155.7379,150.575
Tabuleiro do Norte,Pacatuba,False,193.7756,188.776667
Tabuleiro do Norte,Paracuru,False,286.2878,276.713333
Tabuleiro do Norte,Paraipaba,False,290.6963,281.663333
Tabuleiro do Norte,Parambu,False,415.3826,362.513333
Tabuleiro do Norte,Pedra Branca,False,243.6498,229.761667
Tabuleiro do Norte,Pentecoste,False,288.755,277.493333
Tabuleiro do Norte,Quixadá,True,123.9868,117.576667
Tabuleiro do Norte,Quixeramobim,False,165.9761,161.363333
Tabuleiro do Norte,Redenção,False,175.6057,181.493333
Tabuleiro do Norte,Russas,True,47.5773,50.11
Tabuleiro do Norte,Santa Quitéria,False,324.5964,325.463333
Tabuleiro do Norte,Santana do Acaraú,False,432.1413,412.03
Tabuleiro do Norte,Senador Pompeu,False,194.1966,180.826667
Tabuleiro do Norte,Sobral,True,375.4594,390.648333
Tabuleiro do Norte,São Benedito,False,427.1015,434.045
Tabuleiro do Norte,São Gonçalo do Amarante,False,258.3034,249.676667
Tabuleiro do Norte,Tabuleiro do Norte,False,0.0,0.0
Tabuleiro do Norte,Tamboril,False,369.3351,369.838333
Tabuleiro do Norte,Tauá,False,354.6529,317.056667
Tabuleiro do Norte,Tianguá,False,461.8259,467.833333
Tabuleiro do Norte,Trairi,False,322.5518,313.481667
Tabuleiro do Norte,Ubajara,False,444.7168,455.62
Tabuleiro do Norte,Viçosa do Ceará,False,492.2112,489.691667
Tabuleiro do Norte,Várzea Alegre,False,277.4693,216.035
Tamboril,Acaraú,False,251.1205,244.265
Tamboril,Acopiara,False,240.2323,260.468333
Tamboril,Amontada,False,223.9539,218.691667
Tamboril,Aquiraz,False,307.2181,296.06
Tamboril,Aracati,False,385.3476,382.8
Tamboril,Aracoiaba,False,245.8667,247.493333
Tamboril,Aurora,False,402.2384,410.645
Tamboril,Barbalha,False,429.1026,423.033333
Tamboril,Baturité,False,253.3592,254.435
Tamboril,Beberibe,False,360.5118,347.578333
Tamboril,Bela Cruz,False,239.1536,234.298333
Tamboril,Boa Viagem,False,105.9726,114.735
Tamboril,Brejo Santo,False,484.0746,451.77
Tamboril,Camocim,False,283.6483,271.278333
Tamboril,Campos Sales,False,373.4875,339.591667
Tamboril,Canindé,False,169.6441,161.81
Tamboril,Caririaçu,False,403.605,405.505
Tamboril,Cascavel,False,339.7742,327.981667
Tamboril,Caucaia,True,275.8176,263.395
Tamboril,Cedro,False,332.0858,350.031667
Tamboril,Chorozinho,False,286.065,300.535
Tamboril,Crateús,True,65.2319,63.731667
Tamboril,Crato,False,409.0554,403.211667
Tamboril,Cruz,False,256.2353,249.083333
Tamboril,Eusébio,True,299.8058,286.823333
Tamboril,Forquilha,False,134.7906,136.406667
Tamboril,Fortaleza,False,285.9313,276.638333
Tamboril,Granja,False,258.2904,252.005
Tamboril,Guaiúba,False,273.6058,270.72
Tamboril,Guaraciaba do Norte,False,121.2673,113.463333
Tamboril,Horizonte,True,315.4051,316.29
Tamboril,Ibiapina,False,157.9781,148.038333
Tamboril,Icapuí,False,437.4167,427.605
Tamboril,Icó,False,344.8139,346.226667
Tamboril,Iguatu,False,277.2718,298.6
Tamboril,Independência,False,111.0105,104.748333
Tamboril,Ipu,False,96.5058,90.468333
Tamboril,Ipueiras,False,71.1804,66.441667
Tamboril,Itaitinga,False,293.5583,284.173333
Tamboril,Itapajé,False,190.9507,174.326667
Tamboril,Itapipoca,True,213.0303,209.35
Tamboril,Itarema,False,266.94,264.188333
Tamboril,Jaguaribe,False,317.339,327.55
Tamboril,Jaguaruana,False,401.9885,407.908333
Tamboril,Jardim,False,466.2556,457.743333
Tamboril,Juazeiro do Norte,True,420.7024,413.345
Tamboril,Lavras da Mangabeira,False,369.4923,381.835
Tamboril,Limoeiro do Norte,False,362.9318,363.738333
Tamboril,Maracanaú,False,277.3764,271.25
Tamboril,Maranguape,False,267.6287,261.733333
Tamboril,Marco,False,230.1942,224.521667
Tamboril,Massapê,False,172.7957,173.266667
Tamboril,Mauriti,False,475.3039,448.168333
Tamboril,Milagres,False,462.7407,435.993333
Tamboril,Missão Velha,False,444.7465,435.193333
Tamboril,Mombaça,False,193.0386,211.535
Tamboril,Morada Nova,False,324.3381,325.58
Tamboril,Nova Russas,False,41.3039,39.23
Tamboril,Novo Oriente,False,107.5024,101.971667
Tamboril,Ocara,False,281.9912,283.083333
Tamboril,Pacajus,False,305.5852,303.64
Tamboril,Pacatuba,False,280.9885,272.958333
Tamboril,Paracuru,False,280.5254,251.22
Tamboril,Paraipaba,False,284.9338,256.17
Tamboril,Parambu,False,200.6681,188.403333
Tamboril,Pedra Branca,False,147.294,160.048333
Tamboril,Pentecoste,False,239.9236,226.973333
Tamboril,Quixadá,True,245.6892,251.801667
Tamboril,Quixeramobim,False,203.3367,208.178333
Tamboril,Redenção,False,269.2041,275.535
Tamboril,Russas,True,380.941,379.89
Tamboril,Santa Quitéria,False,65.2216,61.721667
Tamboril,Santana do Acaraú,False,179.3911,177.966667
Tamboril,Senador Pompeu,False,198.3815,211.211667
Tamboril,Sobral,True,151.4512,153.015
Tamboril,São Benedito,False,143.6876,136.148333
Tamboril,São Gonçalo do Amarante,False,273.3584,245.525
Tamboril,Tabuleiro do Norte,False,368.8523,368.485
Tamboril,Tamboril,False,0.0,0.0
Tamboril,Tauá,False,196.9288,184.783333
Tamboril,Tianguá,False,183.8686,172.65
Tamboril,Trairi,False,263.8542,258.938333
Tamboril,Ubajara,False,167.5634,157.82
Tamboril,Viçosa do Ceará,False,214.8651,194.158333
Tamboril,Várzea Alegre,False,337.1745,363.56
Tauá,Acaraú,False,440.1356,415.621667
Tauá,Acopiara,False,123.7342,135.975
Tauá,Amontada,False,415.8319,388.178333
Tauá,Aquiraz,False,364.1403,323.53
Tauá,Aracati,False,414.927,386.216667
Tauá,Aracoiaba,False,301.5358,273.891667
Tauá,Aurora,False,293.2441,284.445
Tauá,Barbalha,False,232.6239,239.328333
Tauá,Baturité,False,309.0283,280.833333
Tauá,Beberibe,False,397.3183,373.315
Tauá,Bela Cruz,False,428.1687,405.655
Tauá,Boa Viagem,False,123.9114,91.35
Tauá,Brejo Santo,False,287.4585,282.846667
Tauá,Camocim,False,458.0746,421.608333
Tauá,Campos Sales,False,209.2452,174.938333
Tauá,Canindé,False,227.3988,190.07
Tauá,Caririaçu,False,250.0724,247.865
Tauá,Cascavel,False,396.6963,355.451667
Tauá,Caucaia,True,332.7398,290.865
Tauá,Cedro,False,215.0831,224.908333
Tauá,Chorozinho,False,338.4084,315.833333
Tauá,Crateús,True,133.8211,124.84
Tauá,Crato,False,212.5766,219.506667
Tauá,Cruz,False,445.2504,420.44
Tauá,Eusébio,True,356.7279,314.293333
Tauá,Forquilha,False,323.8057,307.763333
Tauá,Fortaleza,False,342.8534,304.108333
Tauá,Granja,False,432.7167,402.335
Tauá,Guaiúba,False,330.528,298.19
Tauá,Guaraciaba do Norte,False,268.1366,249.623333
Tauá,Horizonte,True,372.3273,343.76
Tauá,Ibiapina,False,304.8475,284.198333
Tauá,Icapuí,False,466.9961,431.021667
Tauá,Icó,False,213.2217,222.893333
Tauá,Iguatu,False,160.2691,173.476667
Tauá,Independência,False,112.7563,89.331667
Tauá,Ipu,False,243.3752,226.628333
Tauá,Ipueiras,False,218.0497,202.601667
Tauá,Itaitinga,False,350.4804,311.643333
Tauá,Itapajé,False,354.4811,324.97
Tauá,Itapipoca,True,385.1295,358.538333
Tauá,Itarema,False,455.9552,435.545
Tauá,Jaguaribe,False,281.0839,255.818333
Tauá,Jaguaruana,False,421.8715,381.275
Tauá,Jardim,False,269.7769,274.038333
Tauá,Juazeiro do Norte,True,224.2237,229.64
Tauá,Lavras da Mangabeira,False,252.4896,256.711667
Tauá,Limoeiro do Norte,False,363.2618,328.406667
Tauá,Maracanaú,False,334.2985,298.72
Tauá,Maranguape,False,324.5508,289.203333
Tauá,Marco,False,419.2093,395.878333
Tauá,Massapê,False,361.8108,344.623333
Tauá,Mauriti,False,297.6031,293.141667
Tauá,Milagres,False,274.7769,273.146667
Tauá,Missão Velha,False,248.2678,251.488333
Tauá,Mombaça,False,91.5785,106.368333
Tauá,Morada Nova,False,316.1842,290.79
Tauá,Nova Russas,False,195.912,183.131667
Tauá,Novo Oriente,False,89.4264,82.871667
Tauá,Ocara,False,312.1163,290.49
Tauá,Pacajus,False,351.9091,327.401667
Tauá,Pacatuba,False,337.9106,300.428333
Tauá,Paracuru,False,387.0124,349.508333
Tauá,Paraipaba,False,391.4209,354.458333
Tauá,Parambu,False,66.608,51.735
Tauá,Pedra Branca,False,111.3767,88.55
Tauá,Pentecoste,False,336.2929,301.98
Tauá,Quixadá,True,237.5353,217.011667
Tauá,Quixeramobim,False,195.1828,173.388333
Tauá,Redenção,False,324.8732,301.933333
Tauá,Russas,True,381.271,344.558333
Tauá,Santa Quitéria,False,254.2367,233.078333
Tauá,Santana do Acaraú,False,368.4062,349.323333
Tauá,Senador Pompeu,False,162.1263,139.48
Tauá,Sobral,True,340.4663,324.371667
Tauá,São Benedito,False,290.5569,272.308333
Tauá,São Gonçalo do Amarante,False,371.2678,327.428333
Tauá,Tabuleiro do Norte,False,354.5195,317.331667
Tauá,Tamboril,False,196.8105,184.513333
Tauá,Tauá,False,0.0,0.0
Tauá,Tianguá,False,330.7379,308.81
Tauá,Trairi,False,400.4185,386.26
Tauá,Ubajara,False,314.4328,293.98
Tauá,Viçosa do Ceará,False,361.7345,330.318333
Tauá,Várzea Alegre,False,208.2714,232.13
Tianguá,Acaraú,False,190.0932,178.313333
Tianguá,Acopiara,False,408.7234,396.606667
Tianguá,Amontada,False,170.4006,156.373333
Tianguá,Aquiraz,False,339.0108,308.176667
Tianguá,Aracati,False,458.4954,416.961667
Tianguá,Aracoiaba,False,317.7806,327.586667
Tianguá,Aurora,False,570.7295,546.783333
Tianguá,Barbalha,False,561.9043,545.94
Tianguá,Baturité,False,325.273,334.528333
Tianguá,Beberibe,False,392.3045,359.695
Tianguá,Bela Cruz,False,178.1263,168.346667
Tianguá,Boa Viagem,False,264.8686,262.896667
Tianguá,Brejo Santo,False,652.5657,587.908333
Tianguá,Camocim,False,127.487,114.385
Tianguá,Campos Sales,False,506.2892,462.498333
Tianguá,Canindé,False,241.558,241.903333
Tianguá,Caririaçu,False,572.0961,541.643333
Tianguá,Cascavel,False,371.5669,340.098333
Tianguá,Caucaia,True,303.0316,271.301667
Tianguá,Cedro,False,500.5769,486.17
Tianguá,Chorozinho,False,374.9705,342.711667
Tianguá,Crateús,True,199.3615,187.2
Tianguá,Crato,False,541.857,526.118333
Tianguá,Cruz,False,185.9286,174.336667
Tianguá,Eusébio,True,331.5985,298.94
Tianguá,Forquilha,False,104.0322,95.353333
Tianguá,Fortaleza,False,317.9592,289.313333
Tianguá,Granja,False,102.1291,95.111667
Tianguá,Guaiúba,False,337.6854,300.136667
Tianguá,Guaraciaba do Norte,False,63.3496,60.223333
Tianguá,Horizonte,True,356.6529,334.196667
Tianguá,Ibiapina,False,25.4938,25.203333
Tianguá,Icapuí,False,510.5644,461.766667
Tianguá,Icó,False,513.3051,482.365
Tianguá,Iguatu,False,445.7629,434.738333
Tianguá,Independência,False,244.2873,229.621667
Tianguá,Ipu,False,90.2364,85.303333
Tianguá,Ipueiras,False,112.3171,105.425
Tianguá,Itaitinga,False,337.2633,305.078333
Tianguá,Itapajé,False,190.0532,171.386667
Tianguá,Itapipoca,True,185.694,174.511667
Tianguá,Itarema,False,205.9127,198.236667
Tianguá,Jaguaribe,False,485.8301,463.688333
Tianguá,Jaguaruana,False,491.8244,451.568333
Tianguá,Jardim,False,599.0573,580.65
Tianguá,Juazeiro do Norte,True,553.5041,536.251667
Tianguá,Lavras da Mangabeira,False,537.9834,517.973333
Tianguá,Limoeiro do Norte,False,457.5316,461.558333
Tianguá,Maracanaú,False,316.0851,285.096667
Tianguá,Maranguape,False,318.4061,286.713333
Tianguá,Marco,False,169.1669,158.57
Tianguá,Massapê,False,95.9228,87.403333
Tianguá,Mauriti,False,643.795,584.306667
Tianguá,Milagres,False,631.2318,572.131667
Tianguá,Missão Velha,False,577.5482,558.1
Tianguá,Mombaça,False,361.5297,347.673333
Tianguá,Morada Nova,False,418.9379,423.4
Tianguá,Nova Russas,False,142.8148,134.111667
Tianguá,Novo Oriente,False,240.3041,224.878333
Tianguá,Ocara,False,400.2585,355.798333
Tianguá,Pacajus,False,360.1963,327.948333
Tianguá,Pacatuba,False,329.851,294.075
Tianguá,Paracuru,False,259.1163,248.126667
Tianguá,Paraipaba,False,242.4945,227.736667
Tianguá,Parambu,False,333.4698,311.31
Tianguá,Pedra Branca,False,316.123,296.42
Tianguá,Pentecoste,False,239.0261,224.033333
Tianguá,Quixadá,True,339.9319,349.238333
Tianguá,Quixeramobim,False,362.2327,356.34
Tianguá,Redenção,False,364.3719,322.07
Tianguá,Russas,True,473.1489,435.301667
Tianguá,Santa Quitéria,False,142.6349,145.435
Tianguá,Santana do Acaraú,False,118.4254,111.895
Tianguá,Senador Pompeu,False,366.8726,347.35
Tianguá,Sobral,True,88.8438,82.526667
Tianguá,São Benedito,False,40.6223,40.67
Tianguá,São Gonçalo do Amarante,False,272.4609,242.585
Tianguá,Tabuleiro do Norte,False,463.4519,466.305
Tianguá,Tamboril,False,184.0038,173.091667
Tianguá,Tauá,False,329.7306,307.69
Tianguá,Tianguá,False,0.0,0.0
Tianguá,Trairi,False,236.518,224.1
Tianguá,Ubajara,False,17.0773,18.116667
Tianguá,Viçosa do Ceará,False,31.1469,23.095
Tianguá,Várzea Alegre,False,505.6656,499.698333
Trairi,Acaraú,False,133.248,124.911667
Trairi,Acopiara,False,434.3266,441.091667
Trairi,Amontada,False,83.1299,83.746667
Trairi,Aquiraz,False,147.5587,146.055
Trairi,Aracati,False,267.0432,254.84
Trairi,Aracoiaba,False,190.9405,175.96
Trairi,Aurora,False,580.0126,512.01
Trairi,Barbalha,False,654.6276,560.251667
Trairi,Baturité,False,202.8695,188.61
Trairi,Beberibe,False,200.8523,197.573333
Trairi,Bela Cruz,False,145.6315,143.321667
Trairi,Boa Viagem,False,299.7278,294.05
Trairi,Brejo Santo,False,634.3451,544.611667
Trairi,Camocim,False,251.7492,232.445
Trairi,Campos Sales,False,626.8594,553.605
Trairi,Canindé,False,198.013,197.686667
Trairi,Caririaçu,False,616.0198,526.595
Trairi,Cascavel,False,180.1147,177.976667
Trairi,Caucaia,True,110.5094,108.045
Trairi,Cedro,False,496.3569,471.996667
Trairi,Chorozinho,False,183.5183,180.59
Trairi,Crateús,True,329.7245,320.535
Trairi,Crato,False,654.5883,555.466667
Trairi,Cruz,False,141.9669,131.62
Trairi,Eusébio,True,140.1463,136.818333
Trairi,Forquilha,False,156.4683,152.255
Trairi,Fortaleza,False,126.507,127.191667
Trairi,Granja,False,225.2615,209.968333
Trairi,Guaiúba,False,146.2333,138.015
Trairi,Guaraciaba do Norte,False,242.2434,241.72
Trairi,Horizonte,True,165.2008,172.075
Trairi,Ibiapina,False,221.8446,217.636667
Trairi,Icapuí,False,319.1123,299.645
Trairi,Icó,False,495.9519,440.34
Trairi,Iguatu,False,464.8988,457.335
Trairi,Independência,False,375.5032,361.551667
Trairi,Ipu,False,249.5491,242.41
Trairi,Ipueiras,False,274.3539,265.085
Trairi,Itaitinga,False,145.8112,142.956667
Trairi,Itapajé,False,90.3174,90.511667
Trairi,Itapipoca,True,53.4486,55.505
Trairi,Itarema,False,108.7986,106.786667
Trairi,Jaguaribe,False,427.0527,387.85
Trairi,Jaguaruana,False,300.3722,289.446667
Trairi,Jardim,False,691.7806,594.961667
Trairi,Juazeiro do Norte,True,643.6149,547.048333
Trairi,Lavras da Mangabeira,False,553.9759,483.273333
Trairi,Limoeiro do Norte,False,312.6723,304.286667
Trairi,Maracanaú,False,124.633,122.975
Trairi,Maranguape,False,126.954,124.591667
Trairi,Marco,False,136.6722,133.545
Trairi,Massapê,False,163.228,159.731667
Trairi,Mauriti,False,625.5744,541.01
Trairi,Milagres,False,613.0111,528.835
Trairi,Missão Velha,False,640.1811,551.251667
Trairi,Mombaça,False,387.1328,392.158333
Trairi,Morada Nova,False,280.0638,280.646667
Trairi,Nova Russas,False,281.3701,273.271667
Trairi,Novo Oriente,False,371.9951,358.775
Trairi,Ocara,False,208.8063,193.676667
Trairi,Pacajus,False,168.7441,165.826667
Trairi,Pacatuba,False,138.3988,131.953333
Trairi,Paracuru,False,57.5927,63.028333
Trairi,Paraipaba,False,40.9709,42.638333
Trairi,Parambu,False,484.2222,430.401667
Trairi,Pedra Branca,False,341.3883,340.671667
Trairi,Pentecoste,False,89.8277,87.571667
Trairi,Quixadá,True,272.4675,260.916667
Trairi,Quixeramobim,False,315.0856,305.261667
Trairi,Redenção,False,172.9198,159.948333
Trairi,Russas,True,281.6968,273.18
Trairi,Santa Quitéria,False,199.7617,196.865
Trairi,Santana do Acaraú,False,151.7155,147.771667
Trairi,Senador Pompeu,False,368.8835,366.143333
Trairi,Sobral,True,147.549,146.615
Trairi,São Benedito,False,236.482,233.216667
Trairi,São Gonçalo do Amarante,False,64.6716,64.868333
Trairi,Tabuleiro do Norte,False,324.1184,315.27
Trairi,Tamboril,False,265.2549,259.05
Trairi,Tauá,False,423.4925,384.945
Trairi,Tianguá,False,236.3119,224.423333
Trairi,Trairi,False,0.0,0.0
Trairi,Ubajara,False,229.2353,225.805
Trairi,Viçosa do Ceará,False,266.6972,246.281667
Trairi,Várzea Alegre,False,538.5969,512.09
Ubajara,Acaraú,False,190.6993,184.01
Ubajara,Acopiara,False,392.4498,381.3
Ubajara,Amontada,False,163.5327,158.436667
Ubajara,Aquiraz,False,332.143,310.24
Ubajara,Aracati,False,451.6275,419.025
Ubajara,Aracoiaba,False,307.0063,315.9
Ubajara,Aurora,False,554.4559,531.476667
Ubajara,Barbalha,False,545.6306,530.633333
Ubajara,Baturité,False,314.4988,322.841667
Ubajara,Beberibe,False,385.4367,361.758333
Ubajara,Bela Cruz,False,178.7324,174.043333
Ubajara,Boa Viagem,False,248.5949,247.59
Ubajara,Brejo Santo,False,636.2921,572.601667
Ubajara,Camocim,False,144.2307,130.313333
Ubajara,Campos Sales,False,490.0155,447.191667
Ubajara,Canindé,False,230.7838,230.216667
Ubajara,Caririaçu,False,555.8224,526.336667
Ubajara,Cascavel,False,364.699,342.161667
Ubajara,Caucaia,True,296.1638,273.365
Ubajara,Cedro,False,484.3032,470.863333
Ubajara,Chorozinho,False,368.1026,344.775
Ubajara,Crateús,True,183.0878,171.893333
Ubajara,Crato,False,525.5834,510.811667
Ubajara,Cruz,False,195.8142,188.828333
Ubajara,Eusébio,True,324.7306,301.003333
Ubajara,Forquilha,False,97.1643,97.416667
Ubajara,Fortaleza,False,311.0913,291.376667
Ubajara,Granja,False,118.8727,111.04
Ubajara,Guaiúba,False,330.8176,302.2
Ubajara,Guaraciaba do Norte,False,47.0759,44.916667
Ubajara,Horizonte,True,349.7851,336.26
Ubajara,Ibiapina,False,9.2201,9.896667
Ubajara,Icapuí,False,503.6966,463.83
Ubajara,Icó,False,497.0314,467.058333
Ubajara,Iguatu,False,429.4893,419.431667
Ubajara,Independência,False,228.0137,214.315
Ubajara,Ipu,False,73.9628,69.996667
Ubajara,Ipueiras,False,96.0434,90.118333
Ubajara,Itaitinga,False,330.3955,307.141667
Ubajara,Itapajé,False,183.1854,173.45
Ubajara,Itapipoca,True,178.8262,176.575
Ubajara,Itarema,False,206.5189,203.933333
Ubajara,Jaguaribe,False,469.5565,448.381667
Ubajara,Jaguaruana,False,484.9565,453.631667
Ubajara,Jardim,False,582.7836,565.343333
Ubajara,Juazeiro do Norte,True,537.2304,520.945
Ubajara,Lavras da Mangabeira,False,521.7097,502.666667
Ubajara,Limoeiro do Norte,False,446.7573,449.871667
Ubajara,Maracanaú,False,309.2173,287.16
Ubajara,Maranguape,False,311.5383,288.776667
Ubajara,Marco,False,169.773,164.266667
Ubajara,Massapê,False,112.1196,103.631667
Ubajara,Mauriti,False,627.5214,569.0
Ubajara,Milagres,False,614.9581,556.825
Ubajara,Missão Velha,False,561.2745,542.793333
Ubajara,Mombaça,False,345.2561,332.366667
Ubajara,Morada Nova,False,408.1636,411.713333
Ubajara,Nova Russas,False,126.5411,118.805
Ubajara,Novo Oriente,False,224.0305,209.571667
Ubajara,Ocara,False,343.1308,351.49
Ubajara,Pacajus,False,353.3284,330.011667
Ubajara,Pacatuba,False,322.9832,296.138333
Ubajara,Paracuru,False,252.2485,250.19
Ubajara,Paraipaba,False,235.6266,229.8
Ubajara,Parambu,False,317.1961,296.003333
Ubajara,Pedra Branca,False,299.8493,281.113333
Ubajara,Pentecoste,False,232.1583,226.096667
Ubajara,Quixadá,True,329.1577,337.551667
Ubajara,Quixeramobim,False,345.959,341.033333
Ubajara,Redenção,False,357.5041,324.133333
Ubajara,Russas,True,466.2811,437.365
Ubajara,Santa Quitéria,False,126.3613,130.128333
Ubajara,Santana do Acaraú,False,118.9699,117.711667
Ubajara,Senador Pompeu,False,350.5989,332.043333
Ubajara,Sobral,True,81.976,84.59
Ubajara,São Benedito,False,24.3486,25.363333
Ubajara,São Gonçalo do Amarante,False,265.5931,244.648333
Ubajara,Tabuleiro do Norte,False,452.6778,454.618333
Ubajara,Tamboril,False,167.7301,157.785
Ubajara,Tauá,False,313.4569,292.383333
Ubajara,Tianguá,False,16.894,17.515
Ubajara,Trairi,False,229.6501,226.163333
Ubajara,Ubajara,False,0.0,0.0
Ubajara,Viçosa do Ceará,False,47.8905,39.023333
Ubajara,Várzea Alegre,False,489.392,484.391667
Viçosa do Ceará,Acaraú,False,164.2974,161.293333
Viçosa do Ceará,Acopiara,False,439.3362,418.733333
Viçosa do Ceará,Amontada,False,201.3129,178.573333
Viçosa do Ceará,Aquiraz,False,369.9231,330.376667
Viçosa do Ceará,Aracati,False,489.4077,439.161667
Viçosa do Ceará,Aracoiaba,False,348.6928,349.786667
Viçosa do Ceará,Aurora,False,601.3423,568.91
Viçosa do Ceará,Barbalha,False,592.517,568.066667
Viçosa do Ceará,Baturité,False,356.1853,356.728333
Viçosa do Ceará,Beberibe,False,423.2168,381.895
Viçosa do Ceará,Bela Cruz,False,172.1983,168.971667
Viçosa do Ceará,Boa Viagem,False,295.4813,285.023333
Viçosa do Ceará,Brejo Santo,False,683.1784,610.035
Viçosa do Ceará,Camocim,False,96.6794,92.033333
Viçosa do Ceará,Campos Sales,False,536.9019,484.625
Viçosa do Ceará,Canindé,False,272.4703,264.103333
Viçosa do Ceará,Caririaçu,False,602.7088,563.77
Viçosa do Ceará,Cascavel,False,402.4792,362.298333
Viçosa do Ceará,Caucaia,True,333.9439,293.501667
Viçosa do Ceará,Cedro,False,531.1896,508.296667
Viçosa do Ceará,Chorozinho,False,405.8828,364.911667
Viçosa do Ceará,Crateús,True,229.9742,209.326667
Viçosa do Ceará,Crato,False,572.4698,548.245
Viçosa do Ceará,Cruz,False,155.1211,151.985
Viçosa do Ceará,Eusébio,True,362.5108,321.14
Viçosa do Ceará,Forquilha,False,134.9445,117.553333
Viçosa do Ceará,Fortaleza,False,348.8714,311.513333
Viçosa do Ceará,Granja,False,71.3215,72.76
Viçosa do Ceará,Guaiúba,False,368.5977,322.336667
Viçosa do Ceará,Guaraciaba do Norte,False,93.9623,82.35
Viçosa do Ceará,Horizonte,True,387.5652,356.396667
Viçosa do Ceará,Ibiapina,False,56.1065,47.33
Viçosa do Ceará,Icapuí,False,541.4767,483.966667
Viçosa do Ceará,Icó,False,543.9178,504.491667
Viçosa do Ceará,Iguatu,False,476.3757,456.865
Viçosa do Ceará,Independência,False,274.9001,251.748333
Viçosa do Ceará,Ipu,False,120.8491,107.43
Viçosa do Ceará,Ipueiras,False,142.9298,127.551667
Viçosa do Ceará,Itaitinga,False,368.1756,327.278333
Viçosa do Ceará,Itapajé,False,220.9655,193.586667
Viçosa do Ceará,Itapipoca,True,216.6063,196.711667
Viçosa do Ceará,Itarema,False,187.6423,182.988333
Viçosa do Ceará,Jaguaribe,False,516.4429,485.815
Viçosa do Ceará,Jaguaruana,False,522.7367,473.768333
Viçosa do Ceará,Jardim,False,629.67,602.776667
Viçosa do Ceará,Juazeiro do Norte,True,584.1168,558.378333
Viçosa do Ceará,Lavras da Mangabeira,False,568.5961,540.1
Viçosa do Ceará,Limoeiro do Norte,False,488.4438,483.758333
Viçosa do Ceará,Maracanaú,False,346.9974,307.296667
Viçosa do Ceará,Maranguape,False,349.3184,308.913333
Viçosa do Ceará,Marco,False,180.5856,178.623333
Viçosa do Ceará,Massapê,False,126.8351,109.603333
Viçosa do Ceará,Mauriti,False,674.4078,606.433333
Viçosa do Ceará,Milagres,False,661.8445,594.258333
Viçosa do Ceará,Missão Velha,False,608.1609,580.226667
Viçosa do Ceará,Mombaça,False,392.1425,369.8
Viçosa do Ceará,Morada Nova,False,449.8501,445.6
Viçosa do Ceará,Nova Russas,False,173.4275,156.238333
Viçosa do Ceará,Novo Oriente,False,270.9168,247.005
Viçosa do Ceará,Ocara,False,431.1708,377.998333
Viçosa do Ceará,Pacajus,False,391.1086,350.148333
Viçosa do Ceará,Pacatuba,False,360.7633,316.275
Viçosa do Ceará,Paracuru,False,290.0286,270.326667
Viçosa do Ceará,Paraipaba,False,273.4068,249.936667
Viçosa do Ceará,Parambu,False,364.0825,333.436667
Viçosa do Ceará,Pedra Branca,False,346.7357,318.546667
Viçosa do Ceará,Pentecoste,False,269.9384,246.233333
Viçosa do Ceará,Quixadá,True,370.8441,371.438333
Viçosa do Ceará,Quixeramobim,False,392.8454,378.466667
Viçosa do Ceará,Redenção,False,395.2842,344.27
Viçosa do Ceará,Russas,True,504.0612,457.501667
Viçosa do Ceará,Santa Quitéria,False,173.2477,167.561667
Viçosa do Ceará,Santana do Acaraú,False,149.3377,134.095
Viçosa do Ceará,Senador Pompeu,False,397.4853,369.476667
Viçosa do Ceará,Sobral,True,119.7561,104.726667
Viçosa do Ceará,São Benedito,False,71.235,62.796667
Viçosa do Ceará,São Gonçalo do Amarante,False,303.3732,264.785
Viçosa do Ceará,Tabuleiro do Norte,False,494.3642,488.505
Viçosa do Ceará,Tamboril,False,214.6165,195.218333
Viçosa do Ceará,Tauá,False,360.3433,329.816667
Viçosa do Ceará,Tianguá,False,31.3246,23.74
Viçosa do Ceará,Trairi,False,267.4303,246.3
Viçosa do Ceará,Ubajara,False,47.69,40.243333
Viçosa do Ceará,Viçosa do Ceará,False,0.0,0.0
Viçosa do Ceará,Várzea Alegre,False,536.2784,521.825
Várzea Alegre,Acaraú,False,548.9923,576.063333
Várzea Alegre,Acopiara,False,98.0932,105.103333
Várzea Alegre,Amontada,False,579.0539,547.248333
Várzea Alegre,Aquiraz,False,467.3883,394.361667
Várzea Alegre,Aracati,False,380.2374,313.96
Várzea Alegre,Aracoiaba,False,348.1447,337.388333
Várzea Alegre,Aurora,False,72.9233,65.336667
Várzea Alegre,Barbalha,False,92.4726,93.135
Várzea Alegre,Baturité,False,355.6372,344.33
Várzea Alegre,Beberibe,False,416.5347,345.1
Várzea Alegre,Bela Cruz,False,537.0253,566.096667
Várzea Alegre,Boa Viagem,False,232.3319,251.576667
Várzea Alegre,Brejo Santo,False,161.7568,127.136667
Várzea Alegre,Camocim,False,581.52,603.076667
Várzea Alegre,Campos Sales,False,159.5863,164.988333
Várzea Alegre,Canindé,False,335.1404,350.02
Várzea Alegre,Caririaçu,False,53.8649,59.478333
Várzea Alegre,Cascavel,False,434.3784,361.281667
Várzea Alegre,Caucaia,True,435.5095,412.896667
Várzea Alegre,Cedro,False,42.9835,42.171667
Várzea Alegre,Chorozinho,False,412.2095,342.036667
Várzea Alegre,Crateús,True,312.0853,319.693333
Várzea Alegre,Crato,False,81.1898,75.496667
Várzea Alegre,Cruz,False,554.1071,580.881667
Várzea Alegre,Eusébio,True,467.7883,396.256667
Várzea Alegre,Forquilha,False,432.6623,468.205
Várzea Alegre,Fortaleza,False,477.127,409.056667
Várzea Alegre,Granja,False,556.1621,583.803333
Várzea Alegre,Guaiúba,False,393.5368,379.153333
Várzea Alegre,Guaraciaba do Norte,False,443.9564,442.625
Várzea Alegre,Horizonte,True,436.026,376.113333
Várzea Alegre,Ibiapina,False,480.6672,477.2
Várzea Alegre,Icapuí,False,407.1569,330.376667
Várzea Alegre,Icó,False,100.4336,80.838333
Várzea Alegre,Iguatu,False,59.8654,65.166667
Várzea Alegre,Independência,False,262.3234,272.676667
Várzea Alegre,Ipu,False,419.1949,419.63
Várzea Alegre,Ipueiras,False,393.8695,395.603333
Várzea Alegre,Itaitinga,False,451.8559,380.525
Várzea Alegre,Itapajé,False,462.2227,484.92
Várzea Alegre,Itapipoca,True,548.3514,517.608333
Várzea Alegre,Itarema,False,621.9747,591.408333
Várzea Alegre,Jaguaribe,False,167.2753,130.678333
Várzea Alegre,Jaguaruana,False,358.1502,289.856667
Várzea Alegre,Jardim,False,129.6256,127.845
Várzea Alegre,Juazeiro do Norte,True,81.46,79.931667
Várzea Alegre,Lavras da Mangabeira,False,40.1772,36.526667
Várzea Alegre,Limoeiro do Norte,False,292.2678,230.148333
Várzea Alegre,Maracanaú,False,415.4068,395.26
Várzea Alegre,Maranguape,False,417.5653,397.54
Várzea Alegre,Marco,False,528.066,556.32
Várzea Alegre,Massapê,False,470.6675,505.065
Várzea Alegre,Mauriti,False,152.9862,123.535
Várzea Alegre,Milagres,False,140.4229,111.36
Várzea Alegre,Missão Velha,False,102.9831,100.321667
Várzea Alegre,Mombaça,False,145.6553,156.216667
Várzea Alegre,Morada Nova,False,311.7878,245.69
Várzea Alegre,Nova Russas,False,371.2067,374.12
Várzea Alegre,Novo Oriente,False,297.3936,314.158333
Várzea Alegre,Ocara,False,341.1119,325.396667
Várzea Alegre,Pacajus,False,425.7103,353.605
Várzea Alegre,Pacatuba,False,401.6136,383.845
Várzea Alegre,Paracuru,False,501.786,475.956667
Várzea Alegre,Paraipaba,False,506.1944,480.906667
Várzea Alegre,Parambu,False,268.2156,277.511667
Várzea Alegre,Pedra Branca,False,189.9014,205.348333
Várzea Alegre,Pentecoste,False,444.0345,461.93
Várzea Alegre,Quixadá,True,266.5308,251.918333
Várzea Alegre,Quixeramobim,False,229.96,253.018333
Várzea Alegre,Redenção,False,371.4821,365.43
Várzea Alegre,Russas,True,317.5496,253.14
Várzea Alegre,Santa Quitéria,False,363.0934,393.52
Várzea Alegre,Santana do Acaraú,False,477.2628,509.765
Várzea Alegre,Senador Pompeu,False,175.5041,191.55
Várzea Alegre,Sobral,True,449.3229,484.813333
Várzea Alegre,São Benedito,False,466.3767,465.31
Várzea Alegre,São Gonçalo do Amarante,False,473.8016,448.92
Várzea Alegre,Tabuleiro do Norte,False,277.6773,216.431667
Várzea Alegre,Tamboril,False,337.6171,366.093333
Várzea Alegre,Tauá,False,208.4173,232.378333
Várzea Alegre,Tianguá,False,506.5577,501.811667
Várzea Alegre,Trairi,False,538.0499,512.725
Várzea Alegre,Ubajara,False,490.2525,486.981667
Várzea Alegre,Viçosa do Ceará,False,537.5543,523.32
Várzea Alegre,Várzea Alegre,False,0.0,0.0
